2025-11-06 15:44:43,791 - INFO - 
🚀 Memulai setup dari flash disk...
2025-11-06 15:44:43,792 - INFO - Memindai drive removable (flash disk)...
2025-11-06 15:44:43,795 - INFO - Tidak ada drive removable yang terdeteksi.
2025-11-06 15:44:43,796 - INFO - 
Setup dari flash disk GAGAL. Program mungkin tidak berjalan normal.
2025-11-06 15:44:44,032 - INFO - ✅ OLED display initialized successfully
2025-11-06 15:44:44,764 - INFO - ✅ Connected to 192.168.0.7:502
2025-11-06 15:44:44,769 - INFO - ❌ UNEXPECTED exception (Input Loop): read_holding_registers() got an unexpected keyword argument 'device_id'
2025-11-06 15:44:44,774 - INFO - ✅ Emoney reader connected
2025-11-06 15:44:44,777 - INFO - ✅ RFID reader connected
2025-11-06 15:44:44,783 - INFO - ✅ LPR connected
2025-11-06 15:44:44,880 - INFO - ✅ Emoney reader connected
2025-11-06 15:44:44,882 - INFO - ✅ RFID reader connected
2025-11-06 15:44:44,983 - INFO - ✅ Emoney reader connected
2025-11-06 15:44:44,984 - INFO - ✅ RFID reader connected
2025-11-06 15:44:45,084 - INFO - ✅ Emoney reader connected
2025-11-06 15:44:45,086 - INFO - ✅ RFID reader connected
2025-11-06 15:44:45,186 - INFO - ✅ Emoney reader connected
2025-11-06 15:44:45,195 - INFO - ✅ RFID reader connected
2025-11-06 15:44:45,277 - INFO - ❌ UNEXPECTED exception (Input Loop): read_holding_registers() got an unexpected keyword argument 'device_id'
2025-11-06 15:44:45,287 - INFO - ✅ Emoney reader connected
2025-11-06 15:44:45,296 - INFO - ✅ RFID reader connected
2025-11-06 15:44:45,389 - INFO - ✅ Emoney reader connected
2025-11-06 15:44:45,398 - INFO - ✅ RFID reader connected
2025-11-06 15:44:45,491 - INFO - ✅ Emoney reader connected
2025-11-06 15:44:45,502 - INFO - ✅ RFID reader connected
2025-11-06 15:44:45,594 - INFO - ✅ Emoney reader connected
2025-11-06 15:44:45,605 - INFO - ✅ RFID reader connected
2025-11-06 15:44:45,696 - INFO - ✅ Emoney reader connected
2025-11-06 15:44:45,706 - INFO - ✅ RFID reader connected
2025-11-06 15:44:45,781 - INFO - ❌ UNEXPECTED exception (Input Loop): read_holding_registers() got an unexpected keyword argument 'device_id'
2025-11-06 15:44:45,805 - INFO - ✅ Emoney reader connected
2025-11-06 15:44:45,811 - INFO - ✅ RFID reader connected
2025-11-06 15:44:45,906 - INFO - ✅ Emoney reader connected
2025-11-06 15:44:45,914 - INFO - ✅ RFID reader connected
2025-11-06 15:44:46,008 - INFO - ✅ Emoney reader connected
2025-11-06 15:44:46,015 - INFO - ✅ RFID reader connected
2025-11-06 15:44:46,110 - INFO - ✅ Emoney reader connected
2025-11-06 15:44:46,117 - INFO - ✅ RFID reader connected
2025-11-06 15:44:46,211 - INFO - ✅ Emoney reader connected
2025-11-06 15:44:46,220 - INFO - ✅ RFID reader connected
2025-11-06 15:44:46,283 - INFO - ❌ UNEXPECTED exception (Input Loop): read_holding_registers() got an unexpected keyword argument 'device_id'
2025-11-06 15:44:46,313 - INFO - ✅ Emoney reader connected
2025-11-06 15:44:46,332 - INFO - ✅ RFID reader connected
2025-11-06 15:44:46,415 - INFO - ✅ Emoney reader connected
2025-11-06 15:44:46,433 - INFO - ✅ RFID reader connected
2025-11-06 15:44:46,518 - INFO - ✅ Emoney reader connected
2025-11-06 15:44:46,535 - INFO - ✅ RFID reader connected
2025-11-06 15:44:46,625 - INFO - ✅ Emoney reader connected
2025-11-06 15:44:46,637 - INFO - ✅ RFID reader connected
2025-11-06 15:44:46,726 - INFO - ✅ Emoney reader connected
2025-11-06 15:44:46,739 - INFO - ✅ RFID reader connected
2025-11-06 15:44:46,790 - INFO - ❌ UNEXPECTED exception (Input Loop): read_holding_registers() got an unexpected keyword argument 'device_id'
2025-11-06 15:44:46,828 - INFO - ✅ Emoney reader connected
2025-11-06 15:44:46,840 - INFO - ✅ RFID reader connected
2025-11-06 15:44:46,931 - INFO - ✅ Emoney reader connected
2025-11-06 15:44:46,942 - INFO - ✅ RFID reader connected
2025-11-06 15:44:47,032 - INFO - ✅ Emoney reader connected
2025-11-06 15:44:47,043 - INFO - ✅ RFID reader connected
2025-11-06 15:44:47,134 - INFO - ✅ Emoney reader connected
2025-11-06 15:44:47,145 - INFO - ✅ RFID reader connected
2025-11-06 15:44:47,237 - INFO - ✅ Emoney reader connected
2025-11-06 15:44:47,246 - INFO - ✅ RFID reader connected
2025-11-06 15:44:47,295 - INFO - ❌ UNEXPECTED exception (Input Loop): read_holding_registers() got an unexpected keyword argument 'device_id'
2025-11-06 15:44:47,339 - INFO - ✅ Emoney reader connected
2025-11-06 15:44:47,348 - INFO - ✅ RFID reader connected
2025-11-06 15:44:47,446 - INFO - ✅ Emoney reader connected
2025-11-06 15:44:47,449 - INFO - ✅ RFID reader connected
2025-11-06 15:44:47,548 - INFO - ✅ Emoney reader connected
2025-11-06 15:44:47,550 - INFO - ✅ RFID reader connected
2025-11-06 15:44:47,650 - INFO - ✅ Emoney reader connected
2025-11-06 15:44:47,652 - INFO - ✅ RFID reader connected
2025-11-06 15:44:47,754 - INFO - ✅ Emoney reader connected
2025-11-06 15:44:47,755 - INFO - ✅ RFID reader connected
2025-11-06 15:44:47,797 - INFO - ❌ UNEXPECTED exception (Input Loop): read_holding_registers() got an unexpected keyword argument 'device_id'
2025-11-06 15:44:47,856 - INFO - ✅ Emoney reader connected
2025-11-06 15:44:47,857 - INFO - ✅ RFID reader connected
2025-11-06 15:44:47,959 - INFO - ✅ Emoney reader connected
2025-11-06 15:44:47,959 - INFO - ✅ RFID reader connected
2025-11-06 15:44:48,061 - INFO - ✅ Emoney reader connected
2025-11-06 15:44:48,062 - INFO - ✅ RFID reader connected
2025-11-06 15:44:48,164 - INFO - ✅ Emoney reader connected
2025-11-06 15:44:48,164 - INFO - ✅ RFID reader connected
2025-11-06 15:44:48,267 - INFO - ✅ RFID reader connected
2025-11-06 15:44:48,268 - INFO - ✅ Emoney reader connected
2025-11-06 15:44:48,299 - INFO - ❌ UNEXPECTED exception (Input Loop): read_holding_registers() got an unexpected keyword argument 'device_id'
2025-11-06 15:44:48,369 - INFO - ✅ RFID reader connected
2025-11-06 15:44:48,370 - INFO - ✅ Emoney reader connected
2025-11-06 15:44:48,472 - INFO - ✅ RFID reader connected
2025-11-06 15:44:48,472 - INFO - ✅ Emoney reader connected
2025-11-06 15:44:48,574 - INFO - ✅ RFID reader connected
2025-11-06 15:44:48,575 - INFO - ✅ Emoney reader connected
2025-11-06 15:44:48,676 - INFO - ✅ RFID reader connected
2025-11-06 15:44:48,677 - INFO - ✅ Emoney reader connected
2025-11-06 15:44:48,779 - INFO - ✅ RFID reader connected
2025-11-06 15:44:48,780 - INFO - ✅ Emoney reader connected
2025-11-06 15:44:48,808 - INFO - ❌ UNEXPECTED exception (Input Loop): read_holding_registers() got an unexpected keyword argument 'device_id'
2025-11-06 15:44:48,881 - INFO - ✅ RFID reader connected
2025-11-06 15:44:48,883 - INFO - ✅ Emoney reader connected
2025-11-06 15:44:48,988 - INFO - ✅ Emoney reader connected
2025-11-06 15:44:48,989 - INFO - ✅ RFID reader connected
2025-11-06 15:44:49,091 - INFO - ✅ Emoney reader connected
2025-11-06 15:44:49,092 - INFO - ✅ RFID reader connected
2025-11-06 15:44:49,195 - INFO - ✅ Emoney reader connected
2025-11-06 15:44:49,195 - INFO - ✅ RFID reader connected
2025-11-06 15:44:49,297 - INFO - ✅ Emoney reader connected
2025-11-06 15:44:49,298 - INFO - ✅ RFID reader connected
2025-11-06 15:44:49,310 - INFO - ❌ UNEXPECTED exception (Input Loop): read_holding_registers() got an unexpected keyword argument 'device_id'
2025-11-06 15:44:49,400 - INFO - ✅ Emoney reader connected
2025-11-06 15:44:49,401 - INFO - ✅ RFID reader connected
2025-11-06 15:44:49,503 - INFO - ✅ Emoney reader connected
2025-11-06 15:44:49,504 - INFO - ✅ RFID reader connected
2025-11-06 15:44:49,605 - INFO - ✅ Emoney reader connected
2025-11-06 15:44:49,607 - INFO - ✅ RFID reader connected
2025-11-06 15:44:49,708 - INFO - ✅ Emoney reader connected
2025-11-06 15:44:49,709 - INFO - ✅ RFID reader connected
2025-11-06 15:44:49,813 - INFO - ✅ Emoney reader connected
2025-11-06 15:44:49,814 - INFO - ✅ RFID reader connected
2025-11-06 15:44:49,814 - INFO - ❌ UNEXPECTED exception (Input Loop): read_holding_registers() got an unexpected keyword argument 'device_id'
2025-11-06 15:44:49,917 - INFO - ✅ Emoney reader connected
2025-11-06 15:44:49,918 - INFO - ✅ RFID reader connected
2025-11-06 15:44:50,024 - INFO - ✅ Emoney reader connected
2025-11-06 15:44:50,025 - INFO - ✅ RFID reader connected
2025-11-06 15:44:50,128 - INFO - ✅ Emoney reader connected
2025-11-06 15:44:50,128 - INFO - ✅ RFID reader connected
2025-11-06 15:44:50,229 - INFO - ✅ Emoney reader connected
2025-11-06 15:44:50,230 - INFO - ✅ RFID reader connected
2025-11-06 15:44:50,318 - INFO - ❌ UNEXPECTED exception (Input Loop): read_holding_registers() got an unexpected keyword argument 'device_id'
2025-11-06 15:44:50,339 - INFO - ✅ Emoney reader connected
2025-11-06 15:44:50,340 - INFO - ✅ RFID reader connected
2025-11-06 15:44:50,441 - INFO - ✅ Emoney reader connected
2025-11-06 15:44:50,442 - INFO - ✅ RFID reader connected
2025-11-06 15:44:50,545 - INFO - ✅ Emoney reader connected
2025-11-06 15:44:50,547 - INFO - ✅ RFID reader connected
2025-11-06 15:44:50,648 - INFO - ✅ Emoney reader connected
2025-11-06 15:44:50,649 - INFO - ✅ RFID reader connected
2025-11-06 15:44:50,754 - INFO - ✅ Emoney reader connected
2025-11-06 15:44:50,756 - INFO - ✅ RFID reader connected
2025-11-06 15:44:50,820 - INFO - ❌ UNEXPECTED exception (Input Loop): read_holding_registers() got an unexpected keyword argument 'device_id'
2025-11-06 15:44:50,858 - INFO - ✅ Emoney reader connected
2025-11-06 15:44:50,860 - INFO - ✅ RFID reader connected
2025-11-06 15:44:50,961 - INFO - ✅ Emoney reader connected
2025-11-06 15:44:50,963 - INFO - ✅ RFID reader connected
2025-11-06 15:44:51,063 - INFO - ✅ Emoney reader connected
2025-11-06 15:44:51,065 - INFO - ✅ RFID reader connected
2025-11-06 15:44:51,167 - INFO - ✅ Emoney reader connected
2025-11-06 15:44:51,168 - INFO - ✅ RFID reader connected
2025-11-06 15:44:51,268 - INFO - ✅ Emoney reader connected
2025-11-06 15:44:51,270 - INFO - ✅ RFID reader connected
2025-11-06 15:44:51,324 - INFO - ❌ UNEXPECTED exception (Input Loop): read_holding_registers() got an unexpected keyword argument 'device_id'
2025-11-06 15:44:51,370 - INFO - ✅ Emoney reader connected
2025-11-06 15:44:51,375 - INFO - ✅ RFID reader connected
2025-11-06 15:44:51,473 - INFO - ✅ Emoney reader connected
2025-11-06 15:44:51,476 - INFO - ✅ RFID reader connected
2025-11-06 15:44:51,575 - INFO - ✅ Emoney reader connected
2025-11-06 15:44:51,578 - INFO - ✅ RFID reader connected
2025-11-06 15:44:51,680 - INFO - ✅ Emoney reader connected
2025-11-06 15:44:51,681 - INFO - ✅ RFID reader connected
2025-11-06 15:44:51,784 - INFO - ✅ Emoney reader connected
2025-11-06 15:44:51,784 - INFO - ✅ RFID reader connected
2025-11-06 15:44:51,828 - INFO - ❌ UNEXPECTED exception (Input Loop): read_holding_registers() got an unexpected keyword argument 'device_id'
2025-11-06 15:44:51,886 - INFO - ✅ Emoney reader connected
2025-11-06 15:44:51,887 - INFO - ✅ RFID reader connected
2025-11-06 15:44:51,989 - INFO - ✅ Emoney reader connected
2025-11-06 15:44:51,989 - INFO - ✅ RFID reader connected
2025-11-06 15:44:52,092 - INFO - ✅ Emoney reader connected
2025-11-06 15:44:52,092 - INFO - ✅ RFID reader connected
2025-11-06 15:44:52,195 - INFO - ✅ Emoney reader connected
2025-11-06 15:44:52,197 - INFO - ✅ RFID reader connected
2025-11-06 15:44:52,299 - INFO - ✅ Emoney reader connected
2025-11-06 15:44:52,300 - INFO - ✅ RFID reader connected
2025-11-06 15:44:52,331 - INFO - ❌ UNEXPECTED exception (Input Loop): read_holding_registers() got an unexpected keyword argument 'device_id'
2025-11-06 15:44:52,407 - INFO - ✅ Emoney reader connected
2025-11-06 15:44:52,411 - INFO - ✅ RFID reader connected
2025-11-06 15:44:52,509 - INFO - ✅ Emoney reader connected
2025-11-06 15:44:52,513 - INFO - ✅ RFID reader connected
2025-11-06 15:44:52,611 - INFO - ✅ Emoney reader connected
2025-11-06 15:44:52,614 - INFO - ✅ RFID reader connected
2025-11-06 15:44:52,713 - INFO - ✅ Emoney reader connected
2025-11-06 15:44:52,717 - INFO - ✅ RFID reader connected
2025-11-06 15:44:52,814 - INFO - ✅ Emoney reader connected
2025-11-06 15:44:52,818 - INFO - ✅ RFID reader connected
2025-11-06 15:44:52,834 - INFO - ❌ UNEXPECTED exception (Input Loop): read_holding_registers() got an unexpected keyword argument 'device_id'
2025-11-06 15:44:52,916 - INFO - ✅ Emoney reader connected
2025-11-06 15:44:52,927 - INFO - ✅ RFID reader connected
2025-11-06 15:44:53,018 - INFO - ✅ Emoney reader connected
2025-11-06 15:44:53,028 - INFO - ✅ RFID reader connected
2025-11-06 15:44:53,119 - INFO - ✅ Emoney reader connected
2025-11-06 15:44:53,131 - INFO - ✅ RFID reader connected
2025-11-06 15:44:53,221 - INFO - ✅ Emoney reader connected
2025-11-06 15:44:53,233 - INFO - ✅ RFID reader connected
2025-11-06 15:44:53,323 - INFO - ✅ Emoney reader connected
2025-11-06 15:44:53,335 - INFO - ✅ RFID reader connected
2025-11-06 15:44:53,341 - INFO - ❌ UNEXPECTED exception (Input Loop): read_holding_registers() got an unexpected keyword argument 'device_id'
2025-11-06 15:44:53,425 - INFO - ✅ Emoney reader connected
2025-11-06 15:44:53,444 - INFO - ✅ RFID reader connected
2025-11-06 15:44:53,527 - INFO - ✅ Emoney reader connected
2025-11-06 15:44:53,546 - INFO - ✅ RFID reader connected
2025-11-06 15:44:53,628 - INFO - ✅ Emoney reader connected
2025-11-06 15:44:53,648 - INFO - ✅ RFID reader connected
2025-11-06 15:44:53,729 - INFO - ✅ Emoney reader connected
2025-11-06 15:44:53,751 - INFO - ✅ RFID reader connected
2025-11-06 15:44:53,831 - INFO - ✅ Emoney reader connected
2025-11-06 15:44:53,844 - INFO - ❌ UNEXPECTED exception (Input Loop): read_holding_registers() got an unexpected keyword argument 'device_id'
2025-11-06 15:44:53,858 - INFO - ✅ RFID reader connected
2025-11-06 15:44:53,937 - INFO - ✅ Emoney reader connected
2025-11-06 15:44:53,960 - INFO - ✅ RFID reader connected
2025-11-06 15:44:54,040 - INFO - ✅ Emoney reader connected
2025-11-06 15:44:54,063 - INFO - ✅ RFID reader connected
2025-11-06 15:44:54,142 - INFO - ✅ Emoney reader connected
2025-11-06 15:44:54,164 - INFO - ✅ RFID reader connected
2025-11-06 15:44:54,244 - INFO - ✅ Emoney reader connected
2025-11-06 15:44:54,266 - INFO - ✅ RFID reader connected
2025-11-06 15:44:54,346 - INFO - ✅ Emoney reader connected
2025-11-06 15:44:54,347 - INFO - ❌ UNEXPECTED exception (Input Loop): read_holding_registers() got an unexpected keyword argument 'device_id'
2025-11-06 15:44:54,368 - INFO - ✅ RFID reader connected
2025-11-06 15:44:54,449 - INFO - ✅ Emoney reader connected
2025-11-06 15:44:54,469 - INFO - ✅ RFID reader connected
2025-11-06 15:44:54,551 - INFO - ✅ Emoney reader connected
2025-11-06 15:44:54,571 - INFO - ✅ RFID reader connected
2025-11-06 15:44:54,653 - INFO - ✅ Emoney reader connected
2025-11-06 15:44:54,673 - INFO - ✅ RFID reader connected
2025-11-06 15:44:54,755 - INFO - ✅ Emoney reader connected
2025-11-06 15:44:54,774 - INFO - ✅ RFID reader connected
2025-11-06 15:44:54,851 - INFO - ❌ UNEXPECTED exception (Input Loop): read_holding_registers() got an unexpected keyword argument 'device_id'
2025-11-06 15:44:54,858 - INFO - ✅ Emoney reader connected
2025-11-06 15:44:54,876 - INFO - ✅ RFID reader connected
2025-11-06 15:44:54,960 - INFO - ✅ Emoney reader connected
2025-11-06 15:44:54,978 - INFO - ✅ RFID reader connected
2025-11-06 15:44:55,062 - INFO - ✅ Emoney reader connected
2025-11-06 15:44:55,080 - INFO - ✅ RFID reader connected
2025-11-06 15:44:55,168 - INFO - ✅ Emoney reader connected
2025-11-06 15:44:55,182 - INFO - ✅ RFID reader connected
2025-11-06 15:44:55,270 - INFO - ✅ Emoney reader connected
2025-11-06 15:44:55,283 - INFO - ✅ RFID reader connected
2025-11-06 15:44:55,353 - INFO - ❌ UNEXPECTED exception (Input Loop): read_holding_registers() got an unexpected keyword argument 'device_id'
2025-11-06 15:44:55,372 - INFO - ✅ Emoney reader connected
2025-11-06 15:44:55,385 - INFO - ✅ RFID reader connected
2025-11-06 15:44:55,475 - INFO - ✅ Emoney reader connected
2025-11-06 15:44:55,491 - INFO - ✅ RFID reader connected
2025-11-06 15:44:55,577 - INFO - ✅ Emoney reader connected
2025-11-06 15:44:55,593 - INFO - ✅ RFID reader connected
2025-11-06 15:44:55,678 - INFO - ✅ Emoney reader connected
2025-11-06 15:44:55,695 - INFO - ✅ RFID reader connected
2025-11-06 15:44:55,786 - INFO - ✅ Emoney reader connected
2025-11-06 15:44:55,797 - INFO - ✅ RFID reader connected
2025-11-06 15:44:55,856 - INFO - ❌ UNEXPECTED exception (Input Loop): read_holding_registers() got an unexpected keyword argument 'device_id'
2025-11-06 15:44:55,888 - INFO - ✅ Emoney reader connected
2025-11-06 15:44:55,899 - INFO - ✅ RFID reader connected
2025-11-06 15:44:55,990 - INFO - ✅ Emoney reader connected
2025-11-06 15:44:56,002 - INFO - ✅ RFID reader connected
2025-11-06 15:44:56,091 - INFO - ✅ Emoney reader connected
2025-11-06 15:44:56,103 - INFO - ✅ RFID reader connected
2025-11-06 15:44:56,193 - INFO - ✅ Emoney reader connected
2025-11-06 15:44:56,205 - INFO - ✅ RFID reader connected
2025-11-06 15:44:56,298 - INFO - ✅ Emoney reader connected
2025-11-06 15:44:56,307 - INFO - ✅ RFID reader connected
2025-11-06 15:44:56,361 - INFO - ❌ UNEXPECTED exception (Input Loop): read_holding_registers() got an unexpected keyword argument 'device_id'
2025-11-06 15:44:56,401 - INFO - ✅ Emoney reader connected
2025-11-06 15:44:56,411 - INFO - ✅ RFID reader connected
2025-11-06 15:44:56,506 - INFO - ✅ Emoney reader connected
2025-11-06 15:44:56,513 - INFO - ✅ RFID reader connected
2025-11-06 15:44:56,609 - INFO - ✅ Emoney reader connected
2025-11-06 15:44:56,616 - INFO - ✅ RFID reader connected
2025-11-06 15:44:56,711 - INFO - ✅ Emoney reader connected
2025-11-06 15:44:56,720 - INFO - ✅ RFID reader connected
2025-11-06 15:44:56,813 - INFO - ✅ Emoney reader connected
2025-11-06 15:44:56,823 - INFO - ✅ RFID reader connected
2025-11-06 15:44:56,864 - INFO - ❌ UNEXPECTED exception (Input Loop): read_holding_registers() got an unexpected keyword argument 'device_id'
2025-11-06 15:44:56,915 - INFO - ✅ Emoney reader connected
2025-11-06 15:44:56,924 - INFO - ✅ RFID reader connected
2025-11-06 15:44:57,017 - INFO - ✅ Emoney reader connected
2025-11-06 15:44:57,033 - INFO - ✅ RFID reader connected
2025-11-06 15:44:57,120 - INFO - ✅ Emoney reader connected
2025-11-06 15:44:57,134 - INFO - ✅ RFID reader connected
2025-11-06 15:44:57,223 - INFO - ✅ Emoney reader connected
2025-11-06 15:44:57,238 - INFO - ✅ RFID reader connected
2025-11-06 15:44:57,325 - INFO - ✅ Emoney reader connected
2025-11-06 15:44:57,340 - INFO - ✅ RFID reader connected
2025-11-06 15:44:57,367 - INFO - ❌ UNEXPECTED exception (Input Loop): read_holding_registers() got an unexpected keyword argument 'device_id'
2025-11-06 15:44:57,427 - INFO - ✅ Emoney reader connected
2025-11-06 15:44:57,443 - INFO - ✅ RFID reader connected
2025-11-06 15:44:57,530 - INFO - ✅ Emoney reader connected
2025-11-06 15:44:57,544 - INFO - ✅ RFID reader connected
2025-11-06 15:44:57,635 - INFO - ✅ Emoney reader connected
2025-11-06 15:44:57,651 - INFO - ✅ RFID reader connected
2025-11-06 15:44:57,738 - INFO - ✅ Emoney reader connected
2025-11-06 15:44:57,752 - INFO - ✅ RFID reader connected
2025-11-06 15:44:57,843 - INFO - ✅ Emoney reader connected
2025-11-06 15:44:57,854 - INFO - ✅ RFID reader connected
2025-11-06 15:44:57,869 - INFO - ❌ UNEXPECTED exception (Input Loop): read_holding_registers() got an unexpected keyword argument 'device_id'
2025-11-06 15:44:57,947 - INFO - ✅ Emoney reader connected
2025-11-06 15:44:57,955 - INFO - ✅ RFID reader connected
2025-11-06 15:44:58,049 - INFO - ✅ Emoney reader connected
2025-11-06 15:44:58,059 - INFO - ✅ RFID reader connected
2025-11-06 15:44:58,151 - INFO - ✅ Emoney reader connected
2025-11-06 15:44:58,172 - INFO - ✅ RFID reader connected
2025-11-06 15:44:58,253 - INFO - ✅ Emoney reader connected
2025-11-06 15:44:58,273 - INFO - ✅ RFID reader connected
2025-11-06 15:44:58,355 - INFO - ✅ Emoney reader connected
2025-11-06 15:44:58,371 - INFO - ❌ UNEXPECTED exception (Input Loop): read_holding_registers() got an unexpected keyword argument 'device_id'
2025-11-06 15:44:58,375 - INFO - ✅ RFID reader connected
2025-11-06 15:44:58,457 - INFO - ✅ Emoney reader connected
2025-11-06 15:44:58,477 - INFO - ✅ RFID reader connected
2025-11-06 15:44:58,560 - INFO - ✅ Emoney reader connected
2025-11-06 15:44:58,582 - INFO - ✅ RFID reader connected
2025-11-06 15:44:58,662 - INFO - ✅ Emoney reader connected
2025-11-06 15:44:58,685 - INFO - ✅ RFID reader connected
2025-11-06 15:44:58,764 - INFO - ✅ Emoney reader connected
2025-11-06 15:44:58,792 - INFO - ✅ RFID reader connected
2025-11-06 15:44:58,866 - INFO - ✅ Emoney reader connected
2025-11-06 15:44:58,874 - INFO - ❌ UNEXPECTED exception (Input Loop): read_holding_registers() got an unexpected keyword argument 'device_id'
2025-11-06 15:44:58,895 - INFO - ✅ RFID reader connected
2025-11-06 15:44:58,968 - INFO - ✅ Emoney reader connected
2025-11-06 15:44:58,996 - INFO - ✅ RFID reader connected
2025-11-06 15:44:59,071 - INFO - ✅ Emoney reader connected
2025-11-06 15:44:59,104 - INFO - ✅ RFID reader connected
2025-11-06 15:44:59,173 - INFO - ✅ Emoney reader connected
2025-11-06 15:44:59,205 - INFO - ✅ RFID reader connected
2025-11-06 15:44:59,275 - INFO - ✅ Emoney reader connected
2025-11-06 15:44:59,310 - INFO - ✅ RFID reader connected
2025-11-06 15:44:59,377 - INFO - ✅ Emoney reader connected
2025-11-06 15:44:59,382 - INFO - ❌ UNEXPECTED exception (Input Loop): read_holding_registers() got an unexpected keyword argument 'device_id'
2025-11-06 15:44:59,412 - INFO - ✅ RFID reader connected
2025-11-06 15:44:59,479 - INFO - ✅ Emoney reader connected
2025-11-06 15:44:59,514 - INFO - ✅ RFID reader connected
2025-11-06 15:44:59,582 - INFO - ✅ Emoney reader connected
2025-11-06 15:44:59,615 - INFO - ✅ RFID reader connected
2025-11-06 15:44:59,683 - INFO - ✅ Emoney reader connected
2025-11-06 15:44:59,717 - INFO - ✅ RFID reader connected
2025-11-06 15:44:59,786 - INFO - ✅ Emoney reader connected
2025-11-06 15:44:59,818 - INFO - ✅ RFID reader connected
2025-11-06 15:44:59,885 - INFO - ❌ UNEXPECTED exception (Input Loop): read_holding_registers() got an unexpected keyword argument 'device_id'
2025-11-06 15:44:59,893 - INFO - ✅ Emoney reader connected
2025-11-06 15:44:59,922 - INFO - ✅ RFID reader connected
2025-11-06 15:44:59,996 - INFO - ✅ Emoney reader connected
2025-11-06 15:45:00,025 - INFO - ✅ RFID reader connected
2025-11-06 15:45:00,100 - INFO - ✅ Emoney reader connected
2025-11-06 15:45:00,127 - INFO - ✅ RFID reader connected
2025-11-06 15:45:00,202 - INFO - ✅ Emoney reader connected
2025-11-06 15:45:00,229 - INFO - ✅ RFID reader connected
2025-11-06 15:45:00,305 - INFO - ✅ Emoney reader connected
2025-11-06 15:45:00,332 - INFO - ✅ RFID reader connected
2025-11-06 15:45:00,388 - INFO - ❌ UNEXPECTED exception (Input Loop): read_holding_registers() got an unexpected keyword argument 'device_id'
2025-11-06 15:45:00,412 - INFO - ✅ Emoney reader connected
2025-11-06 15:45:00,438 - INFO - ✅ RFID reader connected
2025-11-06 15:45:00,515 - INFO - ✅ Emoney reader connected
2025-11-06 15:45:00,540 - INFO - ✅ RFID reader connected
2025-11-06 15:45:00,617 - INFO - ✅ Emoney reader connected
2025-11-06 15:45:00,642 - INFO - ✅ RFID reader connected
2025-11-06 15:45:00,718 - INFO - ✅ Emoney reader connected
2025-11-06 15:45:00,749 - INFO - ✅ RFID reader connected
2025-11-06 15:45:00,820 - INFO - ✅ Emoney reader connected
2025-11-06 15:45:00,851 - INFO - ✅ RFID reader connected
2025-11-06 15:45:00,891 - INFO - ❌ UNEXPECTED exception (Input Loop): read_holding_registers() got an unexpected keyword argument 'device_id'
2025-11-06 15:45:00,924 - INFO - ✅ Emoney reader connected
2025-11-06 15:45:00,953 - INFO - ✅ RFID reader connected
2025-11-06 15:45:01,028 - INFO - ✅ Emoney reader connected
2025-11-06 15:45:01,059 - INFO - ✅ RFID reader connected
2025-11-06 15:45:01,131 - INFO - ✅ Emoney reader connected
2025-11-06 15:45:01,162 - INFO - ✅ RFID reader connected
2025-11-06 15:45:01,240 - INFO - ✅ Emoney reader connected
2025-11-06 15:45:01,266 - INFO - ✅ RFID reader connected
2025-11-06 15:45:01,342 - INFO - ✅ Emoney reader connected
2025-11-06 15:45:01,368 - INFO - ✅ RFID reader connected
2025-11-06 15:45:01,393 - INFO - ❌ UNEXPECTED exception (Input Loop): read_holding_registers() got an unexpected keyword argument 'device_id'
2025-11-06 15:45:01,452 - INFO - ✅ Emoney reader connected
2025-11-06 15:45:01,470 - INFO - ✅ RFID reader connected
2025-11-06 15:45:01,557 - INFO - ✅ Emoney reader connected
2025-11-06 15:45:01,572 - INFO - ✅ RFID reader connected
2025-11-06 15:45:01,660 - INFO - ✅ Emoney reader connected
2025-11-06 15:45:01,674 - INFO - ✅ RFID reader connected
2025-11-06 15:45:01,762 - INFO - ✅ Emoney reader connected
2025-11-06 15:45:01,776 - INFO - ✅ RFID reader connected
2025-11-06 15:45:01,863 - INFO - ✅ Emoney reader connected
2025-11-06 15:45:01,881 - INFO - ✅ RFID reader connected
2025-11-06 15:45:01,895 - INFO - ❌ UNEXPECTED exception (Input Loop): read_holding_registers() got an unexpected keyword argument 'device_id'
2025-11-06 15:45:01,967 - INFO - ✅ Emoney reader connected
2025-11-06 15:45:01,986 - INFO - ✅ RFID reader connected
2025-11-06 15:45:02,069 - INFO - ✅ Emoney reader connected
2025-11-06 15:45:02,089 - INFO - ✅ RFID reader connected
2025-11-06 15:45:02,172 - INFO - ✅ Emoney reader connected
2025-11-06 15:45:02,191 - INFO - ✅ RFID reader connected
2025-11-06 15:45:02,274 - INFO - ✅ Emoney reader connected
2025-11-06 15:45:02,293 - INFO - ✅ RFID reader connected
2025-11-06 15:45:02,376 - INFO - ✅ Emoney reader connected
2025-11-06 15:45:02,396 - INFO - ✅ RFID reader connected
2025-11-06 15:45:02,398 - INFO - ❌ UNEXPECTED exception (Input Loop): read_holding_registers() got an unexpected keyword argument 'device_id'
2025-11-06 15:45:02,477 - INFO - ✅ Emoney reader connected
2025-11-06 15:45:02,500 - INFO - ✅ RFID reader connected
2025-11-06 15:45:02,580 - INFO - ✅ Emoney reader connected
2025-11-06 15:45:02,601 - INFO - ✅ RFID reader connected
2025-11-06 15:45:02,681 - INFO - ✅ Emoney reader connected
2025-11-06 15:45:02,704 - INFO - ✅ RFID reader connected
2025-11-06 15:45:02,784 - INFO - ✅ Emoney reader connected
2025-11-06 15:45:02,805 - INFO - ✅ RFID reader connected
2025-11-06 15:45:02,886 - INFO - ✅ Emoney reader connected
2025-11-06 15:45:02,905 - INFO - ❌ UNEXPECTED exception (Input Loop): read_holding_registers() got an unexpected keyword argument 'device_id'
2025-11-06 15:45:02,907 - INFO - ✅ RFID reader connected
2025-11-06 15:45:02,991 - INFO - ✅ Emoney reader connected
2025-11-06 15:45:03,009 - INFO - ✅ RFID reader connected
2025-11-06 15:45:03,095 - INFO - ✅ Emoney reader connected
2025-11-06 15:45:03,114 - INFO - ✅ RFID reader connected
2025-11-06 15:45:03,197 - INFO - ✅ Emoney reader connected
2025-11-06 15:45:03,216 - INFO - ✅ RFID reader connected
2025-11-06 15:45:03,304 - INFO - ✅ Emoney reader connected
2025-11-06 15:45:03,318 - INFO - ✅ RFID reader connected
2025-11-06 15:45:03,406 - INFO - ✅ Emoney reader connected
2025-11-06 15:45:03,407 - INFO - ❌ UNEXPECTED exception (Input Loop): read_holding_registers() got an unexpected keyword argument 'device_id'
2025-11-06 15:45:03,426 - INFO - ✅ RFID reader connected
2025-11-06 15:45:03,508 - INFO - ✅ Emoney reader connected
2025-11-06 15:45:03,529 - INFO - ✅ RFID reader connected
2025-11-06 15:45:03,610 - INFO - ✅ Emoney reader connected
2025-11-06 15:45:03,631 - INFO - ✅ RFID reader connected
2025-11-06 15:45:03,712 - INFO - ✅ Emoney reader connected
2025-11-06 15:45:03,734 - INFO - ✅ RFID reader connected
2025-11-06 15:45:03,816 - INFO - ✅ Emoney reader connected
2025-11-06 15:45:03,836 - INFO - ✅ RFID reader connected
2025-11-06 15:45:03,910 - INFO - ❌ UNEXPECTED exception (Input Loop): read_holding_registers() got an unexpected keyword argument 'device_id'
2025-11-06 15:45:03,919 - INFO - ✅ Emoney reader connected
2025-11-06 15:45:03,938 - INFO - ✅ RFID reader connected
2025-11-06 15:45:04,021 - INFO - ✅ Emoney reader connected
2025-11-06 15:45:04,040 - INFO - ✅ RFID reader connected
2025-11-06 15:45:04,123 - INFO - ✅ Emoney reader connected
2025-11-06 15:45:04,143 - INFO - ✅ RFID reader connected
2025-11-06 15:45:04,225 - INFO - ✅ Emoney reader connected
2025-11-06 15:45:04,244 - INFO - ✅ RFID reader connected
2025-11-06 15:45:04,328 - INFO - ✅ Emoney reader connected
2025-11-06 15:45:04,346 - INFO - ✅ RFID reader connected
2025-11-06 15:45:04,412 - INFO - ❌ UNEXPECTED exception (Input Loop): read_holding_registers() got an unexpected keyword argument 'device_id'
2025-11-06 15:45:04,431 - INFO - ✅ Emoney reader connected
2025-11-06 15:45:04,448 - INFO - ✅ RFID reader connected
2025-11-06 15:45:04,533 - INFO - ✅ Emoney reader connected
2025-11-06 15:45:04,549 - INFO - ✅ RFID reader connected
2025-11-06 15:45:04,640 - INFO - ✅ Emoney reader connected
2025-11-06 15:45:04,652 - INFO - ✅ RFID reader connected
2025-11-06 15:45:04,743 - INFO - ✅ Emoney reader connected
2025-11-06 15:45:04,756 - INFO - ✅ RFID reader connected
2025-11-06 15:45:04,845 - INFO - ✅ Emoney reader connected
2025-11-06 15:45:04,859 - INFO - ✅ RFID reader connected
2025-11-06 15:45:04,914 - INFO - ❌ UNEXPECTED exception (Input Loop): read_holding_registers() got an unexpected keyword argument 'device_id'
2025-11-06 15:45:04,949 - INFO - ✅ Emoney reader connected
2025-11-06 15:45:04,961 - INFO - ✅ RFID reader connected
2025-11-06 15:45:05,050 - INFO - ✅ Emoney reader connected
2025-11-06 15:45:05,063 - INFO - ✅ RFID reader connected
2025-11-06 15:45:05,153 - INFO - ✅ Emoney reader connected
2025-11-06 15:45:05,164 - INFO - ✅ RFID reader connected
2025-11-06 15:45:05,256 - INFO - ✅ Emoney reader connected
2025-11-06 15:45:05,266 - INFO - ✅ RFID reader connected
2025-11-06 15:45:05,357 - INFO - ✅ Emoney reader connected
2025-11-06 15:45:05,373 - INFO - ✅ RFID reader connected
2025-11-06 15:45:05,416 - INFO - ❌ UNEXPECTED exception (Input Loop): read_holding_registers() got an unexpected keyword argument 'device_id'
2025-11-06 15:45:05,460 - INFO - ✅ Emoney reader connected
2025-11-06 15:45:05,475 - INFO - ✅ RFID reader connected
2025-11-06 15:45:05,562 - INFO - ✅ Emoney reader connected
2025-11-06 15:45:05,576 - INFO - ✅ RFID reader connected
2025-11-06 15:45:05,665 - INFO - ✅ Emoney reader connected
2025-11-06 15:45:05,679 - INFO - ✅ RFID reader connected
2025-11-06 15:45:05,767 - INFO - ✅ Emoney reader connected
2025-11-06 15:45:05,780 - INFO - ✅ RFID reader connected
2025-11-06 15:45:05,869 - INFO - ✅ Emoney reader connected
2025-11-06 15:45:05,882 - INFO - ✅ RFID reader connected
2025-11-06 15:45:05,918 - INFO - ❌ UNEXPECTED exception (Input Loop): read_holding_registers() got an unexpected keyword argument 'device_id'
2025-11-06 15:45:05,970 - INFO - ✅ Emoney reader connected
2025-11-06 15:45:05,984 - INFO - ✅ RFID reader connected
2025-11-06 15:45:06,073 - INFO - ✅ Emoney reader connected
2025-11-06 15:45:06,087 - INFO - ✅ RFID reader connected
2025-11-06 15:45:06,175 - INFO - ✅ Emoney reader connected
2025-11-06 15:45:06,189 - INFO - ✅ RFID reader connected
2025-11-06 15:45:06,276 - INFO - ✅ Emoney reader connected
2025-11-06 15:45:06,291 - INFO - ✅ RFID reader connected
2025-11-06 15:45:06,379 - INFO - ✅ Emoney reader connected
2025-11-06 15:45:06,393 - INFO - ✅ RFID reader connected
2025-11-06 15:45:06,420 - INFO - ❌ UNEXPECTED exception (Input Loop): read_holding_registers() got an unexpected keyword argument 'device_id'
2025-11-06 15:45:06,481 - INFO - ✅ Emoney reader connected
2025-11-06 15:45:06,496 - INFO - ✅ RFID reader connected
2025-11-06 15:45:06,587 - INFO - ✅ Emoney reader connected
2025-11-06 15:45:06,598 - INFO - ✅ RFID reader connected
2025-11-06 15:45:06,689 - INFO - ✅ Emoney reader connected
2025-11-06 15:45:06,700 - INFO - ✅ RFID reader connected
2025-11-06 15:45:06,792 - INFO - ✅ Emoney reader connected
2025-11-06 15:45:06,808 - INFO - ✅ RFID reader connected
2025-11-06 15:45:06,895 - INFO - ✅ Emoney reader connected
2025-11-06 15:45:06,915 - INFO - ✅ RFID reader connected
2025-11-06 15:45:06,923 - INFO - ❌ UNEXPECTED exception (Input Loop): read_holding_registers() got an unexpected keyword argument 'device_id'
2025-11-06 15:45:06,997 - INFO - ✅ Emoney reader connected
2025-11-06 15:45:07,019 - INFO - ✅ RFID reader connected
2025-11-06 15:45:07,098 - INFO - ✅ Emoney reader connected
2025-11-06 15:45:07,121 - INFO - ✅ RFID reader connected
2025-11-06 15:45:07,200 - INFO - ✅ Emoney reader connected
2025-11-06 15:45:07,225 - INFO - ✅ RFID reader connected
2025-11-06 15:45:07,301 - INFO - ✅ Emoney reader connected
2025-11-06 15:45:07,327 - INFO - ✅ RFID reader connected
2025-11-06 15:45:07,403 - INFO - ✅ Emoney reader connected
2025-11-06 15:45:07,426 - INFO - ❌ UNEXPECTED exception (Input Loop): read_holding_registers() got an unexpected keyword argument 'device_id'
2025-11-06 15:45:07,434 - INFO - ✅ RFID reader connected
2025-11-06 15:45:07,505 - INFO - ✅ Emoney reader connected
2025-11-06 15:45:07,535 - INFO - ✅ RFID reader connected
2025-11-06 15:45:07,606 - INFO - ✅ Emoney reader connected
2025-11-06 15:45:07,638 - INFO - ✅ RFID reader connected
2025-11-06 15:45:07,708 - INFO - ✅ Emoney reader connected
2025-11-06 15:45:07,746 - INFO - ✅ RFID reader connected
2025-11-06 15:45:07,811 - INFO - ✅ Emoney reader connected
2025-11-06 15:45:07,848 - INFO - ✅ RFID reader connected
2025-11-06 15:45:07,913 - INFO - ✅ Emoney reader connected
2025-11-06 15:45:07,928 - INFO - ❌ UNEXPECTED exception (Input Loop): read_holding_registers() got an unexpected keyword argument 'device_id'
2025-11-06 15:45:07,950 - INFO - ✅ RFID reader connected
2025-11-06 15:45:08,020 - INFO - ✅ Emoney reader connected
2025-11-06 15:45:08,052 - INFO - ✅ RFID reader connected
2025-11-06 15:45:08,121 - INFO - ✅ Emoney reader connected
2025-11-06 15:45:08,154 - INFO - ✅ RFID reader connected
2025-11-06 15:45:08,223 - INFO - ✅ Emoney reader connected
2025-11-06 15:45:08,255 - INFO - ✅ RFID reader connected
2025-11-06 15:45:08,327 - INFO - ✅ Emoney reader connected
2025-11-06 15:45:08,363 - INFO - ✅ RFID reader connected
2025-11-06 15:45:08,430 - INFO - ✅ Emoney reader connected
2025-11-06 15:45:08,432 - INFO - ❌ UNEXPECTED exception (Input Loop): read_holding_registers() got an unexpected keyword argument 'device_id'
2025-11-06 15:45:08,465 - INFO - ✅ RFID reader connected
2025-11-06 15:45:08,534 - INFO - ✅ Emoney reader connected
2025-11-06 15:45:08,567 - INFO - ✅ RFID reader connected
2025-11-06 15:45:08,640 - INFO - ✅ Emoney reader connected
2025-11-06 15:45:08,672 - INFO - ✅ RFID reader connected
2025-11-06 15:45:08,743 - INFO - ✅ Emoney reader connected
2025-11-06 15:45:08,774 - INFO - ✅ RFID reader connected
2025-11-06 15:45:08,846 - INFO - ✅ Emoney reader connected
2025-11-06 15:45:08,876 - INFO - ✅ RFID reader connected
2025-11-06 15:45:08,936 - INFO - ❌ UNEXPECTED exception (Input Loop): read_holding_registers() got an unexpected keyword argument 'device_id'
2025-11-06 15:45:08,953 - INFO - ✅ Emoney reader connected
2025-11-06 15:45:08,981 - INFO - ✅ RFID reader connected
2025-11-06 15:45:09,055 - INFO - ✅ Emoney reader connected
2025-11-06 15:45:09,083 - INFO - ✅ RFID reader connected
2025-11-06 15:45:09,159 - INFO - ✅ Emoney reader connected
2025-11-06 15:45:09,188 - INFO - ✅ RFID reader connected
2025-11-06 15:45:09,261 - INFO - ✅ Emoney reader connected
2025-11-06 15:45:09,290 - INFO - ✅ RFID reader connected
2025-11-06 15:45:09,364 - INFO - ✅ Emoney reader connected
2025-11-06 15:45:09,391 - INFO - ✅ RFID reader connected
2025-11-06 15:45:09,439 - INFO - ❌ UNEXPECTED exception (Input Loop): read_holding_registers() got an unexpected keyword argument 'device_id'
2025-11-06 15:45:09,470 - INFO - ✅ Emoney reader connected
2025-11-06 15:45:09,497 - INFO - ✅ RFID reader connected
2025-11-06 15:45:09,572 - INFO - ✅ Emoney reader connected
2025-11-06 15:45:09,598 - INFO - ✅ RFID reader connected
2025-11-06 15:47:07,752 - INFO - 
🚀 Memulai setup dari flash disk...
2025-11-06 15:47:07,753 - INFO - Memindai drive removable (flash disk)...
2025-11-06 15:47:07,756 - INFO - Tidak ada drive removable yang terdeteksi.
2025-11-06 15:47:07,757 - INFO - 
Setup dari flash disk GAGAL. Program mungkin tidak berjalan normal.
2025-11-06 15:47:07,983 - INFO - ✅ OLED display initialized successfully
2025-11-06 15:47:08,514 - INFO - ✅ Connected to 192.168.0.7:502
2025-11-06 15:47:08,516 - INFO - ❌ UNEXPECTED exception (Input Loop): read_holding_registers() got an unexpected keyword argument 'device_id'
2025-11-06 15:47:08,519 - INFO - ✅ Emoney reader connected
2025-11-06 15:47:08,520 - INFO - ✅ RFID reader connected
2025-11-06 15:47:08,530 - INFO - ✅ LPR connected
2025-11-06 15:47:08,628 - INFO - ✅ Emoney reader connected
2025-11-06 15:47:08,630 - INFO - ✅ RFID reader connected
2025-11-06 15:47:08,732 - INFO - ✅ Emoney reader connected
2025-11-06 15:47:08,733 - INFO - ✅ RFID reader connected
2025-11-06 15:47:08,836 - INFO - ✅ Emoney reader connected
2025-11-06 15:47:08,837 - INFO - ✅ RFID reader connected
2025-11-06 15:47:08,938 - INFO - ✅ Emoney reader connected
2025-11-06 15:47:08,940 - INFO - ✅ RFID reader connected
2025-11-06 15:47:09,024 - INFO - ❌ UNEXPECTED exception (Input Loop): read_holding_registers() got an unexpected keyword argument 'device_id'
2025-11-06 15:47:09,042 - INFO - ✅ Emoney reader connected
2025-11-06 15:47:09,043 - INFO - ✅ RFID reader connected
2025-11-06 15:47:09,145 - INFO - ✅ Emoney reader connected
2025-11-06 15:47:09,146 - INFO - ✅ RFID reader connected
2025-11-06 15:47:09,249 - INFO - ✅ Emoney reader connected
2025-11-06 15:47:09,249 - INFO - ✅ RFID reader connected
2025-11-06 15:47:09,351 - INFO - ✅ Emoney reader connected
2025-11-06 15:47:09,352 - INFO - ✅ RFID reader connected
2025-11-06 15:47:09,459 - INFO - ✅ Emoney reader connected
2025-11-06 15:47:09,460 - INFO - ✅ RFID reader connected
2025-11-06 15:47:09,526 - INFO - ❌ UNEXPECTED exception (Input Loop): read_holding_registers() got an unexpected keyword argument 'device_id'
2025-11-06 15:47:09,562 - INFO - ✅ Emoney reader connected
2025-11-06 15:47:09,562 - INFO - ✅ RFID reader connected
2025-11-06 15:47:09,664 - INFO - ✅ Emoney reader connected
2025-11-06 15:47:09,665 - INFO - ✅ RFID reader connected
2025-11-06 15:47:09,766 - INFO - ✅ Emoney reader connected
2025-11-06 15:47:09,767 - INFO - ✅ RFID reader connected
2025-11-06 15:47:09,868 - INFO - ✅ Emoney reader connected
2025-11-06 15:47:09,869 - INFO - ✅ RFID reader connected
2025-11-06 15:47:09,971 - INFO - ✅ Emoney reader connected
2025-11-06 15:47:09,972 - INFO - ✅ RFID reader connected
2025-11-06 15:47:10,028 - INFO - ❌ UNEXPECTED exception (Input Loop): read_holding_registers() got an unexpected keyword argument 'device_id'
2025-11-06 15:47:10,075 - INFO - ✅ Emoney reader connected
2025-11-06 15:47:10,076 - INFO - ✅ RFID reader connected
2025-11-06 15:47:10,178 - INFO - ✅ Emoney reader connected
2025-11-06 15:47:10,178 - INFO - ✅ RFID reader connected
2025-11-06 15:47:10,280 - INFO - ✅ Emoney reader connected
2025-11-06 15:47:10,281 - INFO - ✅ RFID reader connected
2025-11-06 15:47:10,386 - INFO - ✅ Emoney reader connected
2025-11-06 15:47:10,386 - INFO - ✅ RFID reader connected
2025-11-06 15:47:10,488 - INFO - ✅ Emoney reader connected
2025-11-06 15:47:10,489 - INFO - ✅ RFID reader connected
2025-11-06 15:47:10,531 - INFO - ❌ UNEXPECTED exception (Input Loop): read_holding_registers() got an unexpected keyword argument 'device_id'
2025-11-06 15:47:10,591 - INFO - ✅ Emoney reader connected
2025-11-06 15:47:10,592 - INFO - ✅ RFID reader connected
2025-11-06 15:47:10,696 - INFO - ✅ Emoney reader connected
2025-11-06 15:47:10,698 - INFO - ✅ RFID reader connected
2025-11-06 15:47:10,798 - INFO - ✅ Emoney reader connected
2025-11-06 15:47:10,799 - INFO - ✅ RFID reader connected
2025-11-06 15:47:10,900 - INFO - ✅ Emoney reader connected
2025-11-06 15:47:10,900 - INFO - ✅ RFID reader connected
2025-11-06 15:47:11,003 - INFO - ✅ Emoney reader connected
2025-11-06 15:47:11,004 - INFO - ✅ RFID reader connected
2025-11-06 15:47:11,038 - INFO - ❌ UNEXPECTED exception (Input Loop): read_holding_registers() got an unexpected keyword argument 'device_id'
2025-11-06 15:47:11,107 - INFO - ✅ Emoney reader connected
2025-11-06 15:47:11,108 - INFO - ✅ RFID reader connected
2025-11-06 15:47:11,212 - INFO - ✅ Emoney reader connected
2025-11-06 15:47:11,213 - INFO - ✅ RFID reader connected
2025-11-06 15:47:11,315 - INFO - ✅ Emoney reader connected
2025-11-06 15:47:11,316 - INFO - ✅ RFID reader connected
2025-11-06 15:47:11,416 - INFO - ✅ Emoney reader connected
2025-11-06 15:47:11,418 - INFO - ✅ RFID reader connected
2025-11-06 15:47:11,518 - INFO - ✅ Emoney reader connected
2025-11-06 15:47:11,519 - INFO - ✅ RFID reader connected
2025-11-06 15:47:11,552 - INFO - ❌ UNEXPECTED exception (Input Loop): read_holding_registers() got an unexpected keyword argument 'device_id'
2025-11-06 15:47:11,621 - INFO - ✅ Emoney reader connected
2025-11-06 15:47:11,622 - INFO - ✅ RFID reader connected
2025-11-06 15:47:11,724 - INFO - ✅ Emoney reader connected
2025-11-06 15:47:11,725 - INFO - ✅ RFID reader connected
2025-11-06 15:47:11,826 - INFO - ✅ Emoney reader connected
2025-11-06 15:47:11,833 - INFO - ✅ RFID reader connected
2025-11-06 15:47:11,930 - INFO - ✅ Emoney reader connected
2025-11-06 15:47:11,934 - INFO - ✅ RFID reader connected
2025-11-06 15:47:12,036 - INFO - ✅ Emoney reader connected
2025-11-06 15:47:12,037 - INFO - ✅ RFID reader connected
2025-11-06 15:47:12,055 - INFO - ❌ UNEXPECTED exception (Input Loop): read_holding_registers() got an unexpected keyword argument 'device_id'
2025-11-06 15:47:12,140 - INFO - ✅ Emoney reader connected
2025-11-06 15:47:12,141 - INFO - ✅ RFID reader connected
2025-11-06 15:47:12,241 - INFO - ✅ Emoney reader connected
2025-11-06 15:47:12,242 - INFO - ✅ RFID reader connected
2025-11-06 15:47:12,344 - INFO - ✅ Emoney reader connected
2025-11-06 15:47:12,346 - INFO - ✅ RFID reader connected
2025-11-06 15:47:12,448 - INFO - ✅ Emoney reader connected
2025-11-06 15:47:12,450 - INFO - ✅ RFID reader connected
2025-11-06 15:47:12,554 - INFO - ✅ Emoney reader connected
2025-11-06 15:47:12,555 - INFO - ✅ RFID reader connected
2025-11-06 15:47:12,557 - INFO - ❌ UNEXPECTED exception (Input Loop): read_holding_registers() got an unexpected keyword argument 'device_id'
2025-11-06 15:47:12,659 - INFO - ✅ Emoney reader connected
2025-11-06 15:47:12,662 - INFO - ✅ RFID reader connected
2025-11-06 15:47:12,760 - INFO - ✅ Emoney reader connected
2025-11-06 15:47:12,768 - INFO - ✅ RFID reader connected
2025-11-06 15:47:12,870 - INFO - ✅ Emoney reader connected
2025-11-06 15:47:12,872 - INFO - ✅ RFID reader connected
2025-11-06 15:47:12,971 - INFO - ✅ Emoney reader connected
2025-11-06 15:47:12,973 - INFO - ✅ RFID reader connected
2025-11-06 15:47:13,063 - INFO - ❌ UNEXPECTED exception (Input Loop): read_holding_registers() got an unexpected keyword argument 'device_id'
2025-11-06 15:47:13,074 - INFO - ✅ Emoney reader connected
2025-11-06 15:47:13,081 - INFO - ✅ RFID reader connected
2025-11-06 15:47:13,176 - INFO - ✅ Emoney reader connected
2025-11-06 15:47:13,184 - INFO - ✅ RFID reader connected
2025-11-06 15:47:13,282 - INFO - ✅ Emoney reader connected
2025-11-06 15:47:13,285 - INFO - ✅ RFID reader connected
2025-11-06 15:47:13,384 - INFO - ✅ Emoney reader connected
2025-11-06 15:47:13,388 - INFO - ✅ RFID reader connected
2025-11-06 15:47:13,485 - INFO - ✅ Emoney reader connected
2025-11-06 15:47:13,490 - INFO - ✅ RFID reader connected
2025-11-06 15:47:13,565 - INFO - ❌ UNEXPECTED exception (Input Loop): read_holding_registers() got an unexpected keyword argument 'device_id'
2025-11-06 15:47:13,589 - INFO - ✅ Emoney reader connected
2025-11-06 15:47:13,591 - INFO - ✅ RFID reader connected
2025-11-06 15:47:13,691 - INFO - ✅ Emoney reader connected
2025-11-06 15:47:13,694 - INFO - ✅ RFID reader connected
2025-11-06 15:47:13,793 - INFO - ✅ Emoney reader connected
2025-11-06 15:47:13,796 - INFO - ✅ RFID reader connected
2025-11-06 15:47:13,895 - INFO - ✅ Emoney reader connected
2025-11-06 15:47:13,898 - INFO - ✅ RFID reader connected
2025-11-06 15:47:14,000 - INFO - ✅ Emoney reader connected
2025-11-06 15:47:14,001 - INFO - ✅ RFID reader connected
2025-11-06 15:47:14,068 - INFO - ❌ UNEXPECTED exception (Input Loop): read_holding_registers() got an unexpected keyword argument 'device_id'
2025-11-06 15:47:14,103 - INFO - ✅ Emoney reader connected
2025-11-06 15:47:14,110 - INFO - ✅ RFID reader connected
2025-11-06 15:47:14,211 - INFO - ✅ Emoney reader connected
2025-11-06 15:47:14,213 - INFO - ✅ RFID reader connected
2025-11-06 15:47:14,313 - INFO - ✅ Emoney reader connected
2025-11-06 15:47:14,320 - INFO - ✅ RFID reader connected
2025-11-06 15:47:14,421 - INFO - ✅ Emoney reader connected
2025-11-06 15:47:14,423 - INFO - ✅ RFID reader connected
2025-11-06 15:47:14,522 - INFO - ✅ Emoney reader connected
2025-11-06 15:47:14,524 - INFO - ✅ RFID reader connected
2025-11-06 15:47:14,576 - INFO - ❌ UNEXPECTED exception (Input Loop): read_holding_registers() got an unexpected keyword argument 'device_id'
2025-11-06 15:47:14,626 - INFO - ✅ Emoney reader connected
2025-11-06 15:47:14,626 - INFO - ✅ RFID reader connected
2025-11-06 15:47:14,728 - INFO - ✅ Emoney reader connected
2025-11-06 15:47:14,729 - INFO - ✅ RFID reader connected
2025-11-06 15:47:14,831 - INFO - ✅ Emoney reader connected
2025-11-06 15:47:14,831 - INFO - ✅ RFID reader connected
2025-11-06 15:47:14,940 - INFO - ✅ RFID reader connected
2025-11-06 15:47:14,941 - INFO - ✅ Emoney reader connected
2025-11-06 15:47:15,041 - INFO - ✅ RFID reader connected
2025-11-06 15:47:15,043 - INFO - ✅ Emoney reader connected
2025-11-06 15:47:15,080 - INFO - ❌ UNEXPECTED exception (Input Loop): read_holding_registers() got an unexpected keyword argument 'device_id'
2025-11-06 15:47:15,145 - INFO - ✅ RFID reader connected
2025-11-06 15:47:15,146 - INFO - ✅ Emoney reader connected
2025-11-06 15:47:15,246 - INFO - ✅ RFID reader connected
2025-11-06 15:47:15,248 - INFO - ✅ Emoney reader connected
2025-11-06 15:47:15,353 - INFO - ✅ Emoney reader connected
2025-11-06 15:47:15,353 - INFO - ✅ RFID reader connected
2025-11-06 15:47:15,455 - INFO - ✅ Emoney reader connected
2025-11-06 15:47:15,456 - INFO - ✅ RFID reader connected
2025-11-06 15:47:15,557 - INFO - ✅ Emoney reader connected
2025-11-06 15:47:15,558 - INFO - ✅ RFID reader connected
2025-11-06 15:47:15,581 - INFO - ❌ UNEXPECTED exception (Input Loop): read_holding_registers() got an unexpected keyword argument 'device_id'
2025-11-06 15:47:15,660 - INFO - ✅ Emoney reader connected
2025-11-06 15:47:15,661 - INFO - ✅ RFID reader connected
2025-11-06 15:47:15,764 - INFO - ✅ Emoney reader connected
2025-11-06 15:47:15,765 - INFO - ✅ RFID reader connected
2025-11-06 15:47:15,867 - INFO - ✅ Emoney reader connected
2025-11-06 15:47:15,867 - INFO - ✅ RFID reader connected
2025-11-06 15:47:15,969 - INFO - ✅ Emoney reader connected
2025-11-06 15:47:15,970 - INFO - ✅ RFID reader connected
2025-11-06 15:47:16,072 - INFO - ✅ Emoney reader connected
2025-11-06 15:47:16,072 - INFO - ✅ RFID reader connected
2025-11-06 15:47:16,083 - INFO - ❌ UNEXPECTED exception (Input Loop): read_holding_registers() got an unexpected keyword argument 'device_id'
2025-11-06 15:47:16,176 - INFO - ✅ Emoney reader connected
2025-11-06 15:47:16,177 - INFO - ✅ RFID reader connected
2025-11-06 15:47:16,278 - INFO - ✅ Emoney reader connected
2025-11-06 15:47:16,278 - INFO - ✅ RFID reader connected
2025-11-06 15:47:16,380 - INFO - ✅ Emoney reader connected
2025-11-06 15:47:16,381 - INFO - ✅ RFID reader connected
2025-11-06 15:47:16,483 - INFO - ✅ Emoney reader connected
2025-11-06 15:47:16,484 - INFO - ✅ RFID reader connected
2025-11-06 15:47:16,585 - INFO - ❌ UNEXPECTED exception (Input Loop): read_holding_registers() got an unexpected keyword argument 'device_id'
2025-11-06 15:47:16,587 - INFO - ✅ Emoney reader connected
2025-11-06 15:47:16,587 - INFO - ✅ RFID reader connected
2025-11-06 15:47:16,692 - INFO - ✅ Emoney reader connected
2025-11-06 15:47:16,693 - INFO - ✅ RFID reader connected
2025-11-06 15:47:16,796 - INFO - ✅ Emoney reader connected
2025-11-06 15:47:16,797 - INFO - ✅ RFID reader connected
2025-11-06 15:47:16,898 - INFO - ✅ Emoney reader connected
2025-11-06 15:47:16,899 - INFO - ✅ RFID reader connected
2025-11-06 15:47:17,006 - INFO - ✅ Emoney reader connected
2025-11-06 15:47:17,007 - INFO - ✅ RFID reader connected
2025-11-06 15:47:17,088 - INFO - ❌ UNEXPECTED exception (Input Loop): read_holding_registers() got an unexpected keyword argument 'device_id'
2025-11-06 15:47:17,108 - INFO - ✅ Emoney reader connected
2025-11-06 15:47:17,110 - INFO - ✅ RFID reader connected
2025-11-06 15:47:17,210 - INFO - ✅ Emoney reader connected
2025-11-06 15:47:17,212 - INFO - ✅ RFID reader connected
2025-11-06 15:47:17,314 - INFO - ✅ Emoney reader connected
2025-11-06 15:47:17,314 - INFO - ✅ RFID reader connected
2025-11-06 15:47:17,416 - INFO - ✅ Emoney reader connected
2025-11-06 15:47:17,417 - INFO - ✅ RFID reader connected
2025-11-06 15:47:17,523 - INFO - ✅ Emoney reader connected
2025-11-06 15:47:17,525 - INFO - ✅ RFID reader connected
2025-11-06 15:47:17,591 - INFO - ❌ UNEXPECTED exception (Input Loop): read_holding_registers() got an unexpected keyword argument 'device_id'
2025-11-06 15:47:17,627 - INFO - ✅ Emoney reader connected
2025-11-06 15:47:17,628 - INFO - ✅ RFID reader connected
2025-11-06 15:55:14,814 - INFO - 
🚀 Memulai setup dari flash disk...
2025-11-06 15:55:14,823 - INFO - Memindai drive removable (flash disk)...
2025-11-06 15:55:14,827 - INFO - Drive (Linux fallback) terdeteksi: ['/media/pi/D066-6CE3']
2025-11-06 15:55:14,828 - INFO - Drive final ditemukan: ['/media/pi/D066-6CE3']
2025-11-06 15:55:14,829 - INFO - Mencari file .env di: /media/pi/D066-6CE3/.env
2025-11-06 15:55:14,830 - INFO - ✅ File .env ditemukan di: /media/pi/D066-6CE3
2025-11-06 15:55:14,833 - INFO - ✅ BERHASIL: File .env disalin ke ./.env
2025-11-06 15:55:14,834 - INFO - Memuat variabel dari ./.env...
2025-11-06 15:55:14,855 - INFO - ✅ Variabel lingkungan (environment) berhasil dimuat.
2025-11-06 15:55:14,856 - INFO - Variabel 'BACKGROUND_IMAGE' ditemukan: parking.jpg
2025-11-06 15:55:14,857 - INFO - Mencari file aset di: /media/pi/D066-6CE3/parking.jpg
2025-11-06 15:55:14,941 - INFO - ✅ BERHASIL: File 'parking.jpg' disalin ke ./assets/parking.jpg
2025-11-06 15:55:14,942 - INFO - 
Setup dari flash disk selesai.
2025-11-06 15:55:15,158 - INFO - ✅ OLED display initialized successfully
2025-11-06 15:55:17,341 - INFO - ✅ Connected to 192.168.0.7:502
2025-11-06 15:55:17,345 - INFO - ❌ UNEXPECTED exception (Input Loop): read_holding_registers() got an unexpected keyword argument 'device_id'
2025-11-06 15:55:17,352 - INFO - ✅ Emoney reader connected
2025-11-06 15:55:17,357 - INFO - ✅ RFID reader connected
2025-11-06 15:55:17,360 - INFO - ✅ LPR connected
2025-11-06 15:55:17,965 - INFO - ❌ UNEXPECTED exception (Input Loop): read_holding_registers() got an unexpected keyword argument 'device_id'
2025-11-06 15:55:18,606 - INFO - ❌ UNEXPECTED exception (Input Loop): read_holding_registers() got an unexpected keyword argument 'device_id'
2025-11-06 15:55:19,119 - INFO - ❌ UNEXPECTED exception (Input Loop): read_holding_registers() got an unexpected keyword argument 'device_id'
2025-11-06 15:55:19,911 - INFO - ❌ UNEXPECTED exception (Input Loop): read_holding_registers() got an unexpected keyword argument 'device_id'
2025-11-06 15:55:20,426 - INFO - ❌ UNEXPECTED exception (Input Loop): read_holding_registers() got an unexpected keyword argument 'device_id'
2025-11-06 15:55:20,938 - INFO - ❌ UNEXPECTED exception (Input Loop): read_holding_registers() got an unexpected keyword argument 'device_id'
2025-11-06 15:55:21,567 - INFO - ❌ UNEXPECTED exception (Input Loop): read_holding_registers() got an unexpected keyword argument 'device_id'
2025-11-06 15:55:22,077 - INFO - ❌ UNEXPECTED exception (Input Loop): read_holding_registers() got an unexpected keyword argument 'device_id'
2025-11-06 15:55:22,588 - INFO - ❌ UNEXPECTED exception (Input Loop): read_holding_registers() got an unexpected keyword argument 'device_id'
2025-11-06 15:55:23,231 - INFO - ❌ UNEXPECTED exception (Input Loop): read_holding_registers() got an unexpected keyword argument 'device_id'
2025-11-06 15:55:23,739 - INFO - ❌ UNEXPECTED exception (Input Loop): read_holding_registers() got an unexpected keyword argument 'device_id'
2025-11-06 15:55:24,243 - INFO - ❌ UNEXPECTED exception (Input Loop): read_holding_registers() got an unexpected keyword argument 'device_id'
2025-11-06 15:55:24,745 - INFO - ❌ UNEXPECTED exception (Input Loop): read_holding_registers() got an unexpected keyword argument 'device_id'
2025-11-06 15:55:25,255 - INFO - ❌ UNEXPECTED exception (Input Loop): read_holding_registers() got an unexpected keyword argument 'device_id'
2025-11-06 15:55:25,769 - INFO - ❌ UNEXPECTED exception (Input Loop): read_holding_registers() got an unexpected keyword argument 'device_id'
2025-11-06 15:55:26,272 - INFO - ❌ UNEXPECTED exception (Input Loop): read_holding_registers() got an unexpected keyword argument 'device_id'
2025-11-06 15:55:26,934 - INFO - ❌ UNEXPECTED exception (Input Loop): read_holding_registers() got an unexpected keyword argument 'device_id'
2025-11-06 15:55:27,449 - INFO - ❌ UNEXPECTED exception (Input Loop): read_holding_registers() got an unexpected keyword argument 'device_id'
2025-11-06 15:55:28,106 - INFO - ❌ UNEXPECTED exception (Input Loop): read_holding_registers() got an unexpected keyword argument 'device_id'
2025-11-06 15:55:28,751 - INFO - ❌ UNEXPECTED exception (Input Loop): read_holding_registers() got an unexpected keyword argument 'device_id'
2025-11-06 15:55:29,257 - INFO - ❌ UNEXPECTED exception (Input Loop): read_holding_registers() got an unexpected keyword argument 'device_id'
2025-11-06 15:55:29,767 - INFO - ❌ UNEXPECTED exception (Input Loop): read_holding_registers() got an unexpected keyword argument 'device_id'
2025-11-06 15:55:30,392 - INFO - ❌ UNEXPECTED exception (Input Loop): read_holding_registers() got an unexpected keyword argument 'device_id'
2025-11-06 15:55:30,895 - INFO - ❌ UNEXPECTED exception (Input Loop): read_holding_registers() got an unexpected keyword argument 'device_id'
2025-11-06 15:55:31,403 - INFO - ❌ UNEXPECTED exception (Input Loop): read_holding_registers() got an unexpected keyword argument 'device_id'
2025-11-06 15:55:31,908 - INFO - ❌ UNEXPECTED exception (Input Loop): read_holding_registers() got an unexpected keyword argument 'device_id'
2025-11-06 15:55:32,412 - INFO - ❌ UNEXPECTED exception (Input Loop): read_holding_registers() got an unexpected keyword argument 'device_id'
2025-11-06 15:55:33,215 - INFO - ❌ UNEXPECTED exception (Input Loop): read_holding_registers() got an unexpected keyword argument 'device_id'
2025-11-06 15:55:33,719 - INFO - ❌ UNEXPECTED exception (Input Loop): read_holding_registers() got an unexpected keyword argument 'device_id'
2025-11-06 15:55:34,354 - INFO - ❌ UNEXPECTED exception (Input Loop): read_holding_registers() got an unexpected keyword argument 'device_id'
2025-11-06 15:55:35,006 - INFO - ❌ UNEXPECTED exception (Input Loop): read_holding_registers() got an unexpected keyword argument 'device_id'
2025-11-06 15:55:35,653 - INFO - ❌ UNEXPECTED exception (Input Loop): read_holding_registers() got an unexpected keyword argument 'device_id'
2025-11-06 15:55:36,300 - INFO - ❌ UNEXPECTED exception (Input Loop): read_holding_registers() got an unexpected keyword argument 'device_id'
2025-11-06 15:55:36,810 - INFO - ❌ UNEXPECTED exception (Input Loop): read_holding_registers() got an unexpected keyword argument 'device_id'
2025-11-06 15:55:37,320 - INFO - ❌ UNEXPECTED exception (Input Loop): read_holding_registers() got an unexpected keyword argument 'device_id'
2025-11-06 15:55:37,840 - INFO - ❌ UNEXPECTED exception (Input Loop): read_holding_registers() got an unexpected keyword argument 'device_id'
2025-11-06 15:55:38,475 - INFO - ❌ UNEXPECTED exception (Input Loop): read_holding_registers() got an unexpected keyword argument 'device_id'
2025-11-06 15:55:39,106 - INFO - ❌ UNEXPECTED exception (Input Loop): read_holding_registers() got an unexpected keyword argument 'device_id'
2025-11-06 15:55:39,615 - INFO - ❌ UNEXPECTED exception (Input Loop): read_holding_registers() got an unexpected keyword argument 'device_id'
2025-11-06 15:55:40,242 - INFO - ❌ UNEXPECTED exception (Input Loop): read_holding_registers() got an unexpected keyword argument 'device_id'
2025-11-06 15:55:40,901 - INFO - ❌ UNEXPECTED exception (Input Loop): read_holding_registers() got an unexpected keyword argument 'device_id'
2025-11-06 15:55:41,404 - INFO - ❌ UNEXPECTED exception (Input Loop): read_holding_registers() got an unexpected keyword argument 'device_id'
2025-11-06 15:55:42,193 - INFO - ❌ UNEXPECTED exception (Input Loop): read_holding_registers() got an unexpected keyword argument 'device_id'
2025-11-06 15:55:42,817 - INFO - ❌ UNEXPECTED exception (Input Loop): read_holding_registers() got an unexpected keyword argument 'device_id'
2025-11-06 15:55:43,470 - INFO - ❌ UNEXPECTED exception (Input Loop): read_holding_registers() got an unexpected keyword argument 'device_id'
2025-11-06 15:55:44,115 - INFO - ❌ UNEXPECTED exception (Input Loop): read_holding_registers() got an unexpected keyword argument 'device_id'
2025-11-06 15:55:44,619 - INFO - ❌ UNEXPECTED exception (Input Loop): read_holding_registers() got an unexpected keyword argument 'device_id'
2025-11-06 15:55:45,400 - INFO - ❌ UNEXPECTED exception (Input Loop): read_holding_registers() got an unexpected keyword argument 'device_id'
2025-11-06 15:55:45,909 - INFO - ❌ UNEXPECTED exception (Input Loop): read_holding_registers() got an unexpected keyword argument 'device_id'
2025-11-06 15:55:46,413 - INFO - ❌ UNEXPECTED exception (Input Loop): read_holding_registers() got an unexpected keyword argument 'device_id'
2025-11-06 15:55:47,049 - INFO - ❌ UNEXPECTED exception (Input Loop): read_holding_registers() got an unexpected keyword argument 'device_id'
2025-11-06 15:55:47,558 - INFO - ❌ UNEXPECTED exception (Input Loop): read_holding_registers() got an unexpected keyword argument 'device_id'
2025-11-06 15:55:48,063 - INFO - ❌ UNEXPECTED exception (Input Loop): read_holding_registers() got an unexpected keyword argument 'device_id'
2025-11-06 15:55:48,567 - INFO - ❌ UNEXPECTED exception (Input Loop): read_holding_registers() got an unexpected keyword argument 'device_id'
2025-11-06 15:55:49,212 - INFO - ❌ UNEXPECTED exception (Input Loop): read_holding_registers() got an unexpected keyword argument 'device_id'
2025-11-06 15:55:49,725 - INFO - ❌ UNEXPECTED exception (Input Loop): read_holding_registers() got an unexpected keyword argument 'device_id'
2025-11-06 15:55:50,393 - INFO - ❌ UNEXPECTED exception (Input Loop): read_holding_registers() got an unexpected keyword argument 'device_id'
2025-11-06 15:55:50,895 - INFO - ❌ UNEXPECTED exception (Input Loop): read_holding_registers() got an unexpected keyword argument 'device_id'
2025-11-06 15:55:51,404 - INFO - ❌ UNEXPECTED exception (Input Loop): read_holding_registers() got an unexpected keyword argument 'device_id'
2025-11-06 15:55:51,908 - INFO - ❌ UNEXPECTED exception (Input Loop): read_holding_registers() got an unexpected keyword argument 'device_id'
2025-11-06 15:55:52,457 - INFO - ❌ UNEXPECTED exception (Input Loop): read_holding_registers() got an unexpected keyword argument 'device_id'
2025-11-06 15:55:53,006 - INFO - ❌ UNEXPECTED exception (Input Loop): read_holding_registers() got an unexpected keyword argument 'device_id'
2025-11-06 15:55:53,522 - INFO - ❌ UNEXPECTED exception (Input Loop): read_holding_registers() got an unexpected keyword argument 'device_id'
2025-11-06 15:55:54,071 - INFO - ❌ UNEXPECTED exception (Input Loop): read_holding_registers() got an unexpected keyword argument 'device_id'
2025-11-06 15:55:54,588 - INFO - ❌ UNEXPECTED exception (Input Loop): read_holding_registers() got an unexpected keyword argument 'device_id'
2025-11-06 15:55:55,133 - INFO - ❌ UNEXPECTED exception (Input Loop): read_holding_registers() got an unexpected keyword argument 'device_id'
2025-11-06 15:55:55,779 - INFO - ❌ UNEXPECTED exception (Input Loop): read_holding_registers() got an unexpected keyword argument 'device_id'
2025-11-06 15:55:56,283 - INFO - ❌ UNEXPECTED exception (Input Loop): read_holding_registers() got an unexpected keyword argument 'device_id'
2025-11-06 15:55:56,786 - INFO - ❌ UNEXPECTED exception (Input Loop): read_holding_registers() got an unexpected keyword argument 'device_id'
2025-11-06 15:55:57,494 - INFO - ❌ UNEXPECTED exception (Input Loop): read_holding_registers() got an unexpected keyword argument 'device_id'
2025-11-06 15:55:58,136 - INFO - ❌ UNEXPECTED exception (Input Loop): read_holding_registers() got an unexpected keyword argument 'device_id'
2025-11-06 15:55:58,646 - INFO - ❌ UNEXPECTED exception (Input Loop): read_holding_registers() got an unexpected keyword argument 'device_id'
2025-11-06 15:55:59,332 - INFO - ❌ UNEXPECTED exception (Input Loop): read_holding_registers() got an unexpected keyword argument 'device_id'
2025-11-06 15:55:59,973 - INFO - ❌ UNEXPECTED exception (Input Loop): read_holding_registers() got an unexpected keyword argument 'device_id'
2025-11-06 15:56:00,610 - INFO - ❌ UNEXPECTED exception (Input Loop): read_holding_registers() got an unexpected keyword argument 'device_id'
2025-11-06 15:56:01,124 - INFO - ❌ UNEXPECTED exception (Input Loop): read_holding_registers() got an unexpected keyword argument 'device_id'
2025-11-06 15:56:01,800 - INFO - ❌ UNEXPECTED exception (Input Loop): read_holding_registers() got an unexpected keyword argument 'device_id'
2025-11-06 15:56:02,406 - INFO - ❌ UNEXPECTED exception (Input Loop): read_holding_registers() got an unexpected keyword argument 'device_id'
2025-11-06 15:56:03,067 - INFO - ❌ UNEXPECTED exception (Input Loop): read_holding_registers() got an unexpected keyword argument 'device_id'
2025-11-06 15:56:03,578 - INFO - ❌ UNEXPECTED exception (Input Loop): read_holding_registers() got an unexpected keyword argument 'device_id'
2025-11-06 15:56:04,243 - INFO - ❌ UNEXPECTED exception (Input Loop): read_holding_registers() got an unexpected keyword argument 'device_id'
2025-11-06 15:56:04,773 - INFO - ❌ UNEXPECTED exception (Input Loop): read_holding_registers() got an unexpected keyword argument 'device_id'
2025-11-06 15:56:05,283 - INFO - ❌ UNEXPECTED exception (Input Loop): read_holding_registers() got an unexpected keyword argument 'device_id'
2025-11-06 15:56:05,927 - INFO - ❌ UNEXPECTED exception (Input Loop): read_holding_registers() got an unexpected keyword argument 'device_id'
2025-11-06 15:56:06,579 - INFO - ❌ UNEXPECTED exception (Input Loop): read_holding_registers() got an unexpected keyword argument 'device_id'
2025-11-06 15:56:07,242 - INFO - ❌ UNEXPECTED exception (Input Loop): read_holding_registers() got an unexpected keyword argument 'device_id'
2025-11-06 15:56:07,854 - INFO - ❌ UNEXPECTED exception (Input Loop): read_holding_registers() got an unexpected keyword argument 'device_id'
2025-11-06 15:56:08,357 - INFO - ❌ UNEXPECTED exception (Input Loop): read_holding_registers() got an unexpected keyword argument 'device_id'
2025-11-06 15:56:09,129 - INFO - ❌ UNEXPECTED exception (Input Loop): read_holding_registers() got an unexpected keyword argument 'device_id'
2025-11-06 15:56:09,765 - INFO - ❌ UNEXPECTED exception (Input Loop): read_holding_registers() got an unexpected keyword argument 'device_id'
2025-11-06 15:56:10,269 - INFO - License Plate Detected: BE1198DP  
2025-11-06 15:56:10,277 - INFO - LPR: File lpr saved successfully
2025-11-06 15:56:10,280 - INFO - ❌ UNEXPECTED exception (Input Loop): read_holding_registers() got an unexpected keyword argument 'device_id'
2025-11-06 15:56:10,783 - INFO - ❌ UNEXPECTED exception (Input Loop): read_holding_registers() got an unexpected keyword argument 'device_id'
2025-11-06 15:56:11,420 - INFO - ❌ UNEXPECTED exception (Input Loop): read_holding_registers() got an unexpected keyword argument 'device_id'
2025-11-06 15:56:11,935 - INFO - ❌ UNEXPECTED exception (Input Loop): read_holding_registers() got an unexpected keyword argument 'device_id'
2025-11-06 15:56:12,562 - INFO - ❌ UNEXPECTED exception (Input Loop): read_holding_registers() got an unexpected keyword argument 'device_id'
2025-11-06 15:56:13,196 - INFO - ❌ UNEXPECTED exception (Input Loop): read_holding_registers() got an unexpected keyword argument 'device_id'
2025-11-06 15:56:13,840 - INFO - ❌ UNEXPECTED exception (Input Loop): read_holding_registers() got an unexpected keyword argument 'device_id'
2025-11-06 15:56:14,360 - INFO - ❌ UNEXPECTED exception (Input Loop): read_holding_registers() got an unexpected keyword argument 'device_id'
2025-11-06 15:56:14,898 - INFO - ❌ UNEXPECTED exception (Input Loop): read_holding_registers() got an unexpected keyword argument 'device_id'
2025-11-06 15:56:15,546 - INFO - ❌ UNEXPECTED exception (Input Loop): read_holding_registers() got an unexpected keyword argument 'device_id'
2025-11-06 15:56:16,054 - INFO - ❌ UNEXPECTED exception (Input Loop): read_holding_registers() got an unexpected keyword argument 'device_id'
2025-11-06 15:56:16,564 - INFO - ❌ UNEXPECTED exception (Input Loop): read_holding_registers() got an unexpected keyword argument 'device_id'
2025-11-06 15:56:17,191 - INFO - ❌ UNEXPECTED exception (Input Loop): read_holding_registers() got an unexpected keyword argument 'device_id'
2025-11-06 15:56:17,703 - INFO - ❌ UNEXPECTED exception (Input Loop): read_holding_registers() got an unexpected keyword argument 'device_id'
2025-11-06 15:56:18,326 - INFO - ❌ UNEXPECTED exception (Input Loop): read_holding_registers() got an unexpected keyword argument 'device_id'
2025-11-06 15:56:18,832 - INFO - ❌ UNEXPECTED exception (Input Loop): read_holding_registers() got an unexpected keyword argument 'device_id'
2025-11-06 15:56:19,469 - INFO - ❌ UNEXPECTED exception (Input Loop): read_holding_registers() got an unexpected keyword argument 'device_id'
2025-11-06 15:56:20,132 - INFO - ❌ UNEXPECTED exception (Input Loop): read_holding_registers() got an unexpected keyword argument 'device_id'
2025-11-06 15:56:20,645 - INFO - ❌ UNEXPECTED exception (Input Loop): read_holding_registers() got an unexpected keyword argument 'device_id'
2025-11-06 15:56:21,266 - INFO - ❌ UNEXPECTED exception (Input Loop): read_holding_registers() got an unexpected keyword argument 'device_id'
2025-11-06 15:56:21,778 - INFO - ❌ UNEXPECTED exception (Input Loop): read_holding_registers() got an unexpected keyword argument 'device_id'
2025-11-06 15:56:22,388 - INFO - ❌ UNEXPECTED exception (Input Loop): read_holding_registers() got an unexpected keyword argument 'device_id'
2025-11-06 15:56:22,902 - INFO - ❌ UNEXPECTED exception (Input Loop): read_holding_registers() got an unexpected keyword argument 'device_id'
2025-11-06 15:56:23,522 - INFO - ❌ UNEXPECTED exception (Input Loop): read_holding_registers() got an unexpected keyword argument 'device_id'
2025-11-06 15:56:24,037 - INFO - ❌ UNEXPECTED exception (Input Loop): read_holding_registers() got an unexpected keyword argument 'device_id'
2025-11-06 15:56:24,660 - INFO - ❌ UNEXPECTED exception (Input Loop): read_holding_registers() got an unexpected keyword argument 'device_id'
2025-11-06 15:56:25,171 - INFO - ❌ UNEXPECTED exception (Input Loop): read_holding_registers() got an unexpected keyword argument 'device_id'
2025-11-06 15:56:25,673 - INFO - ❌ UNEXPECTED exception (Input Loop): read_holding_registers() got an unexpected keyword argument 'device_id'
2025-11-06 15:56:26,177 - INFO - ❌ UNEXPECTED exception (Input Loop): read_holding_registers() got an unexpected keyword argument 'device_id'
2025-11-06 15:56:26,711 - INFO - ❌ UNEXPECTED exception (Input Loop): read_holding_registers() got an unexpected keyword argument 'device_id'
2025-11-06 15:56:27,337 - INFO - ❌ UNEXPECTED exception (Input Loop): read_holding_registers() got an unexpected keyword argument 'device_id'
2025-11-06 15:56:27,969 - INFO - ❌ UNEXPECTED exception (Input Loop): read_holding_registers() got an unexpected keyword argument 'device_id'
2025-11-06 15:56:28,604 - INFO - ❌ UNEXPECTED exception (Input Loop): read_holding_registers() got an unexpected keyword argument 'device_id'
2025-11-06 15:56:29,232 - INFO - ❌ UNEXPECTED exception (Input Loop): read_holding_registers() got an unexpected keyword argument 'device_id'
2025-11-06 15:56:29,887 - INFO - ❌ UNEXPECTED exception (Input Loop): read_holding_registers() got an unexpected keyword argument 'device_id'
2025-11-06 15:56:30,517 - INFO - ❌ UNEXPECTED exception (Input Loop): read_holding_registers() got an unexpected keyword argument 'device_id'
2025-11-06 15:56:31,152 - INFO - ❌ UNEXPECTED exception (Input Loop): read_holding_registers() got an unexpected keyword argument 'device_id'
2025-11-06 15:56:31,661 - INFO - ❌ UNEXPECTED exception (Input Loop): read_holding_registers() got an unexpected keyword argument 'device_id'
2025-11-06 15:56:32,442 - INFO - ❌ UNEXPECTED exception (Input Loop): read_holding_registers() got an unexpected keyword argument 'device_id'
2025-11-06 15:56:32,956 - INFO - ❌ UNEXPECTED exception (Input Loop): read_holding_registers() got an unexpected keyword argument 'device_id'
2025-11-06 15:56:33,608 - INFO - ❌ UNEXPECTED exception (Input Loop): read_holding_registers() got an unexpected keyword argument 'device_id'
2025-11-06 15:56:34,187 - INFO - ❌ UNEXPECTED exception (Input Loop): read_holding_registers() got an unexpected keyword argument 'device_id'
2025-11-06 15:56:34,708 - INFO - ❌ UNEXPECTED exception (Input Loop): read_holding_registers() got an unexpected keyword argument 'device_id'
2025-11-06 15:56:35,218 - INFO - ❌ UNEXPECTED exception (Input Loop): read_holding_registers() got an unexpected keyword argument 'device_id'
2025-11-06 15:56:35,850 - INFO - ❌ UNEXPECTED exception (Input Loop): read_holding_registers() got an unexpected keyword argument 'device_id'
2025-11-06 15:56:36,488 - INFO - ❌ UNEXPECTED exception (Input Loop): read_holding_registers() got an unexpected keyword argument 'device_id'
2025-11-06 15:56:37,201 - INFO - ❌ UNEXPECTED exception (Input Loop): read_holding_registers() got an unexpected keyword argument 'device_id'
2025-11-06 15:56:37,847 - INFO - ❌ UNEXPECTED exception (Input Loop): read_holding_registers() got an unexpected keyword argument 'device_id'
2025-11-06 15:56:38,364 - INFO - ❌ UNEXPECTED exception (Input Loop): read_holding_registers() got an unexpected keyword argument 'device_id'
2025-11-06 15:56:38,873 - INFO - ❌ UNEXPECTED exception (Input Loop): read_holding_registers() got an unexpected keyword argument 'device_id'
2025-11-06 15:56:39,405 - INFO - ❌ UNEXPECTED exception (Input Loop): read_holding_registers() got an unexpected keyword argument 'device_id'
2025-11-06 15:56:40,001 - INFO - ❌ UNEXPECTED exception (Input Loop): read_holding_registers() got an unexpected keyword argument 'device_id'
2025-11-06 15:56:40,598 - INFO - ❌ UNEXPECTED exception (Input Loop): read_holding_registers() got an unexpected keyword argument 'device_id'
2025-11-06 15:56:41,215 - INFO - ❌ UNEXPECTED exception (Input Loop): read_holding_registers() got an unexpected keyword argument 'device_id'
2025-11-06 15:56:41,727 - INFO - ❌ UNEXPECTED exception (Input Loop): read_holding_registers() got an unexpected keyword argument 'device_id'
2025-11-06 15:56:42,236 - INFO - ❌ UNEXPECTED exception (Input Loop): read_holding_registers() got an unexpected keyword argument 'device_id'
2025-11-06 15:56:42,741 - INFO - ❌ UNEXPECTED exception (Input Loop): read_holding_registers() got an unexpected keyword argument 'device_id'
2025-11-06 15:56:43,290 - INFO - ❌ UNEXPECTED exception (Input Loop): read_holding_registers() got an unexpected keyword argument 'device_id'
2025-11-06 15:56:43,802 - INFO - ❌ UNEXPECTED exception (Input Loop): read_holding_registers() got an unexpected keyword argument 'device_id'
2025-11-06 15:56:44,518 - INFO - ❌ UNEXPECTED exception (Input Loop): read_holding_registers() got an unexpected keyword argument 'device_id'
2025-11-06 15:56:44,886 - INFO - License Plate Detected: B1246YM   
2025-11-06 15:56:44,895 - INFO - LPR: File lpr saved successfully
2025-11-06 15:56:45,077 - INFO - ❌ UNEXPECTED exception (Input Loop): read_holding_registers() got an unexpected keyword argument 'device_id'
2025-11-06 15:57:31,788 - INFO - 
🚀 Memulai setup dari flash disk...
2025-11-06 15:57:31,789 - INFO - Memindai drive removable (flash disk)...
2025-11-06 15:57:31,792 - INFO - Drive (Linux fallback) terdeteksi: ['/media/pi/D066-6CE3']
2025-11-06 15:57:31,793 - INFO - Drive final ditemukan: ['/media/pi/D066-6CE3']
2025-11-06 15:57:31,794 - INFO - Mencari file .env di: /media/pi/D066-6CE3/.env
2025-11-06 15:57:31,795 - INFO - ✅ File .env ditemukan di: /media/pi/D066-6CE3
2025-11-06 15:57:31,798 - INFO - ✅ BERHASIL: File .env disalin ke ./.env
2025-11-06 15:57:31,799 - INFO - Memuat variabel dari ./.env...
2025-11-06 15:57:31,820 - INFO - ✅ Variabel lingkungan (environment) berhasil dimuat.
2025-11-06 15:57:31,822 - INFO - Variabel 'BACKGROUND_IMAGE' ditemukan: parking.jpg
2025-11-06 15:57:31,823 - INFO - Mencari file aset di: /media/pi/D066-6CE3/parking.jpg
2025-11-06 15:57:31,844 - INFO - ✅ BERHASIL: File 'parking.jpg' disalin ke ./assets/parking.jpg
2025-11-06 15:57:31,845 - INFO - 
Setup dari flash disk selesai.
2025-11-06 15:57:32,096 - INFO - ✅ OLED display initialized successfully
2025-11-06 15:57:34,259 - ERROR - Connection to (None, None) failed: [Errno -2] Nama atau layanan tidak diketahui
2025-11-06 15:57:34,261 - INFO - ❌ Failed to connect to None:None
2025-11-06 15:57:34,262 - INFO - 
🔌 Connection closed
2025-11-06 15:57:34,264 - INFO - Program selesai
2025-11-06 15:58:06,107 - INFO - 
🚀 Memulai setup dari flash disk...
2025-11-06 15:58:06,109 - INFO - Memindai drive removable (flash disk)...
2025-11-06 15:58:06,112 - INFO - Drive (Linux fallback) terdeteksi: ['/media/pi/D066-6CE3']
2025-11-06 15:58:06,113 - INFO - Drive final ditemukan: ['/media/pi/D066-6CE3']
2025-11-06 15:58:06,114 - INFO - Mencari file .env di: /media/pi/D066-6CE3/.env
2025-11-06 15:58:06,115 - INFO - ✅ File .env ditemukan di: /media/pi/D066-6CE3
2025-11-06 15:58:06,117 - INFO - ✅ BERHASIL: File .env disalin ke ./.env
2025-11-06 15:58:06,118 - INFO - Memuat variabel dari ./.env...
2025-11-06 15:58:06,147 - INFO - ✅ Variabel lingkungan (environment) berhasil dimuat.
2025-11-06 15:58:06,149 - INFO - Variabel 'BACKGROUND_IMAGE' ditemukan: parking.jpg
2025-11-06 15:58:06,160 - INFO - Mencari file aset di: /media/pi/D066-6CE3/parking.jpg
2025-11-06 15:58:06,181 - INFO - ✅ BERHASIL: File 'parking.jpg' disalin ke ./assets/parking.jpg
2025-11-06 15:58:06,194 - INFO - 
Setup dari flash disk selesai.
2025-11-06 15:58:06,429 - INFO - ✅ OLED display initialized successfully
2025-11-06 15:58:08,538 - ERROR - Connection to (None, None) failed: [Errno -2] Nama atau layanan tidak diketahui
2025-11-06 15:58:08,540 - INFO - ❌ Failed to connect to None:None
2025-11-06 15:58:08,542 - INFO - 
🔌 Connection closed
2025-11-06 15:58:08,543 - INFO - Program selesai
2025-11-06 16:00:56,533 - INFO - 
🚀 Memulai setup dari flash disk...
2025-11-06 16:00:56,534 - INFO - Memindai drive removable (flash disk)...
2025-11-06 16:00:56,537 - INFO - Drive (Linux fallback) terdeteksi: ['/media/pi/D066-6CE3']
2025-11-06 16:00:56,538 - INFO - Drive final ditemukan: ['/media/pi/D066-6CE3']
2025-11-06 16:00:56,539 - INFO - Mencari file .env di: /media/pi/D066-6CE3/.env
2025-11-06 16:00:56,540 - INFO - ✅ File .env ditemukan di: /media/pi/D066-6CE3
2025-11-06 16:00:56,543 - INFO - ✅ BERHASIL: File .env disalin ke ./.env
2025-11-06 16:00:56,544 - INFO - Memuat variabel dari ./.env...
2025-11-06 16:00:56,564 - INFO - ✅ Variabel lingkungan (environment) berhasil dimuat.
2025-11-06 16:00:56,566 - INFO - Variabel 'BACKGROUND_IMAGE' ditemukan: parking.jpg
2025-11-06 16:00:56,567 - INFO - Mencari file aset di: /media/pi/D066-6CE3/parking.jpg
2025-11-06 16:00:56,588 - INFO - ✅ BERHASIL: File 'parking.jpg' disalin ke ./assets/parking.jpg
2025-11-06 16:00:56,589 - INFO - 
Setup dari flash disk selesai.
2025-11-06 16:00:56,841 - INFO - ✅ OLED display initialized successfully
2025-11-06 16:00:56,842 - INFO - 
❌ Main thread error: name 'f' is not defined
2025-11-06 16:00:56,843 - INFO - 
🔌 Connection closed
2025-11-06 16:00:56,844 - INFO - Program selesai
2025-11-06 16:01:17,774 - INFO - 
🚀 Memulai setup dari flash disk...
2025-11-06 16:01:17,776 - INFO - Memindai drive removable (flash disk)...
2025-11-06 16:01:17,780 - INFO - Drive (Linux fallback) terdeteksi: ['/media/pi/D066-6CE3']
2025-11-06 16:01:17,781 - INFO - Drive final ditemukan: ['/media/pi/D066-6CE3']
2025-11-06 16:01:17,783 - INFO - Mencari file .env di: /media/pi/D066-6CE3/.env
2025-11-06 16:01:17,784 - INFO - ✅ File .env ditemukan di: /media/pi/D066-6CE3
2025-11-06 16:01:17,787 - INFO - ✅ BERHASIL: File .env disalin ke ./.env
2025-11-06 16:01:17,788 - INFO - Memuat variabel dari ./.env...
2025-11-06 16:01:17,812 - INFO - ✅ Variabel lingkungan (environment) berhasil dimuat.
2025-11-06 16:01:17,813 - INFO - Variabel 'BACKGROUND_IMAGE' ditemukan: parking.jpg
2025-11-06 16:01:17,814 - INFO - Mencari file aset di: /media/pi/D066-6CE3/parking.jpg
2025-11-06 16:01:17,834 - INFO - ✅ BERHASIL: File 'parking.jpg' disalin ke ./assets/parking.jpg
2025-11-06 16:01:17,835 - INFO - 
Setup dari flash disk selesai.
2025-11-06 16:01:18,070 - INFO - ✅ OLED display initialized successfully
2025-11-06 16:01:20,172 - ERROR - Connection to (None, None) failed: [Errno -2] Nama atau layanan tidak diketahui
2025-11-06 16:01:20,174 - INFO - ❌ Failed to connect to None:None
2025-11-06 16:01:20,176 - INFO - 
🔌 Connection closed
2025-11-06 16:01:20,177 - INFO - Program selesai
2025-11-06 16:02:31,891 - INFO - 
🚀 Memulai setup dari flash disk...
2025-11-06 16:02:31,892 - INFO - Memindai drive removable (flash disk)...
2025-11-06 16:02:31,895 - INFO - Drive (Linux fallback) terdeteksi: ['/media/pi/D066-6CE3']
2025-11-06 16:02:31,896 - INFO - Drive final ditemukan: ['/media/pi/D066-6CE3']
2025-11-06 16:02:31,897 - INFO - Mencari file .env di: /media/pi/D066-6CE3/.env
2025-11-06 16:02:31,898 - INFO - ✅ File .env ditemukan di: /media/pi/D066-6CE3
2025-11-06 16:02:31,900 - INFO - ✅ BERHASIL: File .env disalin ke ./.env
2025-11-06 16:02:31,901 - INFO - Memuat variabel dari ./.env...
2025-11-06 16:02:31,926 - INFO - ✅ Variabel lingkungan (environment) berhasil dimuat.
2025-11-06 16:02:31,928 - INFO - Variabel 'BACKGROUND_IMAGE' ditemukan: parking.jpg
2025-11-06 16:02:31,931 - INFO - Mencari file aset di: /media/pi/D066-6CE3/parking.jpg
2025-11-06 16:02:31,963 - INFO - ✅ BERHASIL: File 'parking.jpg' disalin ke ./assets/parking.jpg
2025-11-06 16:02:31,964 - INFO - 
Setup dari flash disk selesai.
2025-11-06 16:02:32,227 - INFO - ✅ OLED display initialized successfully
2025-11-06 16:02:34,335 - ERROR - Connection to (None, None) failed: [Errno -2] Nama atau layanan tidak diketahui
2025-11-06 16:02:34,337 - INFO - ❌ Failed to connect to None:None
2025-11-06 16:02:34,339 - INFO - 
🔌 Connection closed
2025-11-06 16:02:34,340 - INFO - Program selesai
2025-11-06 16:05:23,401 - INFO - 
🚀 Memulai setup dari flash disk...
2025-11-06 16:05:23,402 - INFO - Memindai drive removable (flash disk)...
2025-11-06 16:05:23,406 - INFO - Drive (Linux fallback) terdeteksi: ['/media/pi/D066-6CE3']
2025-11-06 16:05:23,407 - INFO - Drive final ditemukan: ['/media/pi/D066-6CE3']
2025-11-06 16:05:23,408 - INFO - Mencari file .env di: /media/pi/D066-6CE3/.env
2025-11-06 16:05:23,409 - INFO - ✅ File .env ditemukan di: /media/pi/D066-6CE3
2025-11-06 16:05:23,412 - INFO - ✅ BERHASIL: File .env disalin ke ./.env
2025-11-06 16:05:23,413 - INFO - Memuat variabel dari ./.env...
2025-11-06 16:05:23,436 - INFO - ✅ Variabel lingkungan (environment) berhasil dimuat.
2025-11-06 16:05:23,438 - INFO - Variabel 'BACKGROUND_IMAGE' ditemukan: parking.jpg
2025-11-06 16:05:23,440 - INFO - Mencari file aset di: /media/pi/D066-6CE3/parking.jpg
2025-11-06 16:05:23,465 - INFO - ✅ BERHASIL: File 'parking.jpg' disalin ke ./assets/parking.jpg
2025-11-06 16:05:23,467 - INFO - 
Setup dari flash disk selesai.
2025-11-06 16:05:23,692 - INFO - ✅ OLED display initialized successfully
2025-11-06 16:05:25,843 - INFO - ✅ Connected to 192.168.99.37:502
2025-11-06 16:05:25,846 - INFO - ❌ UNEXPECTED exception (Input Loop): read_holding_registers() got an unexpected keyword argument 'device_id'
2025-11-06 16:05:25,858 - INFO - ✅ RFID reader connected
2025-11-06 16:05:25,861 - INFO - ✅ Emoney reader connected
2025-11-06 16:05:25,866 - INFO - ✅ LPR connected
2025-11-06 16:05:26,454 - INFO - ❌ UNEXPECTED exception (Input Loop): read_holding_registers() got an unexpected keyword argument 'device_id'
2025-11-06 16:05:26,963 - INFO - ❌ UNEXPECTED exception (Input Loop): read_holding_registers() got an unexpected keyword argument 'device_id'
2025-11-06 16:05:27,465 - INFO - ❌ UNEXPECTED exception (Input Loop): read_holding_registers() got an unexpected keyword argument 'device_id'
2025-11-06 16:05:28,145 - INFO - ❌ UNEXPECTED exception (Input Loop): read_holding_registers() got an unexpected keyword argument 'device_id'
2025-11-06 16:05:28,670 - INFO - ❌ UNEXPECTED exception (Input Loop): read_holding_registers() got an unexpected keyword argument 'device_id'
2025-11-06 16:05:29,190 - INFO - ❌ UNEXPECTED exception (Input Loop): read_holding_registers() got an unexpected keyword argument 'device_id'
2025-11-06 16:05:29,699 - INFO - ❌ UNEXPECTED exception (Input Loop): read_holding_registers() got an unexpected keyword argument 'device_id'
2025-11-06 16:05:30,232 - INFO - ❌ UNEXPECTED exception (Input Loop): read_holding_registers() got an unexpected keyword argument 'device_id'
2025-11-06 16:05:30,742 - INFO - ❌ UNEXPECTED exception (Input Loop): read_holding_registers() got an unexpected keyword argument 'device_id'
2025-11-06 16:05:31,248 - INFO - ❌ UNEXPECTED exception (Input Loop): read_holding_registers() got an unexpected keyword argument 'device_id'
2025-11-06 16:05:31,777 - INFO - ❌ UNEXPECTED exception (Input Loop): read_holding_registers() got an unexpected keyword argument 'device_id'
2025-11-06 16:05:32,303 - INFO - ❌ UNEXPECTED exception (Input Loop): read_holding_registers() got an unexpected keyword argument 'device_id'
2025-11-06 16:05:32,823 - INFO - ❌ UNEXPECTED exception (Input Loop): read_holding_registers() got an unexpected keyword argument 'device_id'
2025-11-06 16:05:33,347 - INFO - ❌ UNEXPECTED exception (Input Loop): read_holding_registers() got an unexpected keyword argument 'device_id'
2025-11-06 16:05:33,899 - INFO - ❌ UNEXPECTED exception (Input Loop): read_holding_registers() got an unexpected keyword argument 'device_id'
2025-11-06 16:05:34,405 - INFO - ❌ UNEXPECTED exception (Input Loop): read_holding_registers() got an unexpected keyword argument 'device_id'
2025-11-06 16:05:34,917 - INFO - ❌ UNEXPECTED exception (Input Loop): read_holding_registers() got an unexpected keyword argument 'device_id'
2025-11-06 16:05:35,443 - INFO - ❌ UNEXPECTED exception (Input Loop): read_holding_registers() got an unexpected keyword argument 'device_id'
2025-11-06 16:05:35,945 - INFO - ❌ UNEXPECTED exception (Input Loop): read_holding_registers() got an unexpected keyword argument 'device_id'
2025-11-06 16:05:36,459 - INFO - ❌ UNEXPECTED exception (Input Loop): read_holding_registers() got an unexpected keyword argument 'device_id'
2025-11-06 16:05:36,967 - INFO - ❌ UNEXPECTED exception (Input Loop): read_holding_registers() got an unexpected keyword argument 'device_id'
2025-11-06 16:05:37,470 - INFO - ❌ UNEXPECTED exception (Input Loop): read_holding_registers() got an unexpected keyword argument 'device_id'
2025-11-06 16:05:38,120 - INFO - ❌ UNEXPECTED exception (Input Loop): read_holding_registers() got an unexpected keyword argument 'device_id'
2025-11-06 16:05:38,631 - INFO - ❌ UNEXPECTED exception (Input Loop): read_holding_registers() got an unexpected keyword argument 'device_id'
2025-11-06 16:05:39,185 - INFO - ❌ UNEXPECTED exception (Input Loop): read_holding_registers() got an unexpected keyword argument 'device_id'
2025-11-06 16:05:39,700 - INFO - ❌ UNEXPECTED exception (Input Loop): read_holding_registers() got an unexpected keyword argument 'device_id'
2025-11-06 16:05:40,212 - INFO - ❌ UNEXPECTED exception (Input Loop): read_holding_registers() got an unexpected keyword argument 'device_id'
2025-11-06 16:05:40,388 - INFO - License Plate Detected: BE6992OS  
2025-11-06 16:05:40,391 - INFO - LPR: File lpr saved successfully
2025-11-06 16:05:40,761 - INFO - ❌ UNEXPECTED exception (Input Loop): read_holding_registers() got an unexpected keyword argument 'device_id'
2025-11-06 16:05:41,283 - INFO - ❌ UNEXPECTED exception (Input Loop): read_holding_registers() got an unexpected keyword argument 'device_id'
2025-11-06 16:05:41,798 - INFO - ❌ UNEXPECTED exception (Input Loop): read_holding_registers() got an unexpected keyword argument 'device_id'
2025-11-06 16:05:42,302 - INFO - ❌ UNEXPECTED exception (Input Loop): read_holding_registers() got an unexpected keyword argument 'device_id'
2025-11-06 16:05:42,810 - INFO - ❌ UNEXPECTED exception (Input Loop): read_holding_registers() got an unexpected keyword argument 'device_id'
2025-11-06 16:05:43,484 - INFO - ❌ UNEXPECTED exception (Input Loop): read_holding_registers() got an unexpected keyword argument 'device_id'
2025-11-06 16:05:43,999 - INFO - ❌ UNEXPECTED exception (Input Loop): read_holding_registers() got an unexpected keyword argument 'device_id'
2025-11-06 16:05:44,525 - INFO - ❌ UNEXPECTED exception (Input Loop): read_holding_registers() got an unexpected keyword argument 'device_id'
2025-11-06 16:05:45,043 - INFO - ❌ UNEXPECTED exception (Input Loop): read_holding_registers() got an unexpected keyword argument 'device_id'
2025-11-06 16:05:45,561 - INFO - ❌ UNEXPECTED exception (Input Loop): read_holding_registers() got an unexpected keyword argument 'device_id'
2025-11-06 16:05:46,108 - INFO - ❌ UNEXPECTED exception (Input Loop): read_holding_registers() got an unexpected keyword argument 'device_id'
2025-11-06 16:05:46,620 - INFO - ❌ UNEXPECTED exception (Input Loop): read_holding_registers() got an unexpected keyword argument 'device_id'
2025-11-06 16:05:47,144 - INFO - ❌ UNEXPECTED exception (Input Loop): read_holding_registers() got an unexpected keyword argument 'device_id'
2025-11-06 16:05:47,680 - INFO - ❌ UNEXPECTED exception (Input Loop): read_holding_registers() got an unexpected keyword argument 'device_id'
2025-11-06 16:05:48,219 - INFO - ❌ UNEXPECTED exception (Input Loop): read_holding_registers() got an unexpected keyword argument 'device_id'
2025-11-06 16:05:48,732 - INFO - ❌ UNEXPECTED exception (Input Loop): read_holding_registers() got an unexpected keyword argument 'device_id'
2025-11-06 16:05:49,255 - INFO - ❌ UNEXPECTED exception (Input Loop): read_holding_registers() got an unexpected keyword argument 'device_id'
2025-11-06 16:05:49,775 - INFO - ❌ UNEXPECTED exception (Input Loop): read_holding_registers() got an unexpected keyword argument 'device_id'
2025-11-06 16:05:50,291 - INFO - ❌ UNEXPECTED exception (Input Loop): read_holding_registers() got an unexpected keyword argument 'device_id'
2025-11-06 16:05:50,800 - INFO - ❌ UNEXPECTED exception (Input Loop): read_holding_registers() got an unexpected keyword argument 'device_id'
2025-11-06 16:05:51,319 - INFO - ❌ UNEXPECTED exception (Input Loop): read_holding_registers() got an unexpected keyword argument 'device_id'
2025-11-06 16:05:51,832 - INFO - ❌ UNEXPECTED exception (Input Loop): read_holding_registers() got an unexpected keyword argument 'device_id'
2025-11-06 16:05:52,338 - INFO - ❌ UNEXPECTED exception (Input Loop): read_holding_registers() got an unexpected keyword argument 'device_id'
2025-11-06 16:05:52,844 - INFO - ❌ UNEXPECTED exception (Input Loop): read_holding_registers() got an unexpected keyword argument 'device_id'
2025-11-06 16:05:53,347 - INFO - ❌ UNEXPECTED exception (Input Loop): read_holding_registers() got an unexpected keyword argument 'device_id'
2025-11-06 16:05:53,857 - INFO - ❌ UNEXPECTED exception (Input Loop): read_holding_registers() got an unexpected keyword argument 'device_id'
2025-11-06 16:05:54,376 - INFO - ❌ UNEXPECTED exception (Input Loop): read_holding_registers() got an unexpected keyword argument 'device_id'
2025-11-06 16:05:54,958 - INFO - ❌ UNEXPECTED exception (Input Loop): read_holding_registers() got an unexpected keyword argument 'device_id'
2025-11-06 16:05:55,521 - INFO - ❌ UNEXPECTED exception (Input Loop): read_holding_registers() got an unexpected keyword argument 'device_id'
2025-11-06 16:05:56,115 - INFO - ❌ UNEXPECTED exception (Input Loop): read_holding_registers() got an unexpected keyword argument 'device_id'
2025-11-06 16:05:56,635 - INFO - ❌ UNEXPECTED exception (Input Loop): read_holding_registers() got an unexpected keyword argument 'device_id'
2025-11-06 16:05:57,229 - INFO - ❌ UNEXPECTED exception (Input Loop): read_holding_registers() got an unexpected keyword argument 'device_id'
2025-11-06 16:05:57,858 - INFO - ❌ UNEXPECTED exception (Input Loop): read_holding_registers() got an unexpected keyword argument 'device_id'
2025-11-06 16:05:58,507 - INFO - ❌ UNEXPECTED exception (Input Loop): read_holding_registers() got an unexpected keyword argument 'device_id'
2025-11-06 16:05:59,016 - INFO - ❌ UNEXPECTED exception (Input Loop): read_holding_registers() got an unexpected keyword argument 'device_id'
2025-11-06 16:05:59,615 - INFO - ❌ UNEXPECTED exception (Input Loop): read_holding_registers() got an unexpected keyword argument 'device_id'
2025-11-06 16:06:00,129 - INFO - ❌ UNEXPECTED exception (Input Loop): read_holding_registers() got an unexpected keyword argument 'device_id'
2025-11-06 16:06:00,773 - INFO - ❌ UNEXPECTED exception (Input Loop): read_holding_registers() got an unexpected keyword argument 'device_id'
2025-11-06 16:06:01,413 - INFO - ❌ UNEXPECTED exception (Input Loop): read_holding_registers() got an unexpected keyword argument 'device_id'
2025-11-06 16:07:10,322 - INFO - 
🚀 Memulai setup dari flash disk...
2025-11-06 16:07:10,332 - INFO - Memindai drive removable (flash disk)...
2025-11-06 16:07:10,336 - INFO - Drive (Linux fallback) terdeteksi: ['/media/pi/D066-6CE3']
2025-11-06 16:07:10,337 - INFO - Drive final ditemukan: ['/media/pi/D066-6CE3']
2025-11-06 16:07:10,338 - INFO - Mencari file .env di: /media/pi/D066-6CE3/.env
2025-11-06 16:07:10,339 - INFO - ✅ File .env ditemukan di: /media/pi/D066-6CE3
2025-11-06 16:07:10,341 - INFO - ✅ BERHASIL: File .env disalin ke ./.env
2025-11-06 16:07:10,342 - INFO - Memuat variabel dari ./.env...
2025-11-06 16:07:10,363 - INFO - ✅ Variabel lingkungan (environment) berhasil dimuat.
2025-11-06 16:07:10,364 - INFO - Variabel 'BACKGROUND_IMAGE' ditemukan: parking.jpg
2025-11-06 16:07:10,366 - INFO - Mencari file aset di: /media/pi/D066-6CE3/parking.jpg
2025-11-06 16:07:10,387 - INFO - ✅ BERHASIL: File 'parking.jpg' disalin ke ./assets/parking.jpg
2025-11-06 16:07:10,388 - INFO - 
Setup dari flash disk selesai.
2025-11-06 16:07:10,622 - INFO - ✅ OLED display initialized successfully
2025-11-06 16:07:12,748 - INFO - ✅ Connected to 192.168.99.37:502
2025-11-06 16:07:12,752 - INFO - ❌ UNEXPECTED exception (Input Loop): read_holding_registers() got an unexpected keyword argument 'unit_id'
2025-11-06 16:07:12,773 - INFO - ✅ Emoney reader connected
2025-11-06 16:07:12,776 - INFO - ✅ RFID reader connected
2025-11-06 16:07:12,778 - INFO - ✅ LPR connected
2025-11-06 16:07:13,361 - INFO - ❌ UNEXPECTED exception (Input Loop): read_holding_registers() got an unexpected keyword argument 'unit_id'
2025-11-06 16:07:13,891 - INFO - ❌ UNEXPECTED exception (Input Loop): read_holding_registers() got an unexpected keyword argument 'unit_id'
2025-11-06 16:07:14,419 - INFO - ❌ UNEXPECTED exception (Input Loop): read_holding_registers() got an unexpected keyword argument 'unit_id'
2025-11-06 16:07:14,927 - INFO - ❌ UNEXPECTED exception (Input Loop): read_holding_registers() got an unexpected keyword argument 'unit_id'
2025-11-06 16:07:15,443 - INFO - ❌ UNEXPECTED exception (Input Loop): read_holding_registers() got an unexpected keyword argument 'unit_id'
2025-11-06 16:07:15,956 - INFO - ❌ UNEXPECTED exception (Input Loop): read_holding_registers() got an unexpected keyword argument 'unit_id'
2025-11-06 16:07:16,479 - INFO - ❌ UNEXPECTED exception (Input Loop): read_holding_registers() got an unexpected keyword argument 'unit_id'
2025-11-06 16:07:16,989 - INFO - ❌ UNEXPECTED exception (Input Loop): read_holding_registers() got an unexpected keyword argument 'unit_id'
2025-11-06 16:07:17,508 - INFO - ❌ UNEXPECTED exception (Input Loop): read_holding_registers() got an unexpected keyword argument 'unit_id'
2025-11-06 16:07:18,030 - INFO - ❌ UNEXPECTED exception (Input Loop): read_holding_registers() got an unexpected keyword argument 'unit_id'
2025-11-06 16:07:18,535 - INFO - ❌ UNEXPECTED exception (Input Loop): read_holding_registers() got an unexpected keyword argument 'unit_id'
2025-11-06 16:07:19,040 - INFO - ❌ UNEXPECTED exception (Input Loop): read_holding_registers() got an unexpected keyword argument 'unit_id'
2025-11-06 16:07:19,544 - INFO - ❌ UNEXPECTED exception (Input Loop): read_holding_registers() got an unexpected keyword argument 'unit_id'
2025-11-06 16:07:20,216 - INFO - ❌ UNEXPECTED exception (Input Loop): read_holding_registers() got an unexpected keyword argument 'unit_id'
2025-11-06 16:07:20,884 - INFO - ❌ UNEXPECTED exception (Input Loop): read_holding_registers() got an unexpected keyword argument 'unit_id'
2025-11-06 16:07:21,393 - INFO - ❌ UNEXPECTED exception (Input Loop): read_holding_registers() got an unexpected keyword argument 'unit_id'
2025-11-06 16:07:21,919 - INFO - ❌ UNEXPECTED exception (Input Loop): read_holding_registers() got an unexpected keyword argument 'unit_id'
2025-11-06 16:07:22,440 - INFO - ❌ UNEXPECTED exception (Input Loop): read_holding_registers() got an unexpected keyword argument 'unit_id'
2025-11-06 16:07:22,950 - INFO - ❌ UNEXPECTED exception (Input Loop): read_holding_registers() got an unexpected keyword argument 'unit_id'
2025-11-06 16:07:23,584 - INFO - ❌ UNEXPECTED exception (Input Loop): read_holding_registers() got an unexpected keyword argument 'unit_id'
2025-11-06 16:07:24,206 - INFO - ❌ UNEXPECTED exception (Input Loop): read_holding_registers() got an unexpected keyword argument 'unit_id'
2025-11-06 16:07:24,810 - INFO - ❌ UNEXPECTED exception (Input Loop): read_holding_registers() got an unexpected keyword argument 'unit_id'
2025-11-06 16:07:25,325 - INFO - ❌ UNEXPECTED exception (Input Loop): read_holding_registers() got an unexpected keyword argument 'unit_id'
2025-11-06 16:07:25,858 - INFO - ❌ UNEXPECTED exception (Input Loop): read_holding_registers() got an unexpected keyword argument 'unit_id'
2025-11-06 16:07:26,420 - INFO - ❌ UNEXPECTED exception (Input Loop): read_holding_registers() got an unexpected keyword argument 'unit_id'
2025-11-06 16:07:26,968 - INFO - ❌ UNEXPECTED exception (Input Loop): read_holding_registers() got an unexpected keyword argument 'unit_id'
2025-11-06 16:07:27,481 - INFO - ❌ UNEXPECTED exception (Input Loop): read_holding_registers() got an unexpected keyword argument 'unit_id'
2025-11-06 16:07:27,994 - INFO - ❌ UNEXPECTED exception (Input Loop): read_holding_registers() got an unexpected keyword argument 'unit_id'
2025-11-06 16:07:28,541 - INFO - ❌ UNEXPECTED exception (Input Loop): read_holding_registers() got an unexpected keyword argument 'unit_id'
2025-11-06 16:07:29,052 - INFO - ❌ UNEXPECTED exception (Input Loop): read_holding_registers() got an unexpected keyword argument 'unit_id'
2025-11-06 16:07:29,727 - INFO - ❌ UNEXPECTED exception (Input Loop): read_holding_registers() got an unexpected keyword argument 'unit_id'
2025-11-06 16:07:30,240 - INFO - ❌ UNEXPECTED exception (Input Loop): read_holding_registers() got an unexpected keyword argument 'unit_id'
2025-11-06 16:07:30,811 - INFO - ❌ UNEXPECTED exception (Input Loop): read_holding_registers() got an unexpected keyword argument 'unit_id'
2025-11-06 16:07:31,412 - INFO - ❌ UNEXPECTED exception (Input Loop): read_holding_registers() got an unexpected keyword argument 'unit_id'
2025-11-06 16:07:32,015 - INFO - ❌ UNEXPECTED exception (Input Loop): read_holding_registers() got an unexpected keyword argument 'unit_id'
2025-11-06 16:07:32,523 - INFO - ❌ UNEXPECTED exception (Input Loop): read_holding_registers() got an unexpected keyword argument 'unit_id'
2025-11-06 16:07:33,026 - INFO - ❌ UNEXPECTED exception (Input Loop): read_holding_registers() got an unexpected keyword argument 'unit_id'
2025-11-06 16:07:33,664 - INFO - ❌ UNEXPECTED exception (Input Loop): read_holding_registers() got an unexpected keyword argument 'unit_id'
2025-11-06 16:07:34,003 - INFO - License Plate Detected: BE2053AIS 
2025-11-06 16:07:34,007 - INFO - LPR: File lpr saved successfully
2025-11-06 16:07:34,178 - INFO - ❌ UNEXPECTED exception (Input Loop): read_holding_registers() got an unexpected keyword argument 'unit_id'
2025-11-06 16:07:34,800 - INFO - ❌ UNEXPECTED exception (Input Loop): read_holding_registers() got an unexpected keyword argument 'unit_id'
2025-11-06 16:07:35,399 - INFO - ❌ UNEXPECTED exception (Input Loop): read_holding_registers() got an unexpected keyword argument 'unit_id'
2025-11-06 16:07:35,914 - INFO - ❌ UNEXPECTED exception (Input Loop): read_holding_registers() got an unexpected keyword argument 'unit_id'
2025-11-06 16:07:36,528 - INFO - ❌ UNEXPECTED exception (Input Loop): read_holding_registers() got an unexpected keyword argument 'unit_id'
2025-11-06 16:07:37,151 - INFO - ❌ UNEXPECTED exception (Input Loop): read_holding_registers() got an unexpected keyword argument 'unit_id'
2025-11-06 16:07:37,677 - INFO - ❌ UNEXPECTED exception (Input Loop): read_holding_registers() got an unexpected keyword argument 'unit_id'
2025-11-06 16:07:38,323 - INFO - ❌ UNEXPECTED exception (Input Loop): read_holding_registers() got an unexpected keyword argument 'unit_id'
2025-11-06 16:07:38,986 - INFO - ❌ UNEXPECTED exception (Input Loop): read_holding_registers() got an unexpected keyword argument 'unit_id'
2025-11-06 16:07:39,646 - INFO - ❌ UNEXPECTED exception (Input Loop): read_holding_registers() got an unexpected keyword argument 'unit_id'
2025-11-06 16:07:40,172 - INFO - ❌ UNEXPECTED exception (Input Loop): read_holding_registers() got an unexpected keyword argument 'unit_id'
2025-11-06 16:07:40,676 - INFO - ❌ UNEXPECTED exception (Input Loop): read_holding_registers() got an unexpected keyword argument 'unit_id'
2025-11-06 16:07:41,320 - INFO - ❌ UNEXPECTED exception (Input Loop): read_holding_registers() got an unexpected keyword argument 'unit_id'
2025-11-06 16:07:41,830 - INFO - ❌ UNEXPECTED exception (Input Loop): read_holding_registers() got an unexpected keyword argument 'unit_id'
2025-11-06 16:07:42,333 - INFO - ❌ UNEXPECTED exception (Input Loop): read_holding_registers() got an unexpected keyword argument 'unit_id'
2025-11-06 16:07:42,986 - INFO - ❌ UNEXPECTED exception (Input Loop): read_holding_registers() got an unexpected keyword argument 'unit_id'
2025-11-06 16:07:43,503 - INFO - ❌ UNEXPECTED exception (Input Loop): read_holding_registers() got an unexpected keyword argument 'unit_id'
2025-11-06 16:07:44,018 - INFO - ❌ UNEXPECTED exception (Input Loop): read_holding_registers() got an unexpected keyword argument 'unit_id'
2025-11-06 16:07:44,534 - INFO - ❌ UNEXPECTED exception (Input Loop): read_holding_registers() got an unexpected keyword argument 'unit_id'
2025-11-06 16:07:45,172 - INFO - ❌ UNEXPECTED exception (Input Loop): read_holding_registers() got an unexpected keyword argument 'unit_id'
2025-11-06 16:07:45,815 - INFO - ❌ UNEXPECTED exception (Input Loop): read_holding_registers() got an unexpected keyword argument 'unit_id'
2025-11-06 16:07:46,455 - INFO - ❌ UNEXPECTED exception (Input Loop): read_holding_registers() got an unexpected keyword argument 'unit_id'
2025-11-06 16:07:47,097 - INFO - ❌ UNEXPECTED exception (Input Loop): read_holding_registers() got an unexpected keyword argument 'unit_id'
2025-11-06 16:07:47,623 - INFO - ❌ UNEXPECTED exception (Input Loop): read_holding_registers() got an unexpected keyword argument 'unit_id'
2025-11-06 16:07:48,134 - INFO - ❌ UNEXPECTED exception (Input Loop): read_holding_registers() got an unexpected keyword argument 'unit_id'
2025-11-06 16:07:48,639 - INFO - ❌ UNEXPECTED exception (Input Loop): read_holding_registers() got an unexpected keyword argument 'unit_id'
2025-11-06 16:07:49,274 - INFO - ❌ UNEXPECTED exception (Input Loop): read_holding_registers() got an unexpected keyword argument 'unit_id'
2025-11-06 16:07:49,796 - INFO - ❌ UNEXPECTED exception (Input Loop): read_holding_registers() got an unexpected keyword argument 'unit_id'
2025-11-06 16:07:50,306 - INFO - ❌ UNEXPECTED exception (Input Loop): read_holding_registers() got an unexpected keyword argument 'unit_id'
2025-11-06 16:07:50,838 - INFO - ❌ UNEXPECTED exception (Input Loop): read_holding_registers() got an unexpected keyword argument 'unit_id'
2025-11-06 16:07:51,351 - INFO - ❌ UNEXPECTED exception (Input Loop): read_holding_registers() got an unexpected keyword argument 'unit_id'
2025-11-06 16:07:51,854 - INFO - ❌ UNEXPECTED exception (Input Loop): read_holding_registers() got an unexpected keyword argument 'unit_id'
2025-11-06 16:07:52,357 - INFO - ❌ UNEXPECTED exception (Input Loop): read_holding_registers() got an unexpected keyword argument 'unit_id'
2025-11-06 16:07:53,000 - INFO - ❌ UNEXPECTED exception (Input Loop): read_holding_registers() got an unexpected keyword argument 'unit_id'
2025-11-06 16:07:53,508 - INFO - ❌ UNEXPECTED exception (Input Loop): read_holding_registers() got an unexpected keyword argument 'unit_id'
2025-11-06 16:07:54,038 - INFO - ❌ UNEXPECTED exception (Input Loop): read_holding_registers() got an unexpected keyword argument 'unit_id'
2025-11-06 16:07:54,547 - INFO - ❌ UNEXPECTED exception (Input Loop): read_holding_registers() got an unexpected keyword argument 'unit_id'
2025-11-06 16:07:55,171 - INFO - ❌ UNEXPECTED exception (Input Loop): read_holding_registers() got an unexpected keyword argument 'unit_id'
2025-11-06 16:07:55,680 - INFO - ❌ UNEXPECTED exception (Input Loop): read_holding_registers() got an unexpected keyword argument 'unit_id'
2025-11-06 16:07:56,196 - INFO - ❌ UNEXPECTED exception (Input Loop): read_holding_registers() got an unexpected keyword argument 'unit_id'
2025-11-06 16:07:56,701 - INFO - ❌ UNEXPECTED exception (Input Loop): read_holding_registers() got an unexpected keyword argument 'unit_id'
2025-11-06 16:07:57,509 - INFO - ❌ UNEXPECTED exception (Input Loop): read_holding_registers() got an unexpected keyword argument 'unit_id'
2025-11-06 16:07:58,018 - INFO - ❌ UNEXPECTED exception (Input Loop): read_holding_registers() got an unexpected keyword argument 'unit_id'
2025-11-06 16:07:58,538 - INFO - ❌ UNEXPECTED exception (Input Loop): read_holding_registers() got an unexpected keyword argument 'unit_id'
2025-11-06 16:07:59,063 - INFO - ❌ UNEXPECTED exception (Input Loop): read_holding_registers() got an unexpected keyword argument 'unit_id'
2025-11-06 16:07:59,572 - INFO - ❌ UNEXPECTED exception (Input Loop): read_holding_registers() got an unexpected keyword argument 'unit_id'
2025-11-06 16:08:00,210 - INFO - ❌ UNEXPECTED exception (Input Loop): read_holding_registers() got an unexpected keyword argument 'unit_id'
2025-11-06 16:08:00,725 - INFO - ❌ UNEXPECTED exception (Input Loop): read_holding_registers() got an unexpected keyword argument 'unit_id'
2025-11-06 16:08:01,251 - INFO - ❌ UNEXPECTED exception (Input Loop): read_holding_registers() got an unexpected keyword argument 'unit_id'
2025-11-06 16:08:01,762 - INFO - ❌ UNEXPECTED exception (Input Loop): read_holding_registers() got an unexpected keyword argument 'unit_id'
2025-11-06 16:08:02,274 - INFO - ❌ UNEXPECTED exception (Input Loop): read_holding_registers() got an unexpected keyword argument 'unit_id'
2025-11-06 16:08:02,915 - INFO - ❌ UNEXPECTED exception (Input Loop): read_holding_registers() got an unexpected keyword argument 'unit_id'
2025-11-06 16:08:03,449 - INFO - ❌ UNEXPECTED exception (Input Loop): read_holding_registers() got an unexpected keyword argument 'unit_id'
2025-11-06 16:08:03,959 - INFO - ❌ UNEXPECTED exception (Input Loop): read_holding_registers() got an unexpected keyword argument 'unit_id'
2025-11-06 16:08:04,597 - INFO - ❌ UNEXPECTED exception (Input Loop): read_holding_registers() got an unexpected keyword argument 'unit_id'
2025-11-06 16:08:05,112 - INFO - ❌ UNEXPECTED exception (Input Loop): read_holding_registers() got an unexpected keyword argument 'unit_id'
2025-11-06 16:08:05,624 - INFO - ❌ UNEXPECTED exception (Input Loop): read_holding_registers() got an unexpected keyword argument 'unit_id'
2025-11-06 16:08:06,282 - INFO - ❌ UNEXPECTED exception (Input Loop): read_holding_registers() got an unexpected keyword argument 'unit_id'
2025-11-06 16:08:06,839 - INFO - ❌ UNEXPECTED exception (Input Loop): read_holding_registers() got an unexpected keyword argument 'unit_id'
2025-11-06 16:08:07,515 - INFO - ❌ UNEXPECTED exception (Input Loop): read_holding_registers() got an unexpected keyword argument 'unit_id'
2025-11-06 16:08:08,171 - INFO - ❌ UNEXPECTED exception (Input Loop): read_holding_registers() got an unexpected keyword argument 'unit_id'
2025-11-06 16:08:08,682 - INFO - ❌ UNEXPECTED exception (Input Loop): read_holding_registers() got an unexpected keyword argument 'unit_id'
2025-11-06 16:08:09,321 - INFO - ❌ UNEXPECTED exception (Input Loop): read_holding_registers() got an unexpected keyword argument 'unit_id'
2025-11-06 16:08:09,835 - INFO - ❌ UNEXPECTED exception (Input Loop): read_holding_registers() got an unexpected keyword argument 'unit_id'
2025-11-06 16:08:10,339 - INFO - ❌ UNEXPECTED exception (Input Loop): read_holding_registers() got an unexpected keyword argument 'unit_id'
2025-11-06 16:08:10,848 - INFO - ❌ UNEXPECTED exception (Input Loop): read_holding_registers() got an unexpected keyword argument 'unit_id'
2025-11-06 16:08:11,353 - INFO - ❌ UNEXPECTED exception (Input Loop): read_holding_registers() got an unexpected keyword argument 'unit_id'
2025-11-06 16:08:11,857 - INFO - ❌ UNEXPECTED exception (Input Loop): read_holding_registers() got an unexpected keyword argument 'unit_id'
2025-11-06 16:08:12,364 - INFO - ❌ UNEXPECTED exception (Input Loop): read_holding_registers() got an unexpected keyword argument 'unit_id'
2025-11-06 16:08:12,873 - INFO - ❌ UNEXPECTED exception (Input Loop): read_holding_registers() got an unexpected keyword argument 'unit_id'
2025-11-06 16:08:13,375 - INFO - ❌ UNEXPECTED exception (Input Loop): read_holding_registers() got an unexpected keyword argument 'unit_id'
2025-11-06 16:08:13,877 - INFO - ❌ UNEXPECTED exception (Input Loop): read_holding_registers() got an unexpected keyword argument 'unit_id'
2025-11-06 16:08:14,521 - INFO - ❌ UNEXPECTED exception (Input Loop): read_holding_registers() got an unexpected keyword argument 'unit_id'
2025-11-06 16:08:15,041 - INFO - ❌ UNEXPECTED exception (Input Loop): read_holding_registers() got an unexpected keyword argument 'unit_id'
2025-11-06 16:08:15,548 - INFO - ❌ UNEXPECTED exception (Input Loop): read_holding_registers() got an unexpected keyword argument 'unit_id'
2025-11-06 16:08:16,052 - INFO - ❌ UNEXPECTED exception (Input Loop): read_holding_registers() got an unexpected keyword argument 'unit_id'
2025-11-06 16:08:16,702 - INFO - ❌ UNEXPECTED exception (Input Loop): read_holding_registers() got an unexpected keyword argument 'unit_id'
2025-11-06 16:08:17,348 - INFO - ❌ UNEXPECTED exception (Input Loop): read_holding_registers() got an unexpected keyword argument 'unit_id'
2025-11-06 16:08:17,989 - INFO - ❌ UNEXPECTED exception (Input Loop): read_holding_registers() got an unexpected keyword argument 'unit_id'
2025-11-06 16:08:18,516 - INFO - ❌ UNEXPECTED exception (Input Loop): read_holding_registers() got an unexpected keyword argument 'unit_id'
2025-11-06 16:08:19,024 - INFO - ❌ UNEXPECTED exception (Input Loop): read_holding_registers() got an unexpected keyword argument 'unit_id'
2025-11-06 16:08:19,527 - INFO - ❌ UNEXPECTED exception (Input Loop): read_holding_registers() got an unexpected keyword argument 'unit_id'
2025-11-06 16:08:20,037 - INFO - ❌ UNEXPECTED exception (Input Loop): read_holding_registers() got an unexpected keyword argument 'unit_id'
2025-11-06 16:08:20,547 - INFO - ❌ UNEXPECTED exception (Input Loop): read_holding_registers() got an unexpected keyword argument 'unit_id'
2025-11-06 16:08:21,050 - INFO - ❌ UNEXPECTED exception (Input Loop): read_holding_registers() got an unexpected keyword argument 'unit_id'
2025-11-06 16:08:21,556 - INFO - ❌ UNEXPECTED exception (Input Loop): read_holding_registers() got an unexpected keyword argument 'unit_id'
2025-11-06 16:08:22,065 - INFO - ❌ UNEXPECTED exception (Input Loop): read_holding_registers() got an unexpected keyword argument 'unit_id'
2025-11-06 16:08:22,711 - INFO - ❌ UNEXPECTED exception (Input Loop): read_holding_registers() got an unexpected keyword argument 'unit_id'
2025-11-06 16:08:23,228 - INFO - ❌ UNEXPECTED exception (Input Loop): read_holding_registers() got an unexpected keyword argument 'unit_id'
2025-11-06 16:08:23,747 - INFO - ❌ UNEXPECTED exception (Input Loop): read_holding_registers() got an unexpected keyword argument 'unit_id'
2025-11-06 16:08:24,259 - INFO - ❌ UNEXPECTED exception (Input Loop): read_holding_registers() got an unexpected keyword argument 'unit_id'
2025-11-06 16:08:24,769 - INFO - ❌ UNEXPECTED exception (Input Loop): read_holding_registers() got an unexpected keyword argument 'unit_id'
2025-11-06 16:08:25,281 - INFO - ❌ UNEXPECTED exception (Input Loop): read_holding_registers() got an unexpected keyword argument 'unit_id'
2025-11-06 16:08:25,797 - INFO - ❌ UNEXPECTED exception (Input Loop): read_holding_registers() got an unexpected keyword argument 'unit_id'
2025-11-06 16:08:26,459 - INFO - ❌ UNEXPECTED exception (Input Loop): read_holding_registers() got an unexpected keyword argument 'unit_id'
2025-11-06 16:08:26,968 - INFO - ❌ UNEXPECTED exception (Input Loop): read_holding_registers() got an unexpected keyword argument 'unit_id'
2025-11-06 16:08:27,472 - INFO - ❌ UNEXPECTED exception (Input Loop): read_holding_registers() got an unexpected keyword argument 'unit_id'
2025-11-06 16:08:28,137 - INFO - ❌ UNEXPECTED exception (Input Loop): read_holding_registers() got an unexpected keyword argument 'unit_id'
2025-11-06 16:08:28,663 - INFO - ❌ UNEXPECTED exception (Input Loop): read_holding_registers() got an unexpected keyword argument 'unit_id'
2025-11-06 16:08:29,173 - INFO - ❌ UNEXPECTED exception (Input Loop): read_holding_registers() got an unexpected keyword argument 'unit_id'
2025-11-06 16:08:29,703 - INFO - ❌ UNEXPECTED exception (Input Loop): read_holding_registers() got an unexpected keyword argument 'unit_id'
2025-11-06 16:08:30,347 - INFO - ❌ UNEXPECTED exception (Input Loop): read_holding_registers() got an unexpected keyword argument 'unit_id'
2025-11-06 16:08:30,898 - INFO - ❌ UNEXPECTED exception (Input Loop): read_holding_registers() got an unexpected keyword argument 'unit_id'
2025-11-06 16:08:31,476 - INFO - ❌ UNEXPECTED exception (Input Loop): read_holding_registers() got an unexpected keyword argument 'unit_id'
2025-11-06 16:08:32,003 - INFO - ❌ UNEXPECTED exception (Input Loop): read_holding_registers() got an unexpected keyword argument 'unit_id'
2025-11-06 16:08:32,613 - INFO - ❌ UNEXPECTED exception (Input Loop): read_holding_registers() got an unexpected keyword argument 'unit_id'
2025-11-06 16:08:33,118 - INFO - ❌ UNEXPECTED exception (Input Loop): read_holding_registers() got an unexpected keyword argument 'unit_id'
2025-11-06 16:08:33,781 - INFO - ❌ UNEXPECTED exception (Input Loop): read_holding_registers() got an unexpected keyword argument 'unit_id'
2025-11-06 16:08:34,329 - INFO - ❌ UNEXPECTED exception (Input Loop): read_holding_registers() got an unexpected keyword argument 'unit_id'
2025-11-06 16:08:34,839 - INFO - ❌ UNEXPECTED exception (Input Loop): read_holding_registers() got an unexpected keyword argument 'unit_id'
2025-11-06 16:08:35,343 - INFO - ❌ UNEXPECTED exception (Input Loop): read_holding_registers() got an unexpected keyword argument 'unit_id'
2025-11-06 16:08:35,846 - INFO - ❌ UNEXPECTED exception (Input Loop): read_holding_registers() got an unexpected keyword argument 'unit_id'
2025-11-06 16:08:36,365 - INFO - ❌ UNEXPECTED exception (Input Loop): read_holding_registers() got an unexpected keyword argument 'unit_id'
2025-11-06 16:08:36,884 - INFO - ❌ UNEXPECTED exception (Input Loop): read_holding_registers() got an unexpected keyword argument 'unit_id'
2025-11-06 16:08:37,399 - INFO - ❌ UNEXPECTED exception (Input Loop): read_holding_registers() got an unexpected keyword argument 'unit_id'
2025-11-06 16:08:37,902 - INFO - ❌ UNEXPECTED exception (Input Loop): read_holding_registers() got an unexpected keyword argument 'unit_id'
2025-11-06 16:08:38,413 - INFO - ❌ UNEXPECTED exception (Input Loop): read_holding_registers() got an unexpected keyword argument 'unit_id'
2025-11-06 16:08:38,922 - INFO - ❌ UNEXPECTED exception (Input Loop): read_holding_registers() got an unexpected keyword argument 'unit_id'
2025-11-06 16:08:39,561 - INFO - ❌ UNEXPECTED exception (Input Loop): read_holding_registers() got an unexpected keyword argument 'unit_id'
2025-11-06 16:08:40,214 - INFO - ❌ UNEXPECTED exception (Input Loop): read_holding_registers() got an unexpected keyword argument 'unit_id'
2025-11-06 16:08:40,826 - INFO - ❌ UNEXPECTED exception (Input Loop): read_holding_registers() got an unexpected keyword argument 'unit_id'
2025-11-06 16:08:41,366 - INFO - ❌ UNEXPECTED exception (Input Loop): read_holding_registers() got an unexpected keyword argument 'unit_id'
2025-11-06 16:08:41,879 - INFO - ❌ UNEXPECTED exception (Input Loop): read_holding_registers() got an unexpected keyword argument 'unit_id'
2025-11-06 16:08:42,388 - INFO - ❌ UNEXPECTED exception (Input Loop): read_holding_registers() got an unexpected keyword argument 'unit_id'
2025-11-06 16:08:42,898 - INFO - ❌ UNEXPECTED exception (Input Loop): read_holding_registers() got an unexpected keyword argument 'unit_id'
2025-11-06 16:08:43,437 - INFO - ❌ UNEXPECTED exception (Input Loop): read_holding_registers() got an unexpected keyword argument 'unit_id'
2025-11-06 16:08:43,960 - INFO - ❌ UNEXPECTED exception (Input Loop): read_holding_registers() got an unexpected keyword argument 'unit_id'
2025-11-06 16:08:44,484 - INFO - ❌ UNEXPECTED exception (Input Loop): read_holding_registers() got an unexpected keyword argument 'unit_id'
2025-11-06 16:08:44,993 - INFO - ❌ UNEXPECTED exception (Input Loop): read_holding_registers() got an unexpected keyword argument 'unit_id'
2025-11-06 16:08:45,522 - INFO - ❌ UNEXPECTED exception (Input Loop): read_holding_registers() got an unexpected keyword argument 'unit_id'
2025-11-06 16:08:46,031 - INFO - ❌ UNEXPECTED exception (Input Loop): read_holding_registers() got an unexpected keyword argument 'unit_id'
2025-11-06 16:08:46,552 - INFO - ❌ UNEXPECTED exception (Input Loop): read_holding_registers() got an unexpected keyword argument 'unit_id'
2025-11-06 16:08:47,065 - INFO - ❌ UNEXPECTED exception (Input Loop): read_holding_registers() got an unexpected keyword argument 'unit_id'
2025-11-06 16:08:47,575 - INFO - ❌ UNEXPECTED exception (Input Loop): read_holding_registers() got an unexpected keyword argument 'unit_id'
2025-11-06 16:08:48,105 - INFO - ❌ UNEXPECTED exception (Input Loop): read_holding_registers() got an unexpected keyword argument 'unit_id'
2025-11-06 16:08:48,619 - INFO - ❌ UNEXPECTED exception (Input Loop): read_holding_registers() got an unexpected keyword argument 'unit_id'
2025-11-06 16:08:49,123 - INFO - ❌ UNEXPECTED exception (Input Loop): read_holding_registers() got an unexpected keyword argument 'unit_id'
2025-11-06 16:08:49,636 - INFO - ❌ UNEXPECTED exception (Input Loop): read_holding_registers() got an unexpected keyword argument 'unit_id'
2025-11-06 16:08:50,176 - INFO - ❌ UNEXPECTED exception (Input Loop): read_holding_registers() got an unexpected keyword argument 'unit_id'
2025-11-06 16:08:50,720 - INFO - ❌ UNEXPECTED exception (Input Loop): read_holding_registers() got an unexpected keyword argument 'unit_id'
2025-11-06 16:08:51,235 - INFO - ❌ UNEXPECTED exception (Input Loop): read_holding_registers() got an unexpected keyword argument 'unit_id'
2025-11-06 16:08:51,868 - INFO - ❌ UNEXPECTED exception (Input Loop): read_holding_registers() got an unexpected keyword argument 'unit_id'
2025-11-06 16:08:52,384 - INFO - ❌ UNEXPECTED exception (Input Loop): read_holding_registers() got an unexpected keyword argument 'unit_id'
2025-11-06 16:08:53,028 - INFO - ❌ UNEXPECTED exception (Input Loop): read_holding_registers() got an unexpected keyword argument 'unit_id'
2025-11-06 16:08:53,686 - INFO - ❌ UNEXPECTED exception (Input Loop): read_holding_registers() got an unexpected keyword argument 'unit_id'
2025-11-06 16:08:54,197 - INFO - ❌ UNEXPECTED exception (Input Loop): read_holding_registers() got an unexpected keyword argument 'unit_id'
2025-11-06 16:08:54,825 - INFO - ❌ UNEXPECTED exception (Input Loop): read_holding_registers() got an unexpected keyword argument 'unit_id'
2025-11-06 16:08:55,494 - INFO - ❌ UNEXPECTED exception (Input Loop): read_holding_registers() got an unexpected keyword argument 'unit_id'
2025-11-06 16:08:56,143 - INFO - ❌ UNEXPECTED exception (Input Loop): read_holding_registers() got an unexpected keyword argument 'unit_id'
2025-11-06 16:08:56,789 - INFO - ❌ UNEXPECTED exception (Input Loop): read_holding_registers() got an unexpected keyword argument 'unit_id'
2025-11-06 16:08:57,299 - INFO - ❌ UNEXPECTED exception (Input Loop): read_holding_registers() got an unexpected keyword argument 'unit_id'
2025-11-06 16:08:57,804 - INFO - ❌ UNEXPECTED exception (Input Loop): read_holding_registers() got an unexpected keyword argument 'unit_id'
2025-11-06 16:08:58,435 - INFO - ❌ UNEXPECTED exception (Input Loop): read_holding_registers() got an unexpected keyword argument 'unit_id'
2025-11-06 16:08:58,945 - INFO - ❌ UNEXPECTED exception (Input Loop): read_holding_registers() got an unexpected keyword argument 'unit_id'
2025-11-06 16:08:59,571 - INFO - ❌ UNEXPECTED exception (Input Loop): read_holding_registers() got an unexpected keyword argument 'unit_id'
2025-11-06 16:09:00,080 - INFO - ❌ UNEXPECTED exception (Input Loop): read_holding_registers() got an unexpected keyword argument 'unit_id'
2025-11-06 16:09:00,710 - INFO - ❌ UNEXPECTED exception (Input Loop): read_holding_registers() got an unexpected keyword argument 'unit_id'
2025-11-06 16:09:01,242 - INFO - ❌ UNEXPECTED exception (Input Loop): read_holding_registers() got an unexpected keyword argument 'unit_id'
2025-11-06 16:09:01,802 - INFO - ❌ UNEXPECTED exception (Input Loop): read_holding_registers() got an unexpected keyword argument 'unit_id'
2025-11-06 16:09:02,345 - INFO - ❌ UNEXPECTED exception (Input Loop): read_holding_registers() got an unexpected keyword argument 'unit_id'
2025-11-06 16:09:02,982 - INFO - ❌ UNEXPECTED exception (Input Loop): read_holding_registers() got an unexpected keyword argument 'unit_id'
2025-11-06 16:09:03,552 - INFO - ❌ UNEXPECTED exception (Input Loop): read_holding_registers() got an unexpected keyword argument 'unit_id'
2025-11-06 16:09:04,070 - INFO - ❌ UNEXPECTED exception (Input Loop): read_holding_registers() got an unexpected keyword argument 'unit_id'
2025-11-06 16:09:04,763 - INFO - ❌ UNEXPECTED exception (Input Loop): read_holding_registers() got an unexpected keyword argument 'unit_id'
2025-11-06 16:09:05,269 - INFO - ❌ UNEXPECTED exception (Input Loop): read_holding_registers() got an unexpected keyword argument 'unit_id'
2025-11-06 16:09:05,795 - INFO - ❌ UNEXPECTED exception (Input Loop): read_holding_registers() got an unexpected keyword argument 'unit_id'
2025-11-06 16:09:06,302 - INFO - ❌ UNEXPECTED exception (Input Loop): read_holding_registers() got an unexpected keyword argument 'unit_id'
2025-11-06 16:09:06,806 - INFO - ❌ UNEXPECTED exception (Input Loop): read_holding_registers() got an unexpected keyword argument 'unit_id'
2025-11-06 16:09:07,598 - INFO - ❌ UNEXPECTED exception (Input Loop): read_holding_registers() got an unexpected keyword argument 'unit_id'
2025-11-06 16:09:08,108 - INFO - ❌ UNEXPECTED exception (Input Loop): read_holding_registers() got an unexpected keyword argument 'unit_id'
2025-11-06 16:09:08,610 - INFO - ❌ UNEXPECTED exception (Input Loop): read_holding_registers() got an unexpected keyword argument 'unit_id'
2025-11-06 16:09:09,277 - INFO - ❌ UNEXPECTED exception (Input Loop): read_holding_registers() got an unexpected keyword argument 'unit_id'
2025-11-06 16:09:10,059 - INFO - ❌ UNEXPECTED exception (Input Loop): read_holding_registers() got an unexpected keyword argument 'unit_id'
2025-11-06 16:09:10,579 - INFO - ❌ UNEXPECTED exception (Input Loop): read_holding_registers() got an unexpected keyword argument 'unit_id'
2025-11-06 16:09:11,219 - INFO - ❌ UNEXPECTED exception (Input Loop): read_holding_registers() got an unexpected keyword argument 'unit_id'
2025-11-06 16:09:11,857 - INFO - ❌ UNEXPECTED exception (Input Loop): read_holding_registers() got an unexpected keyword argument 'unit_id'
2025-11-06 16:09:12,365 - INFO - ❌ UNEXPECTED exception (Input Loop): read_holding_registers() got an unexpected keyword argument 'unit_id'
2025-11-06 16:09:12,875 - INFO - ❌ UNEXPECTED exception (Input Loop): read_holding_registers() got an unexpected keyword argument 'unit_id'
2025-11-06 16:09:13,522 - INFO - ❌ UNEXPECTED exception (Input Loop): read_holding_registers() got an unexpected keyword argument 'unit_id'
2025-11-06 16:09:14,068 - INFO - ❌ UNEXPECTED exception (Input Loop): read_holding_registers() got an unexpected keyword argument 'unit_id'
2025-11-06 16:09:14,577 - INFO - ❌ UNEXPECTED exception (Input Loop): read_holding_registers() got an unexpected keyword argument 'unit_id'
2025-11-06 16:09:15,234 - INFO - ❌ UNEXPECTED exception (Input Loop): read_holding_registers() got an unexpected keyword argument 'unit_id'
2025-11-06 16:09:15,741 - INFO - ❌ UNEXPECTED exception (Input Loop): read_holding_registers() got an unexpected keyword argument 'unit_id'
2025-11-06 16:09:16,377 - INFO - ❌ UNEXPECTED exception (Input Loop): read_holding_registers() got an unexpected keyword argument 'unit_id'
2025-11-06 16:09:16,904 - INFO - ❌ UNEXPECTED exception (Input Loop): read_holding_registers() got an unexpected keyword argument 'unit_id'
2025-11-06 16:09:17,412 - INFO - ❌ UNEXPECTED exception (Input Loop): read_holding_registers() got an unexpected keyword argument 'unit_id'
2025-11-06 16:09:18,061 - INFO - ❌ UNEXPECTED exception (Input Loop): read_holding_registers() got an unexpected keyword argument 'unit_id'
2025-11-06 16:09:18,576 - INFO - ❌ UNEXPECTED exception (Input Loop): read_holding_registers() got an unexpected keyword argument 'unit_id'
2025-11-06 16:09:19,100 - INFO - ❌ UNEXPECTED exception (Input Loop): read_holding_registers() got an unexpected keyword argument 'unit_id'
2025-11-06 16:09:19,631 - INFO - ❌ UNEXPECTED exception (Input Loop): read_holding_registers() got an unexpected keyword argument 'unit_id'
2025-11-06 16:09:20,168 - INFO - ❌ UNEXPECTED exception (Input Loop): read_holding_registers() got an unexpected keyword argument 'unit_id'
2025-11-06 16:09:20,677 - INFO - ❌ UNEXPECTED exception (Input Loop): read_holding_registers() got an unexpected keyword argument 'unit_id'
2025-11-06 16:09:21,205 - INFO - ❌ UNEXPECTED exception (Input Loop): read_holding_registers() got an unexpected keyword argument 'unit_id'
2025-11-06 16:09:21,864 - INFO - ❌ UNEXPECTED exception (Input Loop): read_holding_registers() got an unexpected keyword argument 'unit_id'
2025-11-06 16:09:22,369 - INFO - ❌ UNEXPECTED exception (Input Loop): read_holding_registers() got an unexpected keyword argument 'unit_id'
2025-11-06 16:09:22,875 - INFO - ❌ UNEXPECTED exception (Input Loop): read_holding_registers() got an unexpected keyword argument 'unit_id'
2025-11-06 16:09:23,531 - INFO - ❌ UNEXPECTED exception (Input Loop): read_holding_registers() got an unexpected keyword argument 'unit_id'
2025-11-06 16:09:24,048 - INFO - ❌ UNEXPECTED exception (Input Loop): read_holding_registers() got an unexpected keyword argument 'unit_id'
2025-11-06 16:09:24,558 - INFO - ❌ UNEXPECTED exception (Input Loop): read_holding_registers() got an unexpected keyword argument 'unit_id'
2025-11-06 16:09:25,333 - INFO - ❌ UNEXPECTED exception (Input Loop): read_holding_registers() got an unexpected keyword argument 'unit_id'
2025-11-06 16:09:25,876 - INFO - ❌ UNEXPECTED exception (Input Loop): read_holding_registers() got an unexpected keyword argument 'unit_id'
2025-11-06 16:09:26,386 - INFO - ❌ UNEXPECTED exception (Input Loop): read_holding_registers() got an unexpected keyword argument 'unit_id'
2025-11-06 16:09:26,897 - INFO - ❌ UNEXPECTED exception (Input Loop): read_holding_registers() got an unexpected keyword argument 'unit_id'
2025-11-06 16:09:27,545 - INFO - ❌ UNEXPECTED exception (Input Loop): read_holding_registers() got an unexpected keyword argument 'unit_id'
2025-11-06 16:09:28,062 - INFO - ❌ UNEXPECTED exception (Input Loop): read_holding_registers() got an unexpected keyword argument 'unit_id'
2025-11-06 16:09:28,566 - INFO - ❌ UNEXPECTED exception (Input Loop): read_holding_registers() got an unexpected keyword argument 'unit_id'
2025-11-06 16:09:29,069 - INFO - ❌ UNEXPECTED exception (Input Loop): read_holding_registers() got an unexpected keyword argument 'unit_id'
2025-11-06 16:09:29,744 - INFO - ❌ UNEXPECTED exception (Input Loop): read_holding_registers() got an unexpected keyword argument 'unit_id'
2025-11-06 16:09:30,273 - INFO - ❌ UNEXPECTED exception (Input Loop): read_holding_registers() got an unexpected keyword argument 'unit_id'
2025-11-06 16:09:30,779 - INFO - ❌ UNEXPECTED exception (Input Loop): read_holding_registers() got an unexpected keyword argument 'unit_id'
2025-11-06 16:09:31,287 - INFO - ❌ UNEXPECTED exception (Input Loop): read_holding_registers() got an unexpected keyword argument 'unit_id'
2025-11-06 16:09:31,794 - INFO - ❌ UNEXPECTED exception (Input Loop): read_holding_registers() got an unexpected keyword argument 'unit_id'
2025-11-06 16:09:32,430 - INFO - ❌ UNEXPECTED exception (Input Loop): read_holding_registers() got an unexpected keyword argument 'unit_id'
2025-11-06 16:09:32,943 - INFO - ❌ UNEXPECTED exception (Input Loop): read_holding_registers() got an unexpected keyword argument 'unit_id'
2025-11-06 16:09:33,487 - INFO - ❌ UNEXPECTED exception (Input Loop): read_holding_registers() got an unexpected keyword argument 'unit_id'
2025-11-06 16:09:34,047 - INFO - ❌ UNEXPECTED exception (Input Loop): read_holding_registers() got an unexpected keyword argument 'unit_id'
2025-11-06 16:09:34,605 - INFO - ❌ UNEXPECTED exception (Input Loop): read_holding_registers() got an unexpected keyword argument 'unit_id'
2025-11-06 16:09:35,114 - INFO - ❌ UNEXPECTED exception (Input Loop): read_holding_registers() got an unexpected keyword argument 'unit_id'
2025-11-06 16:09:35,723 - INFO - ❌ UNEXPECTED exception (Input Loop): read_holding_registers() got an unexpected keyword argument 'unit_id'
2025-11-06 16:09:36,394 - INFO - ❌ UNEXPECTED exception (Input Loop): read_holding_registers() got an unexpected keyword argument 'unit_id'
2025-11-06 16:09:37,005 - INFO - ❌ UNEXPECTED exception (Input Loop): read_holding_registers() got an unexpected keyword argument 'unit_id'
2025-11-06 16:09:37,652 - INFO - ❌ UNEXPECTED exception (Input Loop): read_holding_registers() got an unexpected keyword argument 'unit_id'
2025-11-06 16:09:38,223 - INFO - ❌ UNEXPECTED exception (Input Loop): read_holding_registers() got an unexpected keyword argument 'unit_id'
2025-11-06 16:09:38,833 - INFO - ❌ UNEXPECTED exception (Input Loop): read_holding_registers() got an unexpected keyword argument 'unit_id'
2025-11-06 16:09:39,479 - INFO - ❌ UNEXPECTED exception (Input Loop): read_holding_registers() got an unexpected keyword argument 'unit_id'
2025-11-06 16:09:39,993 - INFO - ❌ UNEXPECTED exception (Input Loop): read_holding_registers() got an unexpected keyword argument 'unit_id'
2025-11-06 16:09:40,495 - INFO - ❌ UNEXPECTED exception (Input Loop): read_holding_registers() got an unexpected keyword argument 'unit_id'
2025-11-06 16:09:41,000 - INFO - ❌ UNEXPECTED exception (Input Loop): read_holding_registers() got an unexpected keyword argument 'unit_id'
2025-11-06 16:09:41,711 - INFO - ❌ UNEXPECTED exception (Input Loop): read_holding_registers() got an unexpected keyword argument 'unit_id'
2025-11-06 16:09:42,312 - INFO - ❌ UNEXPECTED exception (Input Loop): read_holding_registers() got an unexpected keyword argument 'unit_id'
2025-11-06 16:09:42,830 - INFO - ❌ UNEXPECTED exception (Input Loop): read_holding_registers() got an unexpected keyword argument 'unit_id'
2025-11-06 16:09:43,339 - INFO - ❌ UNEXPECTED exception (Input Loop): read_holding_registers() got an unexpected keyword argument 'unit_id'
2025-11-06 16:09:43,895 - INFO - ❌ UNEXPECTED exception (Input Loop): read_holding_registers() got an unexpected keyword argument 'unit_id'
2025-11-06 16:09:44,479 - INFO - ❌ UNEXPECTED exception (Input Loop): read_holding_registers() got an unexpected keyword argument 'unit_id'
2025-11-06 16:09:45,118 - INFO - ❌ UNEXPECTED exception (Input Loop): read_holding_registers() got an unexpected keyword argument 'unit_id'
2025-11-06 16:09:45,765 - INFO - ❌ UNEXPECTED exception (Input Loop): read_holding_registers() got an unexpected keyword argument 'unit_id'
2025-11-06 16:09:46,328 - INFO - ❌ UNEXPECTED exception (Input Loop): read_holding_registers() got an unexpected keyword argument 'unit_id'
2025-11-06 16:09:46,993 - INFO - ❌ UNEXPECTED exception (Input Loop): read_holding_registers() got an unexpected keyword argument 'unit_id'
2025-11-06 16:09:47,715 - INFO - ❌ UNEXPECTED exception (Input Loop): read_holding_registers() got an unexpected keyword argument 'unit_id'
2025-11-06 16:09:48,299 - INFO - ❌ UNEXPECTED exception (Input Loop): read_holding_registers() got an unexpected keyword argument 'unit_id'
2025-11-06 16:09:48,921 - INFO - ❌ UNEXPECTED exception (Input Loop): read_holding_registers() got an unexpected keyword argument 'unit_id'
2025-11-06 16:09:49,430 - INFO - ❌ UNEXPECTED exception (Input Loop): read_holding_registers() got an unexpected keyword argument 'unit_id'
2025-11-06 16:09:50,016 - INFO - ❌ UNEXPECTED exception (Input Loop): read_holding_registers() got an unexpected keyword argument 'unit_id'
2025-11-06 16:09:50,581 - INFO - ❌ UNEXPECTED exception (Input Loop): read_holding_registers() got an unexpected keyword argument 'unit_id'
2025-11-06 16:09:51,116 - INFO - ❌ UNEXPECTED exception (Input Loop): read_holding_registers() got an unexpected keyword argument 'unit_id'
2025-11-06 16:09:51,713 - INFO - ❌ UNEXPECTED exception (Input Loop): read_holding_registers() got an unexpected keyword argument 'unit_id'
2025-11-06 16:09:52,224 - INFO - ❌ UNEXPECTED exception (Input Loop): read_holding_registers() got an unexpected keyword argument 'unit_id'
2025-11-06 16:09:52,805 - INFO - ❌ UNEXPECTED exception (Input Loop): read_holding_registers() got an unexpected keyword argument 'unit_id'
2025-11-06 16:09:53,339 - INFO - ❌ UNEXPECTED exception (Input Loop): read_holding_registers() got an unexpected keyword argument 'unit_id'
2025-11-06 16:10:02,694 - INFO - 
🚀 Memulai setup dari flash disk...
2025-11-06 16:10:02,695 - INFO - Memindai drive removable (flash disk)...
2025-11-06 16:10:02,698 - INFO - Drive (Linux fallback) terdeteksi: ['/media/pi/D066-6CE3']
2025-11-06 16:10:02,699 - INFO - Drive final ditemukan: ['/media/pi/D066-6CE3']
2025-11-06 16:10:02,700 - INFO - Mencari file .env di: /media/pi/D066-6CE3/.env
2025-11-06 16:10:02,701 - INFO - ✅ File .env ditemukan di: /media/pi/D066-6CE3
2025-11-06 16:10:02,703 - INFO - ✅ BERHASIL: File .env disalin ke ./.env
2025-11-06 16:10:02,705 - INFO - Memuat variabel dari ./.env...
2025-11-06 16:10:02,725 - INFO - ✅ Variabel lingkungan (environment) berhasil dimuat.
2025-11-06 16:10:02,727 - INFO - Variabel 'BACKGROUND_IMAGE' ditemukan: parking.jpg
2025-11-06 16:10:02,728 - INFO - Mencari file aset di: /media/pi/D066-6CE3/parking.jpg
2025-11-06 16:10:02,750 - INFO - ✅ BERHASIL: File 'parking.jpg' disalin ke ./assets/parking.jpg
2025-11-06 16:10:02,751 - INFO - 
Setup dari flash disk selesai.
2025-11-06 16:10:02,981 - INFO - ✅ OLED display initialized successfully
2025-11-06 16:10:05,109 - INFO - ✅ Connected to 192.168.99.37:502
2025-11-06 16:10:05,116 - INFO - ❌ UNEXPECTED exception (Input Loop): read_holding_registers() got an unexpected keyword argument 'device_id'
2025-11-06 16:10:05,129 - INFO - ✅ Emoney reader connected
2025-11-06 16:10:05,134 - INFO - ✅ LPR connected
2025-11-06 16:10:05,137 - INFO - ✅ RFID reader connected
2025-11-06 16:10:05,753 - INFO - ❌ UNEXPECTED exception (Input Loop): read_holding_registers() got an unexpected keyword argument 'device_id'
2025-11-06 16:10:06,269 - INFO - ❌ UNEXPECTED exception (Input Loop): read_holding_registers() got an unexpected keyword argument 'device_id'
2025-11-06 16:10:06,799 - INFO - ❌ UNEXPECTED exception (Input Loop): read_holding_registers() got an unexpected keyword argument 'device_id'
2025-11-06 16:10:07,309 - INFO - ❌ UNEXPECTED exception (Input Loop): read_holding_registers() got an unexpected keyword argument 'device_id'
2025-11-06 16:10:07,820 - INFO - ❌ UNEXPECTED exception (Input Loop): read_holding_registers() got an unexpected keyword argument 'device_id'
2025-11-06 16:10:08,327 - INFO - ❌ UNEXPECTED exception (Input Loop): read_holding_registers() got an unexpected keyword argument 'device_id'
2025-11-06 16:10:08,837 - INFO - ❌ UNEXPECTED exception (Input Loop): read_holding_registers() got an unexpected keyword argument 'device_id'
2025-11-06 16:10:09,341 - INFO - ❌ UNEXPECTED exception (Input Loop): read_holding_registers() got an unexpected keyword argument 'device_id'
2025-11-06 16:10:09,844 - INFO - ❌ UNEXPECTED exception (Input Loop): read_holding_registers() got an unexpected keyword argument 'device_id'
2025-11-06 16:10:10,516 - INFO - ❌ UNEXPECTED exception (Input Loop): read_holding_registers() got an unexpected keyword argument 'device_id'
2025-11-06 16:10:11,031 - INFO - ❌ UNEXPECTED exception (Input Loop): read_holding_registers() got an unexpected keyword argument 'device_id'
2025-11-06 16:10:11,538 - INFO - ❌ UNEXPECTED exception (Input Loop): read_holding_registers() got an unexpected keyword argument 'device_id'
2025-11-06 16:10:12,048 - INFO - ❌ UNEXPECTED exception (Input Loop): read_holding_registers() got an unexpected keyword argument 'device_id'
2025-11-06 16:10:12,573 - INFO - ❌ UNEXPECTED exception (Input Loop): read_holding_registers() got an unexpected keyword argument 'device_id'
2025-11-06 16:10:13,093 - INFO - ❌ UNEXPECTED exception (Input Loop): read_holding_registers() got an unexpected keyword argument 'device_id'
2025-11-06 16:10:13,612 - INFO - ❌ UNEXPECTED exception (Input Loop): read_holding_registers() got an unexpected keyword argument 'device_id'
2025-11-06 16:10:14,145 - INFO - ❌ UNEXPECTED exception (Input Loop): read_holding_registers() got an unexpected keyword argument 'device_id'
2025-11-06 16:10:14,667 - INFO - ❌ UNEXPECTED exception (Input Loop): read_holding_registers() got an unexpected keyword argument 'device_id'
2025-11-06 16:10:15,208 - INFO - ❌ UNEXPECTED exception (Input Loop): read_holding_registers() got an unexpected keyword argument 'device_id'
2025-11-06 16:10:15,741 - INFO - ❌ UNEXPECTED exception (Input Loop): read_holding_registers() got an unexpected keyword argument 'device_id'
2025-11-06 16:10:16,261 - INFO - ❌ UNEXPECTED exception (Input Loop): read_holding_registers() got an unexpected keyword argument 'device_id'
2025-11-06 16:10:16,808 - INFO - ❌ UNEXPECTED exception (Input Loop): read_holding_registers() got an unexpected keyword argument 'device_id'
2025-11-06 16:10:17,318 - INFO - ❌ UNEXPECTED exception (Input Loop): read_holding_registers() got an unexpected keyword argument 'device_id'
2025-11-06 16:10:17,820 - INFO - ❌ UNEXPECTED exception (Input Loop): read_holding_registers() got an unexpected keyword argument 'device_id'
2025-11-06 16:10:18,479 - INFO - ❌ UNEXPECTED exception (Input Loop): read_holding_registers() got an unexpected keyword argument 'device_id'
2025-11-06 16:10:19,125 - INFO - ❌ UNEXPECTED exception (Input Loop): read_holding_registers() got an unexpected keyword argument 'device_id'
2025-11-06 16:10:19,652 - INFO - ❌ UNEXPECTED exception (Input Loop): read_holding_registers() got an unexpected keyword argument 'device_id'
2025-11-06 16:10:20,169 - INFO - ❌ UNEXPECTED exception (Input Loop): read_holding_registers() got an unexpected keyword argument 'device_id'
2025-11-06 16:10:20,818 - INFO - ❌ UNEXPECTED exception (Input Loop): read_holding_registers() got an unexpected keyword argument 'device_id'
2025-11-06 16:10:21,351 - INFO - ❌ UNEXPECTED exception (Input Loop): read_holding_registers() got an unexpected keyword argument 'device_id'
2025-11-06 16:10:21,862 - INFO - ❌ UNEXPECTED exception (Input Loop): read_holding_registers() got an unexpected keyword argument 'device_id'
2025-11-06 16:10:22,381 - INFO - ❌ UNEXPECTED exception (Input Loop): read_holding_registers() got an unexpected keyword argument 'device_id'
2025-11-06 16:10:22,887 - INFO - ❌ UNEXPECTED exception (Input Loop): read_holding_registers() got an unexpected keyword argument 'device_id'
2025-11-06 16:10:23,530 - INFO - ❌ UNEXPECTED exception (Input Loop): read_holding_registers() got an unexpected keyword argument 'device_id'
2025-11-06 16:10:24,041 - INFO - ❌ UNEXPECTED exception (Input Loop): read_holding_registers() got an unexpected keyword argument 'device_id'
2025-11-06 16:10:24,560 - INFO - ❌ UNEXPECTED exception (Input Loop): read_holding_registers() got an unexpected keyword argument 'device_id'
2025-11-06 16:10:25,067 - INFO - ❌ UNEXPECTED exception (Input Loop): read_holding_registers() got an unexpected keyword argument 'device_id'
2025-11-06 16:10:25,720 - INFO - ❌ UNEXPECTED exception (Input Loop): read_holding_registers() got an unexpected keyword argument 'device_id'
2025-11-06 16:10:26,233 - INFO - ❌ UNEXPECTED exception (Input Loop): read_holding_registers() got an unexpected keyword argument 'device_id'
2025-11-06 16:10:26,752 - INFO - ❌ UNEXPECTED exception (Input Loop): read_holding_registers() got an unexpected keyword argument 'device_id'
2025-11-06 16:10:27,262 - INFO - ❌ UNEXPECTED exception (Input Loop): read_holding_registers() got an unexpected keyword argument 'device_id'
2025-11-06 16:10:27,771 - INFO - ❌ UNEXPECTED exception (Input Loop): read_holding_registers() got an unexpected keyword argument 'device_id'
2025-11-06 16:10:28,300 - INFO - ❌ UNEXPECTED exception (Input Loop): read_holding_registers() got an unexpected keyword argument 'device_id'
2025-11-06 16:10:28,813 - INFO - ❌ UNEXPECTED exception (Input Loop): read_holding_registers() got an unexpected keyword argument 'device_id'
2025-11-06 16:10:29,323 - INFO - ❌ UNEXPECTED exception (Input Loop): read_holding_registers() got an unexpected keyword argument 'device_id'
2025-11-06 16:10:29,841 - INFO - ❌ UNEXPECTED exception (Input Loop): read_holding_registers() got an unexpected keyword argument 'device_id'
2025-11-06 16:10:30,357 - INFO - ❌ UNEXPECTED exception (Input Loop): read_holding_registers() got an unexpected keyword argument 'device_id'
2025-11-06 16:10:30,859 - INFO - ❌ UNEXPECTED exception (Input Loop): read_holding_registers() got an unexpected keyword argument 'device_id'
2025-11-06 16:10:31,363 - INFO - ❌ UNEXPECTED exception (Input Loop): read_holding_registers() got an unexpected keyword argument 'device_id'
2025-11-06 16:10:31,884 - INFO - ❌ UNEXPECTED exception (Input Loop): read_holding_registers() got an unexpected keyword argument 'device_id'
2025-11-06 16:10:32,393 - INFO - ❌ UNEXPECTED exception (Input Loop): read_holding_registers() got an unexpected keyword argument 'device_id'
2025-11-06 16:10:32,898 - INFO - ❌ UNEXPECTED exception (Input Loop): read_holding_registers() got an unexpected keyword argument 'device_id'
2025-11-06 16:10:33,407 - INFO - ❌ UNEXPECTED exception (Input Loop): read_holding_registers() got an unexpected keyword argument 'device_id'
2025-11-06 16:10:34,049 - INFO - ❌ UNEXPECTED exception (Input Loop): read_holding_registers() got an unexpected keyword argument 'device_id'
2025-11-06 16:10:34,614 - INFO - ❌ UNEXPECTED exception (Input Loop): read_holding_registers() got an unexpected keyword argument 'device_id'
2025-11-06 16:10:35,138 - INFO - ❌ UNEXPECTED exception (Input Loop): read_holding_registers() got an unexpected keyword argument 'device_id'
2025-11-06 16:10:35,648 - INFO - ❌ UNEXPECTED exception (Input Loop): read_holding_registers() got an unexpected keyword argument 'device_id'
2025-11-06 16:10:36,173 - INFO - ❌ UNEXPECTED exception (Input Loop): read_holding_registers() got an unexpected keyword argument 'device_id'
2025-11-06 16:10:36,683 - INFO - ❌ UNEXPECTED exception (Input Loop): read_holding_registers() got an unexpected keyword argument 'device_id'
2025-11-06 16:10:37,425 - INFO - ❌ UNEXPECTED exception (Input Loop): read_holding_registers() got an unexpected keyword argument 'device_id'
2025-11-06 16:10:37,935 - INFO - ❌ UNEXPECTED exception (Input Loop): read_holding_registers() got an unexpected keyword argument 'device_id'
2025-11-06 16:10:38,443 - INFO - ❌ UNEXPECTED exception (Input Loop): read_holding_registers() got an unexpected keyword argument 'device_id'
2025-11-06 16:10:39,175 - INFO - ❌ UNEXPECTED exception (Input Loop): read_holding_registers() got an unexpected keyword argument 'device_id'
2025-11-06 16:10:39,768 - INFO - ❌ UNEXPECTED exception (Input Loop): read_holding_registers() got an unexpected keyword argument 'device_id'
2025-11-06 16:10:40,278 - INFO - ❌ UNEXPECTED exception (Input Loop): read_holding_registers() got an unexpected keyword argument 'device_id'
2025-11-06 16:10:40,800 - INFO - ❌ UNEXPECTED exception (Input Loop): read_holding_registers() got an unexpected keyword argument 'device_id'
2025-11-06 16:10:41,310 - INFO - ❌ UNEXPECTED exception (Input Loop): read_holding_registers() got an unexpected keyword argument 'device_id'
2025-11-06 16:10:41,815 - INFO - ❌ UNEXPECTED exception (Input Loop): read_holding_registers() got an unexpected keyword argument 'device_id'
2025-11-06 16:10:42,339 - INFO - ❌ UNEXPECTED exception (Input Loop): read_holding_registers() got an unexpected keyword argument 'device_id'
2025-11-06 16:10:42,858 - INFO - ❌ UNEXPECTED exception (Input Loop): read_holding_registers() got an unexpected keyword argument 'device_id'
2025-11-06 16:10:43,515 - INFO - ❌ UNEXPECTED exception (Input Loop): read_holding_registers() got an unexpected keyword argument 'device_id'
2025-11-06 16:10:44,032 - INFO - ❌ UNEXPECTED exception (Input Loop): read_holding_registers() got an unexpected keyword argument 'device_id'
2025-11-06 16:10:44,541 - INFO - ❌ UNEXPECTED exception (Input Loop): read_holding_registers() got an unexpected keyword argument 'device_id'
2025-11-06 16:10:45,055 - INFO - ❌ UNEXPECTED exception (Input Loop): read_holding_registers() got an unexpected keyword argument 'device_id'
2025-11-06 16:10:45,582 - INFO - ❌ UNEXPECTED exception (Input Loop): read_holding_registers() got an unexpected keyword argument 'device_id'
2025-11-06 16:10:46,097 - INFO - ❌ UNEXPECTED exception (Input Loop): read_holding_registers() got an unexpected keyword argument 'device_id'
2025-11-06 16:10:46,614 - INFO - ❌ UNEXPECTED exception (Input Loop): read_holding_registers() got an unexpected keyword argument 'device_id'
2025-11-06 16:10:47,239 - INFO - ❌ UNEXPECTED exception (Input Loop): read_holding_registers() got an unexpected keyword argument 'device_id'
2025-11-06 16:10:47,764 - INFO - ❌ UNEXPECTED exception (Input Loop): read_holding_registers() got an unexpected keyword argument 'device_id'
2025-11-06 16:10:48,285 - INFO - ❌ UNEXPECTED exception (Input Loop): read_holding_registers() got an unexpected keyword argument 'device_id'
2025-11-06 16:10:48,795 - INFO - ❌ UNEXPECTED exception (Input Loop): read_holding_registers() got an unexpected keyword argument 'device_id'
2025-11-06 16:10:49,302 - INFO - ❌ UNEXPECTED exception (Input Loop): read_holding_registers() got an unexpected keyword argument 'device_id'
2025-11-06 16:10:49,842 - INFO - ❌ UNEXPECTED exception (Input Loop): read_holding_registers() got an unexpected keyword argument 'device_id'
2025-11-06 16:10:50,389 - INFO - ❌ UNEXPECTED exception (Input Loop): read_holding_registers() got an unexpected keyword argument 'device_id'
2025-11-06 16:10:50,912 - INFO - ❌ UNEXPECTED exception (Input Loop): read_holding_registers() got an unexpected keyword argument 'device_id'
2025-11-06 16:10:51,433 - INFO - ❌ UNEXPECTED exception (Input Loop): read_holding_registers() got an unexpected keyword argument 'device_id'
2025-11-06 16:10:51,964 - INFO - ❌ UNEXPECTED exception (Input Loop): read_holding_registers() got an unexpected keyword argument 'device_id'
2025-11-06 16:10:52,482 - INFO - ❌ UNEXPECTED exception (Input Loop): read_holding_registers() got an unexpected keyword argument 'device_id'
2025-11-06 16:10:53,226 - INFO - ❌ UNEXPECTED exception (Input Loop): read_holding_registers() got an unexpected keyword argument 'device_id'
2025-11-06 16:10:53,735 - INFO - ❌ UNEXPECTED exception (Input Loop): read_holding_registers() got an unexpected keyword argument 'device_id'
2025-11-06 16:10:54,465 - INFO - ❌ UNEXPECTED exception (Input Loop): read_holding_registers() got an unexpected keyword argument 'device_id'
2025-11-06 16:10:54,980 - INFO - ❌ UNEXPECTED exception (Input Loop): read_holding_registers() got an unexpected keyword argument 'device_id'
2025-11-06 16:10:55,490 - INFO - ❌ UNEXPECTED exception (Input Loop): read_holding_registers() got an unexpected keyword argument 'device_id'
2025-11-06 16:10:56,012 - INFO - ❌ UNEXPECTED exception (Input Loop): read_holding_registers() got an unexpected keyword argument 'device_id'
2025-11-06 16:10:56,653 - INFO - ❌ UNEXPECTED exception (Input Loop): read_holding_registers() got an unexpected keyword argument 'device_id'
2025-11-06 16:10:57,180 - INFO - ❌ UNEXPECTED exception (Input Loop): read_holding_registers() got an unexpected keyword argument 'device_id'
2025-11-06 16:10:57,814 - INFO - ❌ UNEXPECTED exception (Input Loop): read_holding_registers() got an unexpected keyword argument 'device_id'
2025-11-06 16:10:58,357 - INFO - ❌ UNEXPECTED exception (Input Loop): read_holding_registers() got an unexpected keyword argument 'device_id'
2025-11-06 16:10:58,897 - INFO - ❌ UNEXPECTED exception (Input Loop): read_holding_registers() got an unexpected keyword argument 'device_id'
2025-11-06 16:10:59,406 - INFO - ❌ UNEXPECTED exception (Input Loop): read_holding_registers() got an unexpected keyword argument 'device_id'
2025-11-06 16:10:59,994 - INFO - ❌ UNEXPECTED exception (Input Loop): read_holding_registers() got an unexpected keyword argument 'device_id'
2025-11-06 16:11:00,571 - INFO - ❌ UNEXPECTED exception (Input Loop): read_holding_registers() got an unexpected keyword argument 'device_id'
2025-11-06 16:11:01,089 - INFO - ❌ UNEXPECTED exception (Input Loop): read_holding_registers() got an unexpected keyword argument 'device_id'
2025-11-06 16:11:01,601 - INFO - ❌ UNEXPECTED exception (Input Loop): read_holding_registers() got an unexpected keyword argument 'device_id'
2025-11-06 16:11:02,105 - INFO - ❌ UNEXPECTED exception (Input Loop): read_holding_registers() got an unexpected keyword argument 'device_id'
2025-11-06 16:11:02,619 - INFO - ❌ UNEXPECTED exception (Input Loop): read_holding_registers() got an unexpected keyword argument 'device_id'
2025-11-06 16:11:03,123 - INFO - ❌ UNEXPECTED exception (Input Loop): read_holding_registers() got an unexpected keyword argument 'device_id'
2025-11-06 16:11:03,672 - INFO - ❌ UNEXPECTED exception (Input Loop): read_holding_registers() got an unexpected keyword argument 'device_id'
2025-11-06 16:11:04,194 - INFO - ❌ UNEXPECTED exception (Input Loop): read_holding_registers() got an unexpected keyword argument 'device_id'
2025-11-06 16:11:04,701 - INFO - ❌ UNEXPECTED exception (Input Loop): read_holding_registers() got an unexpected keyword argument 'device_id'
2025-11-06 16:11:05,267 - INFO - ❌ UNEXPECTED exception (Input Loop): read_holding_registers() got an unexpected keyword argument 'device_id'
2025-11-06 16:11:05,800 - INFO - ❌ UNEXPECTED exception (Input Loop): read_holding_registers() got an unexpected keyword argument 'device_id'
2025-11-06 16:11:06,316 - INFO - ❌ UNEXPECTED exception (Input Loop): read_holding_registers() got an unexpected keyword argument 'device_id'
2025-11-06 16:11:06,826 - INFO - ❌ UNEXPECTED exception (Input Loop): read_holding_registers() got an unexpected keyword argument 'device_id'
2025-11-06 16:11:07,466 - INFO - ❌ UNEXPECTED exception (Input Loop): read_holding_registers() got an unexpected keyword argument 'device_id'
2025-11-06 16:11:07,998 - INFO - ❌ UNEXPECTED exception (Input Loop): read_holding_registers() got an unexpected keyword argument 'device_id'
2025-11-06 16:11:08,507 - INFO - ❌ UNEXPECTED exception (Input Loop): read_holding_registers() got an unexpected keyword argument 'device_id'
2025-11-06 16:11:09,151 - INFO - ❌ UNEXPECTED exception (Input Loop): read_holding_registers() got an unexpected keyword argument 'device_id'
2025-11-06 16:11:09,693 - INFO - ❌ UNEXPECTED exception (Input Loop): read_holding_registers() got an unexpected keyword argument 'device_id'
2025-11-06 16:11:10,339 - INFO - ❌ UNEXPECTED exception (Input Loop): read_holding_registers() got an unexpected keyword argument 'device_id'
2025-11-06 16:11:10,860 - INFO - ❌ UNEXPECTED exception (Input Loop): read_holding_registers() got an unexpected keyword argument 'device_id'
2025-11-06 16:11:11,368 - INFO - ❌ UNEXPECTED exception (Input Loop): read_holding_registers() got an unexpected keyword argument 'device_id'
2025-11-06 16:11:11,871 - INFO - ❌ UNEXPECTED exception (Input Loop): read_holding_registers() got an unexpected keyword argument 'device_id'
2025-11-06 16:11:12,376 - INFO - ❌ UNEXPECTED exception (Input Loop): read_holding_registers() got an unexpected keyword argument 'device_id'
2025-11-06 16:11:12,888 - INFO - ❌ UNEXPECTED exception (Input Loop): read_holding_registers() got an unexpected keyword argument 'device_id'
2025-11-06 16:11:13,395 - INFO - ❌ UNEXPECTED exception (Input Loop): read_holding_registers() got an unexpected keyword argument 'device_id'
2025-11-06 16:11:13,914 - INFO - ❌ UNEXPECTED exception (Input Loop): read_holding_registers() got an unexpected keyword argument 'device_id'
2025-11-06 16:11:14,447 - INFO - ❌ UNEXPECTED exception (Input Loop): read_holding_registers() got an unexpected keyword argument 'device_id'
2025-11-06 16:11:14,968 - INFO - ❌ UNEXPECTED exception (Input Loop): read_holding_registers() got an unexpected keyword argument 'device_id'
2025-11-06 16:11:15,504 - INFO - ❌ UNEXPECTED exception (Input Loop): read_holding_registers() got an unexpected keyword argument 'device_id'
2025-11-06 16:11:16,030 - INFO - ❌ UNEXPECTED exception (Input Loop): read_holding_registers() got an unexpected keyword argument 'device_id'
2025-11-06 16:11:16,559 - INFO - ❌ UNEXPECTED exception (Input Loop): read_holding_registers() got an unexpected keyword argument 'device_id'
2025-11-06 16:11:17,075 - INFO - ❌ UNEXPECTED exception (Input Loop): read_holding_registers() got an unexpected keyword argument 'device_id'
2025-11-06 16:11:17,584 - INFO - ❌ UNEXPECTED exception (Input Loop): read_holding_registers() got an unexpected keyword argument 'device_id'
2025-11-06 16:11:18,089 - INFO - ❌ UNEXPECTED exception (Input Loop): read_holding_registers() got an unexpected keyword argument 'device_id'
2025-11-06 16:11:18,606 - INFO - ❌ UNEXPECTED exception (Input Loop): read_holding_registers() got an unexpected keyword argument 'device_id'
2025-11-06 16:11:19,120 - INFO - ❌ UNEXPECTED exception (Input Loop): read_holding_registers() got an unexpected keyword argument 'device_id'
2025-11-06 16:11:19,659 - INFO - ❌ UNEXPECTED exception (Input Loop): read_holding_registers() got an unexpected keyword argument 'device_id'
2025-11-06 16:11:20,207 - INFO - ❌ UNEXPECTED exception (Input Loop): read_holding_registers() got an unexpected keyword argument 'device_id'
2025-11-06 16:11:20,715 - INFO - ❌ UNEXPECTED exception (Input Loop): read_holding_registers() got an unexpected keyword argument 'device_id'
2025-11-06 16:11:21,251 - INFO - ❌ UNEXPECTED exception (Input Loop): read_holding_registers() got an unexpected keyword argument 'device_id'
2025-11-06 16:11:21,762 - INFO - ❌ UNEXPECTED exception (Input Loop): read_holding_registers() got an unexpected keyword argument 'device_id'
2025-11-06 16:11:22,287 - INFO - ❌ UNEXPECTED exception (Input Loop): read_holding_registers() got an unexpected keyword argument 'device_id'
2025-11-06 16:11:22,813 - INFO - ❌ UNEXPECTED exception (Input Loop): read_holding_registers() got an unexpected keyword argument 'device_id'
2025-11-06 16:11:23,344 - INFO - ❌ UNEXPECTED exception (Input Loop): read_holding_registers() got an unexpected keyword argument 'device_id'
2025-11-06 16:11:23,863 - INFO - ❌ UNEXPECTED exception (Input Loop): read_holding_registers() got an unexpected keyword argument 'device_id'
2025-11-06 16:11:24,374 - INFO - ❌ UNEXPECTED exception (Input Loop): read_holding_registers() got an unexpected keyword argument 'device_id'
2025-11-06 16:11:24,878 - INFO - ❌ UNEXPECTED exception (Input Loop): read_holding_registers() got an unexpected keyword argument 'device_id'
2025-11-06 16:11:25,387 - INFO - ❌ UNEXPECTED exception (Input Loop): read_holding_registers() got an unexpected keyword argument 'device_id'
2025-11-06 16:11:25,893 - INFO - ❌ UNEXPECTED exception (Input Loop): read_holding_registers() got an unexpected keyword argument 'device_id'
2025-11-06 16:11:26,428 - INFO - ❌ UNEXPECTED exception (Input Loop): read_holding_registers() got an unexpected keyword argument 'device_id'
2025-11-06 16:11:26,937 - INFO - ❌ UNEXPECTED exception (Input Loop): read_holding_registers() got an unexpected keyword argument 'device_id'
2025-11-06 16:11:27,439 - INFO - ❌ UNEXPECTED exception (Input Loop): read_holding_registers() got an unexpected keyword argument 'device_id'
2025-11-06 16:11:27,965 - INFO - ❌ UNEXPECTED exception (Input Loop): read_holding_registers() got an unexpected keyword argument 'device_id'
2025-11-06 16:11:28,477 - INFO - ❌ UNEXPECTED exception (Input Loop): read_holding_registers() got an unexpected keyword argument 'device_id'
2025-11-06 16:11:28,989 - INFO - ❌ UNEXPECTED exception (Input Loop): read_holding_registers() got an unexpected keyword argument 'device_id'
2025-11-06 16:11:29,518 - INFO - ❌ UNEXPECTED exception (Input Loop): read_holding_registers() got an unexpected keyword argument 'device_id'
2025-11-06 16:11:30,039 - INFO - ❌ UNEXPECTED exception (Input Loop): read_holding_registers() got an unexpected keyword argument 'device_id'
2025-11-06 16:11:30,569 - INFO - ❌ UNEXPECTED exception (Input Loop): read_holding_registers() got an unexpected keyword argument 'device_id'
2025-11-06 16:11:31,074 - INFO - ❌ UNEXPECTED exception (Input Loop): read_holding_registers() got an unexpected keyword argument 'device_id'
2025-11-06 16:11:31,605 - INFO - ❌ UNEXPECTED exception (Input Loop): read_holding_registers() got an unexpected keyword argument 'device_id'
2025-11-06 16:11:32,114 - INFO - ❌ UNEXPECTED exception (Input Loop): read_holding_registers() got an unexpected keyword argument 'device_id'
2025-11-06 16:11:32,621 - INFO - ❌ UNEXPECTED exception (Input Loop): read_holding_registers() got an unexpected keyword argument 'device_id'
2025-11-06 16:11:33,128 - INFO - ❌ UNEXPECTED exception (Input Loop): read_holding_registers() got an unexpected keyword argument 'device_id'
2025-11-06 16:11:33,646 - INFO - ❌ UNEXPECTED exception (Input Loop): read_holding_registers() got an unexpected keyword argument 'device_id'
2025-11-06 16:11:34,259 - INFO - ❌ UNEXPECTED exception (Input Loop): read_holding_registers() got an unexpected keyword argument 'device_id'
2025-11-06 16:11:34,788 - INFO - ❌ UNEXPECTED exception (Input Loop): read_holding_registers() got an unexpected keyword argument 'device_id'
2025-11-06 16:11:35,335 - INFO - ❌ UNEXPECTED exception (Input Loop): read_holding_registers() got an unexpected keyword argument 'device_id'
2025-11-06 16:11:35,890 - INFO - ❌ UNEXPECTED exception (Input Loop): read_holding_registers() got an unexpected keyword argument 'device_id'
2025-11-06 16:11:36,412 - INFO - ❌ UNEXPECTED exception (Input Loop): read_holding_registers() got an unexpected keyword argument 'device_id'
2025-11-06 16:11:36,923 - INFO - ❌ UNEXPECTED exception (Input Loop): read_holding_registers() got an unexpected keyword argument 'device_id'
2025-11-06 16:11:37,452 - INFO - ❌ UNEXPECTED exception (Input Loop): read_holding_registers() got an unexpected keyword argument 'device_id'
2025-11-06 16:11:37,978 - INFO - ❌ UNEXPECTED exception (Input Loop): read_holding_registers() got an unexpected keyword argument 'device_id'
2025-11-06 16:11:38,495 - INFO - ❌ UNEXPECTED exception (Input Loop): read_holding_registers() got an unexpected keyword argument 'device_id'
2025-11-06 16:11:39,007 - INFO - ❌ UNEXPECTED exception (Input Loop): read_holding_registers() got an unexpected keyword argument 'device_id'
2025-11-06 16:11:39,512 - INFO - ❌ UNEXPECTED exception (Input Loop): read_holding_registers() got an unexpected keyword argument 'device_id'
2025-11-06 16:11:40,015 - INFO - ❌ UNEXPECTED exception (Input Loop): read_holding_registers() got an unexpected keyword argument 'device_id'
2025-11-06 16:11:40,825 - INFO - ❌ UNEXPECTED exception (Input Loop): read_holding_registers() got an unexpected keyword argument 'device_id'
2025-11-06 16:11:41,345 - INFO - ❌ UNEXPECTED exception (Input Loop): read_holding_registers() got an unexpected keyword argument 'device_id'
2025-11-06 16:11:41,850 - INFO - ❌ UNEXPECTED exception (Input Loop): read_holding_registers() got an unexpected keyword argument 'device_id'
2025-11-06 16:11:42,382 - INFO - ❌ UNEXPECTED exception (Input Loop): read_holding_registers() got an unexpected keyword argument 'device_id'
2025-11-06 16:11:42,894 - INFO - ❌ UNEXPECTED exception (Input Loop): read_holding_registers() got an unexpected keyword argument 'device_id'
2025-11-06 16:12:33,343 - INFO - 
🚀 Memulai setup dari flash disk...
2025-11-06 16:12:33,344 - INFO - Memindai drive removable (flash disk)...
2025-11-06 16:12:33,347 - INFO - Drive (Linux fallback) terdeteksi: ['/media/pi/D066-6CE3']
2025-11-06 16:12:33,348 - INFO - Drive final ditemukan: ['/media/pi/D066-6CE3']
2025-11-06 16:12:33,349 - INFO - Mencari file .env di: /media/pi/D066-6CE3/.env
2025-11-06 16:12:33,350 - INFO - ✅ File .env ditemukan di: /media/pi/D066-6CE3
2025-11-06 16:12:33,353 - INFO - ✅ BERHASIL: File .env disalin ke ./.env
2025-11-06 16:12:33,354 - INFO - Memuat variabel dari ./.env...
2025-11-06 16:12:33,374 - INFO - ✅ Variabel lingkungan (environment) berhasil dimuat.
2025-11-06 16:12:33,375 - INFO - Variabel 'BACKGROUND_IMAGE' ditemukan: parking.jpg
2025-11-06 16:12:33,377 - INFO - Mencari file aset di: /media/pi/D066-6CE3/parking.jpg
2025-11-06 16:12:33,398 - INFO - ✅ BERHASIL: File 'parking.jpg' disalin ke ./assets/parking.jpg
2025-11-06 16:12:33,399 - INFO - 
Setup dari flash disk selesai.
2025-11-06 16:12:33,628 - INFO - ✅ OLED display initialized successfully
2025-11-06 16:12:35,786 - INFO - ✅ Connected to 192.168.99.37:502
2025-11-06 16:12:35,791 - INFO - ❌ UNEXPECTED exception (Input Loop): read_holding_registers() got an unexpected keyword argument 'device_id'
2025-11-06 16:12:35,799 - INFO - ✅ Emoney reader connected
2025-11-06 16:12:35,805 - INFO - ✅ LPR connected
2025-11-06 16:12:35,808 - INFO - ✅ RFID reader connected
2025-11-06 16:12:36,411 - INFO - ❌ UNEXPECTED exception (Input Loop): read_holding_registers() got an unexpected keyword argument 'device_id'
2025-11-06 16:12:36,918 - INFO - ❌ UNEXPECTED exception (Input Loop): read_holding_registers() got an unexpected keyword argument 'device_id'
2025-11-06 16:12:37,429 - INFO - ❌ UNEXPECTED exception (Input Loop): read_holding_registers() got an unexpected keyword argument 'device_id'
2025-11-06 16:12:38,076 - INFO - ❌ UNEXPECTED exception (Input Loop): read_holding_registers() got an unexpected keyword argument 'device_id'
2025-11-06 16:12:38,599 - INFO - ❌ UNEXPECTED exception (Input Loop): read_holding_registers() got an unexpected keyword argument 'device_id'
2025-11-06 16:12:39,143 - INFO - ❌ UNEXPECTED exception (Input Loop): read_holding_registers() got an unexpected keyword argument 'device_id'
2025-11-06 16:12:39,660 - INFO - ❌ UNEXPECTED exception (Input Loop): read_holding_registers() got an unexpected keyword argument 'device_id'
2025-11-06 16:12:40,168 - INFO - ❌ UNEXPECTED exception (Input Loop): read_holding_registers() got an unexpected keyword argument 'device_id'
2025-11-06 16:12:40,682 - INFO - ❌ UNEXPECTED exception (Input Loop): read_holding_registers() got an unexpected keyword argument 'device_id'
2025-11-06 16:12:41,209 - INFO - ❌ UNEXPECTED exception (Input Loop): read_holding_registers() got an unexpected keyword argument 'device_id'
2025-11-06 16:12:41,741 - INFO - ❌ UNEXPECTED exception (Input Loop): read_holding_registers() got an unexpected keyword argument 'device_id'
2025-11-06 16:12:42,252 - INFO - ❌ UNEXPECTED exception (Input Loop): read_holding_registers() got an unexpected keyword argument 'device_id'
2025-11-06 16:12:42,781 - INFO - ❌ UNEXPECTED exception (Input Loop): read_holding_registers() got an unexpected keyword argument 'device_id'
2025-11-06 16:12:43,286 - INFO - ❌ UNEXPECTED exception (Input Loop): read_holding_registers() got an unexpected keyword argument 'device_id'
2025-11-06 16:12:44,052 - INFO - ❌ UNEXPECTED exception (Input Loop): read_holding_registers() got an unexpected keyword argument 'device_id'
2025-11-06 16:12:44,558 - INFO - ❌ UNEXPECTED exception (Input Loop): read_holding_registers() got an unexpected keyword argument 'device_id'
2025-11-06 16:12:45,060 - INFO - ❌ UNEXPECTED exception (Input Loop): read_holding_registers() got an unexpected keyword argument 'device_id'
2025-11-06 16:12:45,584 - INFO - ❌ UNEXPECTED exception (Input Loop): read_holding_registers() got an unexpected keyword argument 'device_id'
2025-11-06 16:12:46,124 - INFO - ❌ UNEXPECTED exception (Input Loop): read_holding_registers() got an unexpected keyword argument 'device_id'
2025-11-06 16:12:46,645 - INFO - ❌ UNEXPECTED exception (Input Loop): read_holding_registers() got an unexpected keyword argument 'device_id'
2025-11-06 16:12:47,179 - INFO - ❌ UNEXPECTED exception (Input Loop): read_holding_registers() got an unexpected keyword argument 'device_id'
2025-11-06 16:12:47,720 - INFO - ❌ UNEXPECTED exception (Input Loop): read_holding_registers() got an unexpected keyword argument 'device_id'
2025-11-06 16:12:48,241 - INFO - ❌ UNEXPECTED exception (Input Loop): read_holding_registers() got an unexpected keyword argument 'device_id'
2025-11-06 16:12:49,012 - INFO - ❌ UNEXPECTED exception (Input Loop): read_holding_registers() got an unexpected keyword argument 'device_id'
2025-11-06 16:12:49,563 - INFO - ❌ UNEXPECTED exception (Input Loop): read_holding_registers() got an unexpected keyword argument 'device_id'
2025-11-06 16:12:50,102 - INFO - ❌ UNEXPECTED exception (Input Loop): read_holding_registers() got an unexpected keyword argument 'device_id'
2025-11-06 16:12:50,612 - INFO - ❌ UNEXPECTED exception (Input Loop): read_holding_registers() got an unexpected keyword argument 'device_id'
2025-11-06 16:12:51,268 - INFO - ❌ UNEXPECTED exception (Input Loop): read_holding_registers() got an unexpected keyword argument 'device_id'
2025-11-06 16:12:51,778 - INFO - ❌ UNEXPECTED exception (Input Loop): read_holding_registers() got an unexpected keyword argument 'device_id'
2025-11-06 16:12:52,303 - INFO - ❌ UNEXPECTED exception (Input Loop): read_holding_registers() got an unexpected keyword argument 'device_id'
2025-11-06 16:12:52,812 - INFO - ❌ UNEXPECTED exception (Input Loop): read_holding_registers() got an unexpected keyword argument 'device_id'
2025-11-06 16:12:53,331 - INFO - ❌ UNEXPECTED exception (Input Loop): read_holding_registers() got an unexpected keyword argument 'device_id'
2025-11-06 16:12:53,847 - INFO - ❌ UNEXPECTED exception (Input Loop): read_holding_registers() got an unexpected keyword argument 'device_id'
2025-11-06 16:12:54,359 - INFO - ❌ UNEXPECTED exception (Input Loop): read_holding_registers() got an unexpected keyword argument 'device_id'
2025-11-06 16:12:54,892 - INFO - ❌ UNEXPECTED exception (Input Loop): read_holding_registers() got an unexpected keyword argument 'device_id'
2025-11-06 16:12:55,408 - INFO - ❌ UNEXPECTED exception (Input Loop): read_holding_registers() got an unexpected keyword argument 'device_id'
2025-11-06 16:12:55,923 - INFO - ❌ UNEXPECTED exception (Input Loop): read_holding_registers() got an unexpected keyword argument 'device_id'
2025-11-06 16:12:56,569 - INFO - ❌ UNEXPECTED exception (Input Loop): read_holding_registers() got an unexpected keyword argument 'device_id'
2025-11-06 16:12:57,080 - INFO - ❌ UNEXPECTED exception (Input Loop): read_holding_registers() got an unexpected keyword argument 'device_id'
2025-11-06 16:12:57,598 - INFO - ❌ UNEXPECTED exception (Input Loop): read_holding_registers() got an unexpected keyword argument 'device_id'
2025-11-06 16:12:58,110 - INFO - ❌ UNEXPECTED exception (Input Loop): read_holding_registers() got an unexpected keyword argument 'device_id'
2025-11-06 16:12:58,624 - INFO - ❌ UNEXPECTED exception (Input Loop): read_holding_registers() got an unexpected keyword argument 'device_id'
2025-11-06 16:12:59,134 - INFO - ❌ UNEXPECTED exception (Input Loop): read_holding_registers() got an unexpected keyword argument 'device_id'
2025-11-06 16:12:59,648 - INFO - ❌ UNEXPECTED exception (Input Loop): read_holding_registers() got an unexpected keyword argument 'device_id'
2025-11-06 16:13:00,166 - INFO - ❌ UNEXPECTED exception (Input Loop): read_holding_registers() got an unexpected keyword argument 'device_id'
2025-11-06 16:13:00,694 - INFO - ❌ UNEXPECTED exception (Input Loop): read_holding_registers() got an unexpected keyword argument 'device_id'
2025-11-06 16:13:01,219 - INFO - ❌ UNEXPECTED exception (Input Loop): read_holding_registers() got an unexpected keyword argument 'device_id'
2025-11-06 16:13:01,736 - INFO - ❌ UNEXPECTED exception (Input Loop): read_holding_registers() got an unexpected keyword argument 'device_id'
2025-11-06 16:13:02,249 - INFO - ❌ UNEXPECTED exception (Input Loop): read_holding_registers() got an unexpected keyword argument 'device_id'
2025-11-06 16:13:02,765 - INFO - ❌ UNEXPECTED exception (Input Loop): read_holding_registers() got an unexpected keyword argument 'device_id'
2025-11-06 16:13:03,285 - INFO - ❌ UNEXPECTED exception (Input Loop): read_holding_registers() got an unexpected keyword argument 'device_id'
2025-11-06 16:13:03,799 - INFO - ❌ UNEXPECTED exception (Input Loop): read_holding_registers() got an unexpected keyword argument 'device_id'
2025-11-06 16:13:04,306 - INFO - ❌ UNEXPECTED exception (Input Loop): read_holding_registers() got an unexpected keyword argument 'device_id'
2025-11-06 16:13:04,811 - INFO - ❌ UNEXPECTED exception (Input Loop): read_holding_registers() got an unexpected keyword argument 'device_id'
2025-11-06 16:13:05,322 - INFO - ❌ UNEXPECTED exception (Input Loop): read_holding_registers() got an unexpected keyword argument 'device_id'
2025-11-06 16:13:05,828 - INFO - ❌ UNEXPECTED exception (Input Loop): read_holding_registers() got an unexpected keyword argument 'device_id'
2025-11-06 16:13:06,339 - INFO - ❌ UNEXPECTED exception (Input Loop): read_holding_registers() got an unexpected keyword argument 'device_id'
2025-11-06 16:13:06,865 - INFO - ❌ UNEXPECTED exception (Input Loop): read_holding_registers() got an unexpected keyword argument 'device_id'
2025-11-06 16:13:07,376 - INFO - ❌ UNEXPECTED exception (Input Loop): read_holding_registers() got an unexpected keyword argument 'device_id'
2025-11-06 16:13:07,887 - INFO - ❌ UNEXPECTED exception (Input Loop): read_holding_registers() got an unexpected keyword argument 'device_id'
2025-11-06 16:13:08,397 - INFO - ❌ UNEXPECTED exception (Input Loop): read_holding_registers() got an unexpected keyword argument 'device_id'
2025-11-06 16:13:08,913 - INFO - ❌ UNEXPECTED exception (Input Loop): read_holding_registers() got an unexpected keyword argument 'device_id'
2025-11-06 16:13:09,423 - INFO - ❌ UNEXPECTED exception (Input Loop): read_holding_registers() got an unexpected keyword argument 'device_id'
2025-11-06 16:13:09,978 - INFO - ❌ UNEXPECTED exception (Input Loop): read_holding_registers() got an unexpected keyword argument 'device_id'
2025-11-06 16:13:10,489 - INFO - ❌ UNEXPECTED exception (Input Loop): read_holding_registers() got an unexpected keyword argument 'device_id'
2025-11-06 16:13:10,998 - INFO - ❌ UNEXPECTED exception (Input Loop): read_holding_registers() got an unexpected keyword argument 'device_id'
2025-11-06 16:13:11,501 - INFO - ❌ UNEXPECTED exception (Input Loop): read_holding_registers() got an unexpected keyword argument 'device_id'
2025-11-06 16:13:12,016 - INFO - ❌ UNEXPECTED exception (Input Loop): read_holding_registers() got an unexpected keyword argument 'device_id'
2025-11-06 16:13:12,527 - INFO - ❌ UNEXPECTED exception (Input Loop): read_holding_registers() got an unexpected keyword argument 'device_id'
2025-11-06 16:13:13,164 - INFO - ❌ UNEXPECTED exception (Input Loop): read_holding_registers() got an unexpected keyword argument 'device_id'
2025-11-06 16:13:13,694 - INFO - ❌ UNEXPECTED exception (Input Loop): read_holding_registers() got an unexpected keyword argument 'device_id'
2025-11-06 16:13:14,198 - INFO - ❌ UNEXPECTED exception (Input Loop): read_holding_registers() got an unexpected keyword argument 'device_id'
2025-11-06 16:13:14,709 - INFO - ❌ UNEXPECTED exception (Input Loop): read_holding_registers() got an unexpected keyword argument 'device_id'
2025-11-06 16:13:15,230 - INFO - ❌ UNEXPECTED exception (Input Loop): read_holding_registers() got an unexpected keyword argument 'device_id'
2025-11-06 16:13:15,733 - INFO - ❌ UNEXPECTED exception (Input Loop): read_holding_registers() got an unexpected keyword argument 'device_id'
2025-11-06 16:13:16,242 - INFO - ❌ UNEXPECTED exception (Input Loop): read_holding_registers() got an unexpected keyword argument 'device_id'
2025-11-06 16:13:16,753 - INFO - ❌ UNEXPECTED exception (Input Loop): read_holding_registers() got an unexpected keyword argument 'device_id'
2025-11-06 16:13:17,268 - INFO - ❌ UNEXPECTED exception (Input Loop): read_holding_registers() got an unexpected keyword argument 'device_id'
2025-11-06 16:13:17,930 - INFO - ❌ UNEXPECTED exception (Input Loop): read_holding_registers() got an unexpected keyword argument 'device_id'
2025-11-06 16:13:18,446 - INFO - ❌ UNEXPECTED exception (Input Loop): read_holding_registers() got an unexpected keyword argument 'device_id'
2025-11-06 16:13:18,635 - INFO - License Plate Detected: BE2447EC  
2025-11-06 16:13:18,642 - INFO - LPR: File lpr saved successfully
2025-11-06 16:13:19,076 - INFO - ❌ UNEXPECTED exception (Input Loop): read_holding_registers() got an unexpected keyword argument 'device_id'
2025-11-06 16:13:19,608 - INFO - ❌ UNEXPECTED exception (Input Loop): read_holding_registers() got an unexpected keyword argument 'device_id'
2025-11-06 16:13:19,978 - INFO - License Plate Detected: BE2447FD  
2025-11-06 16:13:19,981 - INFO - LPR: File lpr saved successfully
2025-11-06 16:13:20,183 - INFO - ❌ UNEXPECTED exception (Input Loop): read_holding_registers() got an unexpected keyword argument 'device_id'
2025-11-06 16:13:20,722 - INFO - ❌ UNEXPECTED exception (Input Loop): read_holding_registers() got an unexpected keyword argument 'device_id'
2025-11-06 16:13:21,250 - INFO - ❌ UNEXPECTED exception (Input Loop): read_holding_registers() got an unexpected keyword argument 'device_id'
2025-11-06 16:13:21,786 - INFO - ❌ UNEXPECTED exception (Input Loop): read_holding_registers() got an unexpected keyword argument 'device_id'
2025-11-06 16:13:22,315 - INFO - ❌ UNEXPECTED exception (Input Loop): read_holding_registers() got an unexpected keyword argument 'device_id'
2025-11-06 16:13:22,852 - INFO - ❌ UNEXPECTED exception (Input Loop): read_holding_registers() got an unexpected keyword argument 'device_id'
2025-11-06 16:13:23,390 - INFO - ❌ UNEXPECTED exception (Input Loop): read_holding_registers() got an unexpected keyword argument 'device_id'
2025-11-06 16:13:23,902 - INFO - ❌ UNEXPECTED exception (Input Loop): read_holding_registers() got an unexpected keyword argument 'device_id'
2025-11-06 16:13:24,434 - INFO - ❌ UNEXPECTED exception (Input Loop): read_holding_registers() got an unexpected keyword argument 'device_id'
2025-11-06 16:13:24,948 - INFO - ❌ UNEXPECTED exception (Input Loop): read_holding_registers() got an unexpected keyword argument 'device_id'
2025-11-06 16:13:25,458 - INFO - ❌ UNEXPECTED exception (Input Loop): read_holding_registers() got an unexpected keyword argument 'device_id'
2025-11-06 16:13:25,989 - INFO - ❌ UNEXPECTED exception (Input Loop): read_holding_registers() got an unexpected keyword argument 'device_id'
2025-11-06 16:13:26,508 - INFO - ❌ UNEXPECTED exception (Input Loop): read_holding_registers() got an unexpected keyword argument 'device_id'
2025-11-06 16:13:27,022 - INFO - ❌ UNEXPECTED exception (Input Loop): read_holding_registers() got an unexpected keyword argument 'device_id'
2025-11-06 16:13:27,528 - INFO - ❌ UNEXPECTED exception (Input Loop): read_holding_registers() got an unexpected keyword argument 'device_id'
2025-11-06 16:13:28,085 - INFO - ❌ UNEXPECTED exception (Input Loop): read_holding_registers() got an unexpected keyword argument 'device_id'
2025-11-06 16:13:28,642 - INFO - ❌ UNEXPECTED exception (Input Loop): read_holding_registers() got an unexpected keyword argument 'device_id'
2025-11-06 16:13:29,166 - INFO - ❌ UNEXPECTED exception (Input Loop): read_holding_registers() got an unexpected keyword argument 'device_id'
2025-11-06 16:13:29,695 - INFO - ❌ UNEXPECTED exception (Input Loop): read_holding_registers() got an unexpected keyword argument 'device_id'
2025-11-06 16:13:30,215 - INFO - ❌ UNEXPECTED exception (Input Loop): read_holding_registers() got an unexpected keyword argument 'device_id'
2025-11-06 16:13:30,743 - INFO - ❌ UNEXPECTED exception (Input Loop): read_holding_registers() got an unexpected keyword argument 'device_id'
2025-11-06 16:13:31,265 - INFO - ❌ UNEXPECTED exception (Input Loop): read_holding_registers() got an unexpected keyword argument 'device_id'
2025-11-06 16:13:31,774 - INFO - ❌ UNEXPECTED exception (Input Loop): read_holding_registers() got an unexpected keyword argument 'device_id'
2025-11-06 16:13:32,539 - INFO - ❌ UNEXPECTED exception (Input Loop): read_holding_registers() got an unexpected keyword argument 'device_id'
2025-11-06 16:13:33,063 - INFO - ❌ UNEXPECTED exception (Input Loop): read_holding_registers() got an unexpected keyword argument 'device_id'
2025-11-06 16:13:33,580 - INFO - ❌ UNEXPECTED exception (Input Loop): read_holding_registers() got an unexpected keyword argument 'device_id'
2025-11-06 16:13:34,108 - INFO - ❌ UNEXPECTED exception (Input Loop): read_holding_registers() got an unexpected keyword argument 'device_id'
2025-11-06 16:13:34,629 - INFO - ❌ UNEXPECTED exception (Input Loop): read_holding_registers() got an unexpected keyword argument 'device_id'
2025-11-06 16:13:35,146 - INFO - ❌ UNEXPECTED exception (Input Loop): read_holding_registers() got an unexpected keyword argument 'device_id'
2025-11-06 16:13:35,660 - INFO - ❌ UNEXPECTED exception (Input Loop): read_holding_registers() got an unexpected keyword argument 'device_id'
2025-11-06 16:13:36,167 - INFO - ❌ UNEXPECTED exception (Input Loop): read_holding_registers() got an unexpected keyword argument 'device_id'
2025-11-06 16:13:36,678 - INFO - ❌ UNEXPECTED exception (Input Loop): read_holding_registers() got an unexpected keyword argument 'device_id'
2025-11-06 16:13:37,420 - INFO - ❌ UNEXPECTED exception (Input Loop): read_holding_registers() got an unexpected keyword argument 'device_id'
2025-11-06 16:13:37,962 - INFO - ❌ UNEXPECTED exception (Input Loop): read_holding_registers() got an unexpected keyword argument 'device_id'
2025-11-06 16:13:38,477 - INFO - ❌ UNEXPECTED exception (Input Loop): read_holding_registers() got an unexpected keyword argument 'device_id'
2025-11-06 16:13:39,003 - INFO - ❌ UNEXPECTED exception (Input Loop): read_holding_registers() got an unexpected keyword argument 'device_id'
2025-11-06 16:13:39,523 - INFO - ❌ UNEXPECTED exception (Input Loop): read_holding_registers() got an unexpected keyword argument 'device_id'
2025-11-06 16:13:40,162 - INFO - ❌ UNEXPECTED exception (Input Loop): read_holding_registers() got an unexpected keyword argument 'device_id'
2025-11-06 16:13:40,672 - INFO - ❌ UNEXPECTED exception (Input Loop): read_holding_registers() got an unexpected keyword argument 'device_id'
2025-11-06 16:13:41,191 - INFO - ❌ UNEXPECTED exception (Input Loop): read_holding_registers() got an unexpected keyword argument 'device_id'
2025-11-06 16:13:41,703 - INFO - ❌ UNEXPECTED exception (Input Loop): read_holding_registers() got an unexpected keyword argument 'device_id'
2025-11-06 16:13:42,210 - INFO - ❌ UNEXPECTED exception (Input Loop): read_holding_registers() got an unexpected keyword argument 'device_id'
2025-11-06 16:13:42,897 - INFO - ❌ UNEXPECTED exception (Input Loop): read_holding_registers() got an unexpected keyword argument 'device_id'
2025-11-06 16:13:43,536 - INFO - ❌ UNEXPECTED exception (Input Loop): read_holding_registers() got an unexpected keyword argument 'device_id'
2025-11-06 16:13:44,047 - INFO - ❌ UNEXPECTED exception (Input Loop): read_holding_registers() got an unexpected keyword argument 'device_id'
2025-11-06 16:13:44,571 - INFO - ❌ UNEXPECTED exception (Input Loop): read_holding_registers() got an unexpected keyword argument 'device_id'
2025-11-06 16:13:45,075 - INFO - ❌ UNEXPECTED exception (Input Loop): read_holding_registers() got an unexpected keyword argument 'device_id'
2025-11-06 16:13:45,593 - INFO - ❌ UNEXPECTED exception (Input Loop): read_holding_registers() got an unexpected keyword argument 'device_id'
2025-11-06 16:13:46,152 - INFO - ❌ UNEXPECTED exception (Input Loop): read_holding_registers() got an unexpected keyword argument 'device_id'
2025-11-06 16:13:46,685 - INFO - ❌ UNEXPECTED exception (Input Loop): read_holding_registers() got an unexpected keyword argument 'device_id'
2025-11-06 16:13:47,208 - INFO - ❌ UNEXPECTED exception (Input Loop): read_holding_registers() got an unexpected keyword argument 'device_id'
2025-11-06 16:13:47,720 - INFO - ❌ UNEXPECTED exception (Input Loop): read_holding_registers() got an unexpected keyword argument 'device_id'
2025-11-06 16:13:48,233 - INFO - ❌ UNEXPECTED exception (Input Loop): read_holding_registers() got an unexpected keyword argument 'device_id'
2025-11-06 16:13:48,764 - INFO - ❌ UNEXPECTED exception (Input Loop): read_holding_registers() got an unexpected keyword argument 'device_id'
2025-11-06 16:13:49,287 - INFO - ❌ UNEXPECTED exception (Input Loop): read_holding_registers() got an unexpected keyword argument 'device_id'
2025-11-06 16:13:49,803 - INFO - ❌ UNEXPECTED exception (Input Loop): read_holding_registers() got an unexpected keyword argument 'device_id'
2025-11-06 16:13:50,320 - INFO - ❌ UNEXPECTED exception (Input Loop): read_holding_registers() got an unexpected keyword argument 'device_id'
2025-11-06 16:13:50,831 - INFO - ❌ UNEXPECTED exception (Input Loop): read_holding_registers() got an unexpected keyword argument 'device_id'
2025-11-06 16:13:51,555 - INFO - ❌ UNEXPECTED exception (Input Loop): read_holding_registers() got an unexpected keyword argument 'device_id'
2025-11-06 16:13:52,064 - INFO - ❌ UNEXPECTED exception (Input Loop): read_holding_registers() got an unexpected keyword argument 'device_id'
2025-11-06 16:13:52,576 - INFO - ❌ UNEXPECTED exception (Input Loop): read_holding_registers() got an unexpected keyword argument 'device_id'
2025-11-06 16:13:53,088 - INFO - ❌ UNEXPECTED exception (Input Loop): read_holding_registers() got an unexpected keyword argument 'device_id'
2025-11-06 16:13:53,600 - INFO - ❌ UNEXPECTED exception (Input Loop): read_holding_registers() got an unexpected keyword argument 'device_id'
2025-11-06 16:13:54,127 - INFO - ❌ UNEXPECTED exception (Input Loop): read_holding_registers() got an unexpected keyword argument 'device_id'
2025-11-06 16:13:54,637 - INFO - ❌ UNEXPECTED exception (Input Loop): read_holding_registers() got an unexpected keyword argument 'device_id'
2025-11-06 16:13:55,273 - INFO - ❌ UNEXPECTED exception (Input Loop): read_holding_registers() got an unexpected keyword argument 'device_id'
2025-11-06 16:13:55,790 - INFO - ❌ UNEXPECTED exception (Input Loop): read_holding_registers() got an unexpected keyword argument 'device_id'
2025-11-06 16:13:56,319 - INFO - ❌ UNEXPECTED exception (Input Loop): read_holding_registers() got an unexpected keyword argument 'device_id'
2025-11-06 16:13:56,840 - INFO - ❌ UNEXPECTED exception (Input Loop): read_holding_registers() got an unexpected keyword argument 'device_id'
2025-11-06 16:13:57,354 - INFO - ❌ UNEXPECTED exception (Input Loop): read_holding_registers() got an unexpected keyword argument 'device_id'
2025-11-06 16:13:57,881 - INFO - ❌ UNEXPECTED exception (Input Loop): read_holding_registers() got an unexpected keyword argument 'device_id'
2025-11-06 16:13:58,643 - INFO - ❌ UNEXPECTED exception (Input Loop): read_holding_registers() got an unexpected keyword argument 'device_id'
2025-11-06 16:13:59,177 - INFO - ❌ UNEXPECTED exception (Input Loop): read_holding_registers() got an unexpected keyword argument 'device_id'
2025-11-06 16:13:59,689 - INFO - ❌ UNEXPECTED exception (Input Loop): read_holding_registers() got an unexpected keyword argument 'device_id'
2025-11-06 16:14:00,262 - INFO - ❌ UNEXPECTED exception (Input Loop): read_holding_registers() got an unexpected keyword argument 'device_id'
2025-11-06 16:14:00,781 - INFO - ❌ UNEXPECTED exception (Input Loop): read_holding_registers() got an unexpected keyword argument 'device_id'
2025-11-06 16:14:01,302 - INFO - ❌ UNEXPECTED exception (Input Loop): read_holding_registers() got an unexpected keyword argument 'device_id'
2025-11-06 16:14:01,814 - INFO - ❌ UNEXPECTED exception (Input Loop): read_holding_registers() got an unexpected keyword argument 'device_id'
2025-11-06 16:14:02,330 - INFO - ❌ UNEXPECTED exception (Input Loop): read_holding_registers() got an unexpected keyword argument 'device_id'
2025-11-06 16:14:02,836 - INFO - ❌ UNEXPECTED exception (Input Loop): read_holding_registers() got an unexpected keyword argument 'device_id'
2025-11-06 16:14:03,359 - INFO - ❌ UNEXPECTED exception (Input Loop): read_holding_registers() got an unexpected keyword argument 'device_id'
2025-11-06 16:14:03,873 - INFO - ❌ UNEXPECTED exception (Input Loop): read_holding_registers() got an unexpected keyword argument 'device_id'
2025-11-06 16:14:04,386 - INFO - ❌ UNEXPECTED exception (Input Loop): read_holding_registers() got an unexpected keyword argument 'device_id'
2025-11-06 16:14:04,893 - INFO - ❌ UNEXPECTED exception (Input Loop): read_holding_registers() got an unexpected keyword argument 'device_id'
2025-11-06 16:14:05,416 - INFO - ❌ UNEXPECTED exception (Input Loop): read_holding_registers() got an unexpected keyword argument 'device_id'
2025-11-06 16:14:05,943 - INFO - ❌ UNEXPECTED exception (Input Loop): read_holding_registers() got an unexpected keyword argument 'device_id'
2025-11-06 16:14:06,483 - INFO - ❌ UNEXPECTED exception (Input Loop): read_holding_registers() got an unexpected keyword argument 'device_id'
2025-11-06 16:14:06,998 - INFO - ❌ UNEXPECTED exception (Input Loop): read_holding_registers() got an unexpected keyword argument 'device_id'
2025-11-06 16:14:07,506 - INFO - ❌ UNEXPECTED exception (Input Loop): read_holding_registers() got an unexpected keyword argument 'device_id'
2025-11-06 16:14:08,017 - INFO - ❌ UNEXPECTED exception (Input Loop): read_holding_registers() got an unexpected keyword argument 'device_id'
2025-11-06 16:14:08,547 - INFO - ❌ UNEXPECTED exception (Input Loop): read_holding_registers() got an unexpected keyword argument 'device_id'
2025-11-06 16:14:09,070 - INFO - ❌ UNEXPECTED exception (Input Loop): read_holding_registers() got an unexpected keyword argument 'device_id'
2025-11-06 16:14:09,610 - INFO - ❌ UNEXPECTED exception (Input Loop): read_holding_registers() got an unexpected keyword argument 'device_id'
2025-11-06 16:14:10,128 - INFO - ❌ UNEXPECTED exception (Input Loop): read_holding_registers() got an unexpected keyword argument 'device_id'
2025-11-06 16:14:10,639 - INFO - ❌ UNEXPECTED exception (Input Loop): read_holding_registers() got an unexpected keyword argument 'device_id'
2025-11-06 16:14:11,401 - INFO - ❌ UNEXPECTED exception (Input Loop): read_holding_registers() got an unexpected keyword argument 'device_id'
2025-11-06 16:14:11,917 - INFO - ❌ UNEXPECTED exception (Input Loop): read_holding_registers() got an unexpected keyword argument 'device_id'
2025-11-06 16:14:12,461 - INFO - ❌ UNEXPECTED exception (Input Loop): read_holding_registers() got an unexpected keyword argument 'device_id'
2025-11-06 16:14:12,975 - INFO - ❌ UNEXPECTED exception (Input Loop): read_holding_registers() got an unexpected keyword argument 'device_id'
2025-11-06 16:14:13,483 - INFO - ❌ UNEXPECTED exception (Input Loop): read_holding_registers() got an unexpected keyword argument 'device_id'
2025-11-06 16:14:13,992 - INFO - ❌ UNEXPECTED exception (Input Loop): read_holding_registers() got an unexpected keyword argument 'device_id'
2025-11-06 16:14:14,525 - INFO - ❌ UNEXPECTED exception (Input Loop): read_holding_registers() got an unexpected keyword argument 'device_id'
2025-11-06 16:14:15,069 - INFO - ❌ UNEXPECTED exception (Input Loop): read_holding_registers() got an unexpected keyword argument 'device_id'
2025-11-06 16:14:15,584 - INFO - ❌ UNEXPECTED exception (Input Loop): read_holding_registers() got an unexpected keyword argument 'device_id'
2025-11-06 16:14:16,102 - INFO - ❌ UNEXPECTED exception (Input Loop): read_holding_registers() got an unexpected keyword argument 'device_id'
2025-11-06 16:14:16,617 - INFO - ❌ UNEXPECTED exception (Input Loop): read_holding_registers() got an unexpected keyword argument 'device_id'
2025-11-06 16:14:17,123 - INFO - ❌ UNEXPECTED exception (Input Loop): read_holding_registers() got an unexpected keyword argument 'device_id'
2025-11-06 16:14:17,785 - INFO - ❌ UNEXPECTED exception (Input Loop): read_holding_registers() got an unexpected keyword argument 'device_id'
2025-11-06 16:14:18,316 - INFO - ❌ UNEXPECTED exception (Input Loop): read_holding_registers() got an unexpected keyword argument 'device_id'
2025-11-06 16:14:18,823 - INFO - ❌ UNEXPECTED exception (Input Loop): read_holding_registers() got an unexpected keyword argument 'device_id'
2025-11-06 16:14:19,326 - INFO - ❌ UNEXPECTED exception (Input Loop): read_holding_registers() got an unexpected keyword argument 'device_id'
2025-11-06 16:14:19,843 - INFO - ❌ UNEXPECTED exception (Input Loop): read_holding_registers() got an unexpected keyword argument 'device_id'
2025-11-06 16:14:20,361 - INFO - ❌ UNEXPECTED exception (Input Loop): read_holding_registers() got an unexpected keyword argument 'device_id'
2025-11-06 16:14:20,887 - INFO - ❌ UNEXPECTED exception (Input Loop): read_holding_registers() got an unexpected keyword argument 'device_id'
2025-11-06 16:14:21,404 - INFO - ❌ UNEXPECTED exception (Input Loop): read_holding_registers() got an unexpected keyword argument 'device_id'
2025-11-06 16:14:21,928 - INFO - ❌ UNEXPECTED exception (Input Loop): read_holding_registers() got an unexpected keyword argument 'device_id'
2025-11-06 16:14:22,450 - INFO - ❌ UNEXPECTED exception (Input Loop): read_holding_registers() got an unexpected keyword argument 'device_id'
2025-11-06 16:14:22,975 - INFO - ❌ UNEXPECTED exception (Input Loop): read_holding_registers() got an unexpected keyword argument 'device_id'
2025-11-06 16:14:23,504 - INFO - ❌ UNEXPECTED exception (Input Loop): read_holding_registers() got an unexpected keyword argument 'device_id'
2025-11-06 16:14:24,024 - INFO - ❌ UNEXPECTED exception (Input Loop): read_holding_registers() got an unexpected keyword argument 'device_id'
2025-11-06 16:14:24,536 - INFO - ❌ UNEXPECTED exception (Input Loop): read_holding_registers() got an unexpected keyword argument 'device_id'
2025-11-06 16:14:25,058 - INFO - ❌ UNEXPECTED exception (Input Loop): read_holding_registers() got an unexpected keyword argument 'device_id'
2025-11-06 16:14:25,566 - INFO - ❌ UNEXPECTED exception (Input Loop): read_holding_registers() got an unexpected keyword argument 'device_id'
2025-11-06 16:14:26,071 - INFO - ❌ UNEXPECTED exception (Input Loop): read_holding_registers() got an unexpected keyword argument 'device_id'
2025-11-06 16:14:26,574 - INFO - ❌ UNEXPECTED exception (Input Loop): read_holding_registers() got an unexpected keyword argument 'device_id'
2025-11-06 16:14:27,333 - INFO - ❌ UNEXPECTED exception (Input Loop): read_holding_registers() got an unexpected keyword argument 'device_id'
2025-11-06 16:14:27,933 - INFO - ❌ UNEXPECTED exception (Input Loop): read_holding_registers() got an unexpected keyword argument 'device_id'
2025-11-06 16:14:28,434 - INFO - ❌ UNEXPECTED exception (Input Loop): read_holding_registers() got an unexpected keyword argument 'device_id'
2025-11-06 16:14:28,942 - INFO - ❌ UNEXPECTED exception (Input Loop): read_holding_registers() got an unexpected keyword argument 'device_id'
2025-11-06 16:14:29,460 - INFO - ❌ UNEXPECTED exception (Input Loop): read_holding_registers() got an unexpected keyword argument 'device_id'
2025-11-06 16:14:30,106 - INFO - ❌ UNEXPECTED exception (Input Loop): read_holding_registers() got an unexpected keyword argument 'device_id'
2025-11-06 16:14:30,620 - INFO - ❌ UNEXPECTED exception (Input Loop): read_holding_registers() got an unexpected keyword argument 'device_id'
2025-11-06 16:14:31,133 - INFO - ❌ UNEXPECTED exception (Input Loop): read_holding_registers() got an unexpected keyword argument 'device_id'
2025-11-06 16:14:31,661 - INFO - ❌ UNEXPECTED exception (Input Loop): read_holding_registers() got an unexpected keyword argument 'device_id'
2025-11-06 16:14:32,186 - INFO - ❌ UNEXPECTED exception (Input Loop): read_holding_registers() got an unexpected keyword argument 'device_id'
2025-11-06 16:14:32,708 - INFO - ❌ UNEXPECTED exception (Input Loop): read_holding_registers() got an unexpected keyword argument 'device_id'
2025-11-06 16:14:33,224 - INFO - ❌ UNEXPECTED exception (Input Loop): read_holding_registers() got an unexpected keyword argument 'device_id'
2025-11-06 16:14:33,763 - INFO - ❌ UNEXPECTED exception (Input Loop): read_holding_registers() got an unexpected keyword argument 'device_id'
2025-11-06 16:14:34,276 - INFO - ❌ UNEXPECTED exception (Input Loop): read_holding_registers() got an unexpected keyword argument 'device_id'
2025-11-06 16:14:34,784 - INFO - ❌ UNEXPECTED exception (Input Loop): read_holding_registers() got an unexpected keyword argument 'device_id'
2025-11-06 16:14:35,541 - INFO - ❌ UNEXPECTED exception (Input Loop): read_holding_registers() got an unexpected keyword argument 'device_id'
2025-11-06 16:14:36,092 - INFO - ❌ UNEXPECTED exception (Input Loop): read_holding_registers() got an unexpected keyword argument 'device_id'
2025-11-06 16:14:36,631 - INFO - ❌ UNEXPECTED exception (Input Loop): read_holding_registers() got an unexpected keyword argument 'device_id'
2025-11-06 16:14:37,143 - INFO - ❌ UNEXPECTED exception (Input Loop): read_holding_registers() got an unexpected keyword argument 'device_id'
2025-11-06 16:14:37,653 - INFO - ❌ UNEXPECTED exception (Input Loop): read_holding_registers() got an unexpected keyword argument 'device_id'
2025-11-06 16:14:38,165 - INFO - ❌ UNEXPECTED exception (Input Loop): read_holding_registers() got an unexpected keyword argument 'device_id'
2025-11-06 16:14:38,669 - INFO - ❌ UNEXPECTED exception (Input Loop): read_holding_registers() got an unexpected keyword argument 'device_id'
2025-11-06 16:14:39,172 - INFO - ❌ UNEXPECTED exception (Input Loop): read_holding_registers() got an unexpected keyword argument 'device_id'
2025-11-06 16:14:39,681 - INFO - ❌ UNEXPECTED exception (Input Loop): read_holding_registers() got an unexpected keyword argument 'device_id'
2025-11-06 16:14:40,198 - INFO - ❌ UNEXPECTED exception (Input Loop): read_holding_registers() got an unexpected keyword argument 'device_id'
2025-11-06 16:14:40,712 - INFO - ❌ UNEXPECTED exception (Input Loop): read_holding_registers() got an unexpected keyword argument 'device_id'
2025-11-06 16:14:41,239 - INFO - ❌ UNEXPECTED exception (Input Loop): read_holding_registers() got an unexpected keyword argument 'device_id'
2025-11-06 16:14:41,755 - INFO - ❌ UNEXPECTED exception (Input Loop): read_holding_registers() got an unexpected keyword argument 'device_id'
2025-11-06 16:14:42,283 - INFO - ❌ UNEXPECTED exception (Input Loop): read_holding_registers() got an unexpected keyword argument 'device_id'
2025-11-06 16:14:42,800 - INFO - ❌ UNEXPECTED exception (Input Loop): read_holding_registers() got an unexpected keyword argument 'device_id'
2025-11-06 16:14:43,321 - INFO - ❌ UNEXPECTED exception (Input Loop): read_holding_registers() got an unexpected keyword argument 'device_id'
2025-11-06 16:14:43,874 - INFO - ❌ UNEXPECTED exception (Input Loop): read_holding_registers() got an unexpected keyword argument 'device_id'
2025-11-06 16:14:44,378 - INFO - ❌ UNEXPECTED exception (Input Loop): read_holding_registers() got an unexpected keyword argument 'device_id'
2025-11-06 16:14:44,898 - INFO - ❌ UNEXPECTED exception (Input Loop): read_holding_registers() got an unexpected keyword argument 'device_id'
2025-11-06 16:14:45,429 - INFO - ❌ UNEXPECTED exception (Input Loop): read_holding_registers() got an unexpected keyword argument 'device_id'
2025-11-06 16:14:45,944 - INFO - ❌ UNEXPECTED exception (Input Loop): read_holding_registers() got an unexpected keyword argument 'device_id'
2025-11-06 16:14:46,479 - INFO - ❌ UNEXPECTED exception (Input Loop): read_holding_registers() got an unexpected keyword argument 'device_id'
2025-11-06 16:14:46,992 - INFO - ❌ UNEXPECTED exception (Input Loop): read_holding_registers() got an unexpected keyword argument 'device_id'
2025-11-06 16:14:47,651 - INFO - ❌ UNEXPECTED exception (Input Loop): read_holding_registers() got an unexpected keyword argument 'device_id'
2025-11-06 16:14:48,158 - INFO - ❌ UNEXPECTED exception (Input Loop): read_holding_registers() got an unexpected keyword argument 'device_id'
2025-11-06 16:14:48,686 - INFO - ❌ UNEXPECTED exception (Input Loop): read_holding_registers() got an unexpected keyword argument 'device_id'
2025-11-06 16:14:49,337 - INFO - ❌ UNEXPECTED exception (Input Loop): read_holding_registers() got an unexpected keyword argument 'device_id'
2025-11-06 16:14:49,848 - INFO - ❌ UNEXPECTED exception (Input Loop): read_holding_registers() got an unexpected keyword argument 'device_id'
2025-11-06 16:14:50,366 - INFO - ❌ UNEXPECTED exception (Input Loop): read_holding_registers() got an unexpected keyword argument 'device_id'
2025-11-06 16:14:50,874 - INFO - ❌ UNEXPECTED exception (Input Loop): read_holding_registers() got an unexpected keyword argument 'device_id'
2025-11-06 16:14:51,396 - INFO - ❌ UNEXPECTED exception (Input Loop): read_holding_registers() got an unexpected keyword argument 'device_id'
2025-11-06 16:14:51,937 - INFO - ❌ UNEXPECTED exception (Input Loop): read_holding_registers() got an unexpected keyword argument 'device_id'
2025-11-06 16:14:52,455 - INFO - ❌ UNEXPECTED exception (Input Loop): read_holding_registers() got an unexpected keyword argument 'device_id'
2025-11-06 16:14:52,966 - INFO - ❌ UNEXPECTED exception (Input Loop): read_holding_registers() got an unexpected keyword argument 'device_id'
2025-11-06 16:14:53,476 - INFO - ❌ UNEXPECTED exception (Input Loop): read_holding_registers() got an unexpected keyword argument 'device_id'
2025-11-06 16:14:53,987 - INFO - ❌ UNEXPECTED exception (Input Loop): read_holding_registers() got an unexpected keyword argument 'device_id'
2025-11-06 16:14:54,498 - INFO - ❌ UNEXPECTED exception (Input Loop): read_holding_registers() got an unexpected keyword argument 'device_id'
2025-11-06 16:14:55,253 - INFO - ❌ UNEXPECTED exception (Input Loop): read_holding_registers() got an unexpected keyword argument 'device_id'
2025-11-06 16:14:55,765 - INFO - ❌ UNEXPECTED exception (Input Loop): read_holding_registers() got an unexpected keyword argument 'device_id'
2025-11-06 16:14:56,307 - INFO - ❌ UNEXPECTED exception (Input Loop): read_holding_registers() got an unexpected keyword argument 'device_id'
2025-11-06 16:14:56,822 - INFO - ❌ UNEXPECTED exception (Input Loop): read_holding_registers() got an unexpected keyword argument 'device_id'
2025-11-06 16:14:57,341 - INFO - ❌ UNEXPECTED exception (Input Loop): read_holding_registers() got an unexpected keyword argument 'device_id'
2025-11-06 16:14:57,875 - INFO - ❌ UNEXPECTED exception (Input Loop): read_holding_registers() got an unexpected keyword argument 'device_id'
2025-11-06 16:14:58,394 - INFO - ❌ UNEXPECTED exception (Input Loop): read_holding_registers() got an unexpected keyword argument 'device_id'
2025-11-06 16:14:58,976 - INFO - ❌ UNEXPECTED exception (Input Loop): read_holding_registers() got an unexpected keyword argument 'device_id'
2025-11-06 16:14:59,493 - INFO - ❌ UNEXPECTED exception (Input Loop): read_holding_registers() got an unexpected keyword argument 'device_id'
2025-11-06 16:15:00,022 - INFO - ❌ UNEXPECTED exception (Input Loop): read_holding_registers() got an unexpected keyword argument 'device_id'
2025-11-06 16:15:00,532 - INFO - ❌ UNEXPECTED exception (Input Loop): read_holding_registers() got an unexpected keyword argument 'device_id'
2025-11-06 16:15:01,071 - INFO - ❌ UNEXPECTED exception (Input Loop): read_holding_registers() got an unexpected keyword argument 'device_id'
2025-11-06 16:15:01,592 - INFO - ❌ UNEXPECTED exception (Input Loop): read_holding_registers() got an unexpected keyword argument 'device_id'
2025-11-06 16:15:02,101 - INFO - ❌ UNEXPECTED exception (Input Loop): read_holding_registers() got an unexpected keyword argument 'device_id'
2025-11-06 16:15:02,625 - INFO - ❌ UNEXPECTED exception (Input Loop): read_holding_registers() got an unexpected keyword argument 'device_id'
2025-11-06 16:15:03,136 - INFO - ❌ UNEXPECTED exception (Input Loop): read_holding_registers() got an unexpected keyword argument 'device_id'
2025-11-06 16:15:03,661 - INFO - ❌ UNEXPECTED exception (Input Loop): read_holding_registers() got an unexpected keyword argument 'device_id'
2025-11-06 16:15:04,170 - INFO - ❌ UNEXPECTED exception (Input Loop): read_holding_registers() got an unexpected keyword argument 'device_id'
2025-11-06 16:15:04,677 - INFO - ❌ UNEXPECTED exception (Input Loop): read_holding_registers() got an unexpected keyword argument 'device_id'
2025-11-06 16:15:05,181 - INFO - ❌ UNEXPECTED exception (Input Loop): read_holding_registers() got an unexpected keyword argument 'device_id'
2025-11-06 16:15:05,684 - INFO - ❌ UNEXPECTED exception (Input Loop): read_holding_registers() got an unexpected keyword argument 'device_id'
2025-11-06 16:15:06,189 - INFO - ❌ UNEXPECTED exception (Input Loop): read_holding_registers() got an unexpected keyword argument 'device_id'
2025-11-06 16:15:06,549 - INFO - License Plate Detected: B3448BWF  
2025-11-06 16:15:06,551 - INFO - LPR: File lpr saved successfully
2025-11-06 16:15:06,784 - INFO - ❌ UNEXPECTED exception (Input Loop): read_holding_registers() got an unexpected keyword argument 'device_id'
2025-11-06 16:15:07,303 - INFO - ❌ UNEXPECTED exception (Input Loop): read_holding_registers() got an unexpected keyword argument 'device_id'
2025-11-06 16:15:07,822 - INFO - ❌ UNEXPECTED exception (Input Loop): read_holding_registers() got an unexpected keyword argument 'device_id'
2025-11-06 16:15:08,345 - INFO - ❌ UNEXPECTED exception (Input Loop): read_holding_registers() got an unexpected keyword argument 'device_id'
2025-11-06 16:15:08,924 - INFO - ❌ UNEXPECTED exception (Input Loop): read_holding_registers() got an unexpected keyword argument 'device_id'
2025-11-06 16:15:09,449 - INFO - ❌ UNEXPECTED exception (Input Loop): read_holding_registers() got an unexpected keyword argument 'device_id'
2025-11-06 16:15:10,008 - INFO - ❌ UNEXPECTED exception (Input Loop): read_holding_registers() got an unexpected keyword argument 'device_id'
2025-11-06 16:15:10,518 - INFO - ❌ UNEXPECTED exception (Input Loop): read_holding_registers() got an unexpected keyword argument 'device_id'
2025-11-06 16:15:11,259 - INFO - ❌ UNEXPECTED exception (Input Loop): read_holding_registers() got an unexpected keyword argument 'device_id'
2025-11-06 16:15:11,796 - INFO - ❌ UNEXPECTED exception (Input Loop): read_holding_registers() got an unexpected keyword argument 'device_id'
2025-11-06 16:15:12,305 - INFO - ❌ UNEXPECTED exception (Input Loop): read_holding_registers() got an unexpected keyword argument 'device_id'
2025-11-06 16:15:12,819 - INFO - ❌ UNEXPECTED exception (Input Loop): read_holding_registers() got an unexpected keyword argument 'device_id'
2025-11-06 16:15:13,330 - INFO - ❌ UNEXPECTED exception (Input Loop): read_holding_registers() got an unexpected keyword argument 'device_id'
2025-11-06 16:15:13,852 - INFO - ❌ UNEXPECTED exception (Input Loop): read_holding_registers() got an unexpected keyword argument 'device_id'
2025-11-06 16:15:14,392 - INFO - ❌ UNEXPECTED exception (Input Loop): read_holding_registers() got an unexpected keyword argument 'device_id'
2025-11-06 16:15:14,905 - INFO - ❌ UNEXPECTED exception (Input Loop): read_holding_registers() got an unexpected keyword argument 'device_id'
2025-11-06 16:15:15,414 - INFO - ❌ UNEXPECTED exception (Input Loop): read_holding_registers() got an unexpected keyword argument 'device_id'
2025-11-06 16:15:15,927 - INFO - ❌ UNEXPECTED exception (Input Loop): read_holding_registers() got an unexpected keyword argument 'device_id'
2025-11-06 16:15:16,453 - INFO - ❌ UNEXPECTED exception (Input Loop): read_holding_registers() got an unexpected keyword argument 'device_id'
2025-11-06 16:15:17,006 - INFO - ❌ UNEXPECTED exception (Input Loop): read_holding_registers() got an unexpected keyword argument 'device_id'
2025-11-06 16:15:17,568 - INFO - ❌ UNEXPECTED exception (Input Loop): read_holding_registers() got an unexpected keyword argument 'device_id'
2025-11-06 16:15:18,076 - INFO - ❌ UNEXPECTED exception (Input Loop): read_holding_registers() got an unexpected keyword argument 'device_id'
2025-11-06 16:15:18,607 - INFO - ❌ UNEXPECTED exception (Input Loop): read_holding_registers() got an unexpected keyword argument 'device_id'
2025-11-06 16:15:19,127 - INFO - ❌ UNEXPECTED exception (Input Loop): read_holding_registers() got an unexpected keyword argument 'device_id'
2025-11-06 16:15:19,637 - INFO - ❌ UNEXPECTED exception (Input Loop): read_holding_registers() got an unexpected keyword argument 'device_id'
2025-11-06 16:15:20,144 - INFO - ❌ UNEXPECTED exception (Input Loop): read_holding_registers() got an unexpected keyword argument 'device_id'
2025-11-06 16:15:20,348 - INFO - License Plate Detected: A4212UJ   
2025-11-06 16:15:20,352 - INFO - LPR: File lpr saved successfully
2025-11-06 16:15:20,704 - INFO - ❌ UNEXPECTED exception (Input Loop): read_holding_registers() got an unexpected keyword argument 'device_id'
2025-11-06 16:15:21,229 - INFO - ❌ UNEXPECTED exception (Input Loop): read_holding_registers() got an unexpected keyword argument 'device_id'
2025-11-06 16:15:21,769 - INFO - ❌ UNEXPECTED exception (Input Loop): read_holding_registers() got an unexpected keyword argument 'device_id'
2025-11-06 16:15:22,314 - INFO - ❌ UNEXPECTED exception (Input Loop): read_holding_registers() got an unexpected keyword argument 'device_id'
2025-11-06 16:15:22,835 - INFO - ❌ UNEXPECTED exception (Input Loop): read_holding_registers() got an unexpected keyword argument 'device_id'
2025-11-06 16:15:23,357 - INFO - ❌ UNEXPECTED exception (Input Loop): read_holding_registers() got an unexpected keyword argument 'device_id'
2025-11-06 16:15:23,883 - INFO - ❌ UNEXPECTED exception (Input Loop): read_holding_registers() got an unexpected keyword argument 'device_id'
2025-11-06 16:15:24,396 - INFO - ❌ UNEXPECTED exception (Input Loop): read_holding_registers() got an unexpected keyword argument 'device_id'
2025-11-06 16:15:24,901 - INFO - ❌ UNEXPECTED exception (Input Loop): read_holding_registers() got an unexpected keyword argument 'device_id'
2025-11-06 16:15:25,435 - INFO - ❌ UNEXPECTED exception (Input Loop): read_holding_registers() got an unexpected keyword argument 'device_id'
2025-11-06 16:15:25,996 - INFO - ❌ UNEXPECTED exception (Input Loop): read_holding_registers() got an unexpected keyword argument 'device_id'
2025-11-06 16:15:26,655 - INFO - ❌ UNEXPECTED exception (Input Loop): read_holding_registers() got an unexpected keyword argument 'device_id'
2025-11-06 16:15:27,169 - INFO - ❌ UNEXPECTED exception (Input Loop): read_holding_registers() got an unexpected keyword argument 'device_id'
2025-11-06 16:15:27,701 - INFO - ❌ UNEXPECTED exception (Input Loop): read_holding_registers() got an unexpected keyword argument 'device_id'
2025-11-06 16:15:28,213 - INFO - ❌ UNEXPECTED exception (Input Loop): read_holding_registers() got an unexpected keyword argument 'device_id'
2025-11-06 16:15:28,723 - INFO - ❌ UNEXPECTED exception (Input Loop): read_holding_registers() got an unexpected keyword argument 'device_id'
2025-11-06 16:15:29,243 - INFO - ❌ UNEXPECTED exception (Input Loop): read_holding_registers() got an unexpected keyword argument 'device_id'
2025-11-06 16:15:29,757 - INFO - ❌ UNEXPECTED exception (Input Loop): read_holding_registers() got an unexpected keyword argument 'device_id'
2025-11-06 16:15:30,410 - INFO - ❌ UNEXPECTED exception (Input Loop): read_holding_registers() got an unexpected keyword argument 'device_id'
2025-11-06 16:15:30,912 - INFO - ❌ UNEXPECTED exception (Input Loop): read_holding_registers() got an unexpected keyword argument 'device_id'
2025-11-06 16:15:31,417 - INFO - ❌ UNEXPECTED exception (Input Loop): read_holding_registers() got an unexpected keyword argument 'device_id'
2025-11-06 16:15:31,927 - INFO - ❌ UNEXPECTED exception (Input Loop): read_holding_registers() got an unexpected keyword argument 'device_id'
2025-11-06 16:15:32,429 - INFO - ❌ UNEXPECTED exception (Input Loop): read_holding_registers() got an unexpected keyword argument 'device_id'
2025-11-06 16:15:33,062 - INFO - ❌ UNEXPECTED exception (Input Loop): read_holding_registers() got an unexpected keyword argument 'device_id'
2025-11-06 16:15:33,586 - INFO - ❌ UNEXPECTED exception (Input Loop): read_holding_registers() got an unexpected keyword argument 'device_id'
2025-11-06 16:15:34,104 - INFO - ❌ UNEXPECTED exception (Input Loop): read_holding_registers() got an unexpected keyword argument 'device_id'
2025-11-06 16:15:34,614 - INFO - ❌ UNEXPECTED exception (Input Loop): read_holding_registers() got an unexpected keyword argument 'device_id'
2025-11-06 16:15:35,169 - INFO - ❌ UNEXPECTED exception (Input Loop): read_holding_registers() got an unexpected keyword argument 'device_id'
2025-11-06 16:15:35,675 - INFO - ❌ UNEXPECTED exception (Input Loop): read_holding_registers() got an unexpected keyword argument 'device_id'
2025-11-06 16:15:36,210 - INFO - ❌ UNEXPECTED exception (Input Loop): read_holding_registers() got an unexpected keyword argument 'device_id'
2025-11-06 16:15:36,734 - INFO - ❌ UNEXPECTED exception (Input Loop): read_holding_registers() got an unexpected keyword argument 'device_id'
2025-11-06 16:15:37,262 - INFO - ❌ UNEXPECTED exception (Input Loop): read_holding_registers() got an unexpected keyword argument 'device_id'
2025-11-06 16:15:37,775 - INFO - ❌ UNEXPECTED exception (Input Loop): read_holding_registers() got an unexpected keyword argument 'device_id'
2025-11-06 16:15:38,282 - INFO - ❌ UNEXPECTED exception (Input Loop): read_holding_registers() got an unexpected keyword argument 'device_id'
2025-11-06 16:15:38,787 - INFO - ❌ UNEXPECTED exception (Input Loop): read_holding_registers() got an unexpected keyword argument 'device_id'
2025-11-06 16:15:39,291 - INFO - ❌ UNEXPECTED exception (Input Loop): read_holding_registers() got an unexpected keyword argument 'device_id'
2025-11-06 16:15:39,805 - INFO - ❌ UNEXPECTED exception (Input Loop): read_holding_registers() got an unexpected keyword argument 'device_id'
2025-11-06 16:15:40,331 - INFO - ❌ UNEXPECTED exception (Input Loop): read_holding_registers() got an unexpected keyword argument 'device_id'
2025-11-06 16:15:40,872 - INFO - ❌ UNEXPECTED exception (Input Loop): read_holding_registers() got an unexpected keyword argument 'device_id'
2025-11-06 16:15:41,395 - INFO - ❌ UNEXPECTED exception (Input Loop): read_holding_registers() got an unexpected keyword argument 'device_id'
2025-11-06 16:15:41,970 - INFO - ❌ UNEXPECTED exception (Input Loop): read_holding_registers() got an unexpected keyword argument 'device_id'
2025-11-06 16:15:42,494 - INFO - ❌ UNEXPECTED exception (Input Loop): read_holding_registers() got an unexpected keyword argument 'device_id'
2025-11-06 16:15:43,021 - INFO - ❌ UNEXPECTED exception (Input Loop): read_holding_registers() got an unexpected keyword argument 'device_id'
2025-11-06 16:15:43,540 - INFO - ❌ UNEXPECTED exception (Input Loop): read_holding_registers() got an unexpected keyword argument 'device_id'
2025-11-06 16:15:44,051 - INFO - ❌ UNEXPECTED exception (Input Loop): read_holding_registers() got an unexpected keyword argument 'device_id'
2025-11-06 16:15:44,555 - INFO - ❌ UNEXPECTED exception (Input Loop): read_holding_registers() got an unexpected keyword argument 'device_id'
2025-11-06 16:15:45,065 - INFO - ❌ UNEXPECTED exception (Input Loop): read_holding_registers() got an unexpected keyword argument 'device_id'
2025-11-06 16:15:45,571 - INFO - ❌ UNEXPECTED exception (Input Loop): read_holding_registers() got an unexpected keyword argument 'device_id'
2025-11-06 16:15:46,074 - INFO - ❌ UNEXPECTED exception (Input Loop): read_holding_registers() got an unexpected keyword argument 'device_id'
2025-11-06 16:15:46,591 - INFO - ❌ UNEXPECTED exception (Input Loop): read_holding_registers() got an unexpected keyword argument 'device_id'
2025-11-06 16:15:47,107 - INFO - ❌ UNEXPECTED exception (Input Loop): read_holding_registers() got an unexpected keyword argument 'device_id'
2025-11-06 16:15:47,628 - INFO - ❌ UNEXPECTED exception (Input Loop): read_holding_registers() got an unexpected keyword argument 'device_id'
2025-11-06 16:15:48,174 - INFO - ❌ UNEXPECTED exception (Input Loop): read_holding_registers() got an unexpected keyword argument 'device_id'
2025-11-06 16:15:48,689 - INFO - ❌ UNEXPECTED exception (Input Loop): read_holding_registers() got an unexpected keyword argument 'device_id'
2025-11-06 16:15:49,201 - INFO - ❌ UNEXPECTED exception (Input Loop): read_holding_registers() got an unexpected keyword argument 'device_id'
2025-11-06 16:15:49,708 - INFO - ❌ UNEXPECTED exception (Input Loop): read_holding_registers() got an unexpected keyword argument 'device_id'
2025-11-06 16:15:50,222 - INFO - ❌ UNEXPECTED exception (Input Loop): read_holding_registers() got an unexpected keyword argument 'device_id'
2025-11-06 16:15:50,744 - INFO - ❌ UNEXPECTED exception (Input Loop): read_holding_registers() got an unexpected keyword argument 'device_id'
2025-11-06 16:15:51,255 - INFO - ❌ UNEXPECTED exception (Input Loop): read_holding_registers() got an unexpected keyword argument 'device_id'
2025-11-06 16:15:51,897 - INFO - ❌ UNEXPECTED exception (Input Loop): read_holding_registers() got an unexpected keyword argument 'device_id'
2025-11-06 16:15:52,430 - INFO - ❌ UNEXPECTED exception (Input Loop): read_holding_registers() got an unexpected keyword argument 'device_id'
2025-11-06 16:15:52,965 - INFO - ❌ UNEXPECTED exception (Input Loop): read_holding_registers() got an unexpected keyword argument 'device_id'
2025-11-06 16:15:53,473 - INFO - ❌ UNEXPECTED exception (Input Loop): read_holding_registers() got an unexpected keyword argument 'device_id'
2025-11-06 16:15:53,976 - INFO - ❌ UNEXPECTED exception (Input Loop): read_holding_registers() got an unexpected keyword argument 'device_id'
2025-11-06 16:15:54,495 - INFO - ❌ UNEXPECTED exception (Input Loop): read_holding_registers() got an unexpected keyword argument 'device_id'
2025-11-06 16:15:55,009 - INFO - ❌ UNEXPECTED exception (Input Loop): read_holding_registers() got an unexpected keyword argument 'device_id'
2025-11-06 16:15:55,531 - INFO - ❌ UNEXPECTED exception (Input Loop): read_holding_registers() got an unexpected keyword argument 'device_id'
2025-11-06 16:15:56,047 - INFO - ❌ UNEXPECTED exception (Input Loop): read_holding_registers() got an unexpected keyword argument 'device_id'
2025-11-06 16:15:56,568 - INFO - ❌ UNEXPECTED exception (Input Loop): read_holding_registers() got an unexpected keyword argument 'device_id'
2025-11-06 16:15:57,087 - INFO - ❌ UNEXPECTED exception (Input Loop): read_holding_registers() got an unexpected keyword argument 'device_id'
2025-11-06 16:15:57,614 - INFO - ❌ UNEXPECTED exception (Input Loop): read_holding_registers() got an unexpected keyword argument 'device_id'
2025-11-06 16:15:58,131 - INFO - ❌ UNEXPECTED exception (Input Loop): read_holding_registers() got an unexpected keyword argument 'device_id'
2025-11-06 16:15:58,640 - INFO - ❌ UNEXPECTED exception (Input Loop): read_holding_registers() got an unexpected keyword argument 'device_id'
2025-11-06 16:15:59,155 - INFO - ❌ UNEXPECTED exception (Input Loop): read_holding_registers() got an unexpected keyword argument 'device_id'
2025-11-06 16:15:59,681 - INFO - ❌ UNEXPECTED exception (Input Loop): read_holding_registers() got an unexpected keyword argument 'device_id'
2025-11-06 16:15:59,690 - INFO - License Plate Detected: A4923UR   
2025-11-06 16:15:59,692 - INFO - LPR: File lpr saved successfully
2025-11-06 16:16:00,201 - INFO - ❌ UNEXPECTED exception (Input Loop): read_holding_registers() got an unexpected keyword argument 'device_id'
2025-11-06 16:16:00,732 - INFO - ❌ UNEXPECTED exception (Input Loop): read_holding_registers() got an unexpected keyword argument 'device_id'
2025-11-06 16:16:01,260 - INFO - ❌ UNEXPECTED exception (Input Loop): read_holding_registers() got an unexpected keyword argument 'device_id'
2025-11-06 16:16:01,779 - INFO - ❌ UNEXPECTED exception (Input Loop): read_holding_registers() got an unexpected keyword argument 'device_id'
2025-11-06 16:16:01,780 - INFO - License Plate Detected: A6659SK   
2025-11-06 16:16:01,791 - INFO - LPR: File lpr saved successfully
2025-11-06 16:16:02,336 - INFO - ❌ UNEXPECTED exception (Input Loop): read_holding_registers() got an unexpected keyword argument 'device_id'
2025-11-06 16:16:02,862 - INFO - ❌ UNEXPECTED exception (Input Loop): read_holding_registers() got an unexpected keyword argument 'device_id'
2025-11-06 16:16:03,392 - INFO - ❌ UNEXPECTED exception (Input Loop): read_holding_registers() got an unexpected keyword argument 'device_id'
2025-11-06 16:16:03,913 - INFO - ❌ UNEXPECTED exception (Input Loop): read_holding_registers() got an unexpected keyword argument 'device_id'
2025-11-06 16:16:04,445 - INFO - ❌ UNEXPECTED exception (Input Loop): read_holding_registers() got an unexpected keyword argument 'device_id'
2025-11-06 16:16:04,964 - INFO - ❌ UNEXPECTED exception (Input Loop): read_holding_registers() got an unexpected keyword argument 'device_id'
2025-11-06 16:16:04,974 - INFO - License Plate Detected: A6819ST   
2025-11-06 16:16:04,978 - INFO - LPR: File lpr saved successfully
2025-11-06 16:16:05,537 - INFO - ❌ UNEXPECTED exception (Input Loop): read_holding_registers() got an unexpected keyword argument 'device_id'
2025-11-06 16:16:06,073 - INFO - ❌ UNEXPECTED exception (Input Loop): read_holding_registers() got an unexpected keyword argument 'device_id'
2025-11-06 16:16:06,624 - INFO - ❌ UNEXPECTED exception (Input Loop): read_holding_registers() got an unexpected keyword argument 'device_id'
2025-11-06 16:16:07,153 - INFO - ❌ UNEXPECTED exception (Input Loop): read_holding_registers() got an unexpected keyword argument 'device_id'
2025-11-06 16:16:07,167 - INFO - License Plate Detected: A2500AR   
2025-11-06 16:16:07,173 - INFO - LPR: File lpr saved successfully
2025-11-06 16:16:07,703 - INFO - ❌ UNEXPECTED exception (Input Loop): read_holding_registers() got an unexpected keyword argument 'device_id'
2025-11-06 16:16:08,223 - INFO - ❌ UNEXPECTED exception (Input Loop): read_holding_registers() got an unexpected keyword argument 'device_id'
2025-11-06 16:16:08,773 - INFO - ❌ UNEXPECTED exception (Input Loop): read_holding_registers() got an unexpected keyword argument 'device_id'
2025-11-06 16:16:09,417 - INFO - ❌ UNEXPECTED exception (Input Loop): read_holding_registers() got an unexpected keyword argument 'device_id'
2025-11-06 16:16:09,952 - INFO - ❌ UNEXPECTED exception (Input Loop): read_holding_registers() got an unexpected keyword argument 'device_id'
2025-11-06 16:16:10,487 - INFO - ❌ UNEXPECTED exception (Input Loop): read_holding_registers() got an unexpected keyword argument 'device_id'
2025-11-06 16:16:11,001 - INFO - ❌ UNEXPECTED exception (Input Loop): read_holding_registers() got an unexpected keyword argument 'device_id'
2025-11-06 16:16:11,503 - INFO - ❌ UNEXPECTED exception (Input Loop): read_holding_registers() got an unexpected keyword argument 'device_id'
2025-11-06 16:16:12,133 - INFO - ❌ UNEXPECTED exception (Input Loop): read_holding_registers() got an unexpected keyword argument 'device_id'
2025-11-06 16:16:12,665 - INFO - ❌ UNEXPECTED exception (Input Loop): read_holding_registers() got an unexpected keyword argument 'device_id'
2025-11-06 16:16:13,185 - INFO - ❌ UNEXPECTED exception (Input Loop): read_holding_registers() got an unexpected keyword argument 'device_id'
2025-11-06 16:16:13,694 - INFO - ❌ UNEXPECTED exception (Input Loop): read_holding_registers() got an unexpected keyword argument 'device_id'
2025-11-06 16:16:14,222 - INFO - ❌ UNEXPECTED exception (Input Loop): read_holding_registers() got an unexpected keyword argument 'device_id'
2025-11-06 16:16:14,772 - INFO - ❌ UNEXPECTED exception (Input Loop): read_holding_registers() got an unexpected keyword argument 'device_id'
2025-11-06 16:16:15,297 - INFO - ❌ UNEXPECTED exception (Input Loop): read_holding_registers() got an unexpected keyword argument 'device_id'
2025-11-06 16:16:15,805 - INFO - ❌ UNEXPECTED exception (Input Loop): read_holding_registers() got an unexpected keyword argument 'device_id'
2025-11-06 16:16:16,312 - INFO - ❌ UNEXPECTED exception (Input Loop): read_holding_registers() got an unexpected keyword argument 'device_id'
2025-11-06 16:16:16,842 - INFO - ❌ UNEXPECTED exception (Input Loop): read_holding_registers() got an unexpected keyword argument 'device_id'
2025-11-06 16:16:17,386 - INFO - ❌ UNEXPECTED exception (Input Loop): read_holding_registers() got an unexpected keyword argument 'device_id'
2025-11-06 16:16:17,901 - INFO - ❌ UNEXPECTED exception (Input Loop): read_holding_registers() got an unexpected keyword argument 'device_id'
2025-11-06 16:16:18,423 - INFO - ❌ UNEXPECTED exception (Input Loop): read_holding_registers() got an unexpected keyword argument 'device_id'
2025-11-06 16:16:18,960 - INFO - ❌ UNEXPECTED exception (Input Loop): read_holding_registers() got an unexpected keyword argument 'device_id'
2025-11-06 16:16:19,469 - INFO - ❌ UNEXPECTED exception (Input Loop): read_holding_registers() got an unexpected keyword argument 'device_id'
2025-11-06 16:16:19,996 - INFO - ❌ UNEXPECTED exception (Input Loop): read_holding_registers() got an unexpected keyword argument 'device_id'
2025-11-06 16:16:20,529 - INFO - ❌ UNEXPECTED exception (Input Loop): read_holding_registers() got an unexpected keyword argument 'device_id'
2025-11-06 16:16:21,042 - INFO - ❌ UNEXPECTED exception (Input Loop): read_holding_registers() got an unexpected keyword argument 'device_id'
2025-11-06 16:16:21,555 - INFO - ❌ UNEXPECTED exception (Input Loop): read_holding_registers() got an unexpected keyword argument 'device_id'
2025-11-06 16:16:22,069 - INFO - ❌ UNEXPECTED exception (Input Loop): read_holding_registers() got an unexpected keyword argument 'device_id'
2025-11-06 16:16:22,589 - INFO - ❌ UNEXPECTED exception (Input Loop): read_holding_registers() got an unexpected keyword argument 'device_id'
2025-11-06 16:16:23,099 - INFO - ❌ UNEXPECTED exception (Input Loop): read_holding_registers() got an unexpected keyword argument 'device_id'
2025-11-06 16:16:23,604 - INFO - ❌ UNEXPECTED exception (Input Loop): read_holding_registers() got an unexpected keyword argument 'device_id'
2025-11-06 16:16:24,121 - INFO - ❌ UNEXPECTED exception (Input Loop): read_holding_registers() got an unexpected keyword argument 'device_id'
2025-11-06 16:16:24,629 - INFO - ❌ UNEXPECTED exception (Input Loop): read_holding_registers() got an unexpected keyword argument 'device_id'
2025-11-06 16:16:25,149 - INFO - ❌ UNEXPECTED exception (Input Loop): read_holding_registers() got an unexpected keyword argument 'device_id'
2025-11-06 16:16:25,658 - INFO - ❌ UNEXPECTED exception (Input Loop): read_holding_registers() got an unexpected keyword argument 'device_id'
2025-11-06 16:16:25,847 - INFO - License Plate Detected: A2116UO   
2025-11-06 16:16:25,852 - INFO - LPR: File lpr saved successfully
2025-11-06 16:16:26,199 - INFO - ❌ UNEXPECTED exception (Input Loop): read_holding_registers() got an unexpected keyword argument 'device_id'
2025-11-06 16:16:26,709 - INFO - ❌ UNEXPECTED exception (Input Loop): read_holding_registers() got an unexpected keyword argument 'device_id'
2025-11-06 16:16:27,245 - INFO - ❌ UNEXPECTED exception (Input Loop): read_holding_registers() got an unexpected keyword argument 'device_id'
2025-11-06 16:16:27,771 - INFO - ❌ UNEXPECTED exception (Input Loop): read_holding_registers() got an unexpected keyword argument 'device_id'
2025-11-06 16:16:28,280 - INFO - ❌ UNEXPECTED exception (Input Loop): read_holding_registers() got an unexpected keyword argument 'device_id'
2025-11-06 16:16:28,812 - INFO - ❌ UNEXPECTED exception (Input Loop): read_holding_registers() got an unexpected keyword argument 'device_id'
2025-11-06 16:16:29,334 - INFO - ❌ UNEXPECTED exception (Input Loop): read_holding_registers() got an unexpected keyword argument 'device_id'
2025-11-06 16:16:29,848 - INFO - ❌ UNEXPECTED exception (Input Loop): read_holding_registers() got an unexpected keyword argument 'device_id'
2025-11-06 16:16:30,352 - INFO - ❌ UNEXPECTED exception (Input Loop): read_holding_registers() got an unexpected keyword argument 'device_id'
2025-11-06 16:16:30,874 - INFO - ❌ UNEXPECTED exception (Input Loop): read_holding_registers() got an unexpected keyword argument 'device_id'
2025-11-06 16:16:31,408 - INFO - ❌ UNEXPECTED exception (Input Loop): read_holding_registers() got an unexpected keyword argument 'device_id'
2025-11-06 16:16:31,927 - INFO - ❌ UNEXPECTED exception (Input Loop): read_holding_registers() got an unexpected keyword argument 'device_id'
2025-11-06 16:16:32,455 - INFO - ❌ UNEXPECTED exception (Input Loop): read_holding_registers() got an unexpected keyword argument 'device_id'
2025-11-06 16:16:33,007 - INFO - ❌ UNEXPECTED exception (Input Loop): read_holding_registers() got an unexpected keyword argument 'device_id'
2025-11-06 16:16:33,549 - INFO - ❌ UNEXPECTED exception (Input Loop): read_holding_registers() got an unexpected keyword argument 'device_id'
2025-11-06 16:16:34,059 - INFO - ❌ UNEXPECTED exception (Input Loop): read_holding_registers() got an unexpected keyword argument 'device_id'
2025-11-06 16:16:34,775 - INFO - ❌ UNEXPECTED exception (Input Loop): read_holding_registers() got an unexpected keyword argument 'device_id'
2025-11-06 16:16:35,325 - INFO - ❌ UNEXPECTED exception (Input Loop): read_holding_registers() got an unexpected keyword argument 'device_id'
2025-11-06 16:16:35,837 - INFO - ❌ UNEXPECTED exception (Input Loop): read_holding_registers() got an unexpected keyword argument 'device_id'
2025-11-06 16:16:36,345 - INFO - ❌ UNEXPECTED exception (Input Loop): read_holding_registers() got an unexpected keyword argument 'device_id'
2025-11-06 16:16:36,853 - INFO - ❌ UNEXPECTED exception (Input Loop): read_holding_registers() got an unexpected keyword argument 'device_id'
2025-11-06 16:16:37,363 - INFO - ❌ UNEXPECTED exception (Input Loop): read_holding_registers() got an unexpected keyword argument 'device_id'
2025-11-06 16:16:37,866 - INFO - ❌ UNEXPECTED exception (Input Loop): read_holding_registers() got an unexpected keyword argument 'device_id'
2025-11-06 16:16:38,388 - INFO - ❌ UNEXPECTED exception (Input Loop): read_holding_registers() got an unexpected keyword argument 'device_id'
2025-11-06 16:16:38,895 - INFO - ❌ UNEXPECTED exception (Input Loop): read_holding_registers() got an unexpected keyword argument 'device_id'
2025-11-06 16:16:39,400 - INFO - ❌ UNEXPECTED exception (Input Loop): read_holding_registers() got an unexpected keyword argument 'device_id'
2025-11-06 16:16:39,930 - INFO - ❌ UNEXPECTED exception (Input Loop): read_holding_registers() got an unexpected keyword argument 'device_id'
2025-11-06 16:16:40,436 - INFO - ❌ UNEXPECTED exception (Input Loop): read_holding_registers() got an unexpected keyword argument 'device_id'
2025-11-06 16:16:40,971 - INFO - ❌ UNEXPECTED exception (Input Loop): read_holding_registers() got an unexpected keyword argument 'device_id'
2025-11-06 16:16:41,480 - INFO - ❌ UNEXPECTED exception (Input Loop): read_holding_registers() got an unexpected keyword argument 'device_id'
2025-11-06 16:16:42,003 - INFO - ❌ UNEXPECTED exception (Input Loop): read_holding_registers() got an unexpected keyword argument 'device_id'
2025-11-06 16:16:42,514 - INFO - ❌ UNEXPECTED exception (Input Loop): read_holding_registers() got an unexpected keyword argument 'device_id'
2025-11-06 16:16:43,029 - INFO - ❌ UNEXPECTED exception (Input Loop): read_holding_registers() got an unexpected keyword argument 'device_id'
2025-11-06 16:16:43,545 - INFO - ❌ UNEXPECTED exception (Input Loop): read_holding_registers() got an unexpected keyword argument 'device_id'
2025-11-06 16:16:44,054 - INFO - ❌ UNEXPECTED exception (Input Loop): read_holding_registers() got an unexpected keyword argument 'device_id'
2025-11-06 16:16:44,692 - INFO - ❌ UNEXPECTED exception (Input Loop): read_holding_registers() got an unexpected keyword argument 'device_id'
2025-11-06 16:16:45,234 - INFO - ❌ UNEXPECTED exception (Input Loop): read_holding_registers() got an unexpected keyword argument 'device_id'
2025-11-06 16:16:45,772 - INFO - ❌ UNEXPECTED exception (Input Loop): read_holding_registers() got an unexpected keyword argument 'device_id'
2025-11-06 16:16:46,329 - INFO - ❌ UNEXPECTED exception (Input Loop): read_holding_registers() got an unexpected keyword argument 'device_id'
2025-11-06 16:16:46,841 - INFO - ❌ UNEXPECTED exception (Input Loop): read_holding_registers() got an unexpected keyword argument 'device_id'
2025-11-06 16:16:47,348 - INFO - ❌ UNEXPECTED exception (Input Loop): read_holding_registers() got an unexpected keyword argument 'device_id'
2025-11-06 16:16:47,883 - INFO - ❌ UNEXPECTED exception (Input Loop): read_holding_registers() got an unexpected keyword argument 'device_id'
2025-11-06 16:16:48,392 - INFO - ❌ UNEXPECTED exception (Input Loop): read_holding_registers() got an unexpected keyword argument 'device_id'
2025-11-06 16:16:48,913 - INFO - ❌ UNEXPECTED exception (Input Loop): read_holding_registers() got an unexpected keyword argument 'device_id'
2025-11-06 16:16:49,449 - INFO - ❌ UNEXPECTED exception (Input Loop): read_holding_registers() got an unexpected keyword argument 'device_id'
2025-11-06 16:16:49,958 - INFO - ❌ UNEXPECTED exception (Input Loop): read_holding_registers() got an unexpected keyword argument 'device_id'
2025-11-06 16:16:50,475 - INFO - ❌ UNEXPECTED exception (Input Loop): read_holding_registers() got an unexpected keyword argument 'device_id'
2025-11-06 16:16:50,994 - INFO - ❌ UNEXPECTED exception (Input Loop): read_holding_registers() got an unexpected keyword argument 'device_id'
2025-11-06 16:16:51,511 - INFO - ❌ UNEXPECTED exception (Input Loop): read_holding_registers() got an unexpected keyword argument 'device_id'
2025-11-06 16:16:52,046 - INFO - ❌ UNEXPECTED exception (Input Loop): read_holding_registers() got an unexpected keyword argument 'device_id'
2025-11-06 16:16:52,561 - INFO - ❌ UNEXPECTED exception (Input Loop): read_holding_registers() got an unexpected keyword argument 'device_id'
2025-11-06 16:16:53,073 - INFO - ❌ UNEXPECTED exception (Input Loop): read_holding_registers() got an unexpected keyword argument 'device_id'
2025-11-06 16:16:53,586 - INFO - ❌ UNEXPECTED exception (Input Loop): read_holding_registers() got an unexpected keyword argument 'device_id'
2025-11-06 16:16:54,103 - INFO - ❌ UNEXPECTED exception (Input Loop): read_holding_registers() got an unexpected keyword argument 'device_id'
2025-11-06 16:16:54,640 - INFO - ❌ UNEXPECTED exception (Input Loop): read_holding_registers() got an unexpected keyword argument 'device_id'
2025-11-06 16:16:55,151 - INFO - ❌ UNEXPECTED exception (Input Loop): read_holding_registers() got an unexpected keyword argument 'device_id'
2025-11-06 16:16:55,681 - INFO - ❌ UNEXPECTED exception (Input Loop): read_holding_registers() got an unexpected keyword argument 'device_id'
2025-11-06 16:16:56,192 - INFO - ❌ UNEXPECTED exception (Input Loop): read_holding_registers() got an unexpected keyword argument 'device_id'
2025-11-06 16:16:56,698 - INFO - ❌ UNEXPECTED exception (Input Loop): read_holding_registers() got an unexpected keyword argument 'device_id'
2025-11-06 16:16:57,202 - INFO - ❌ UNEXPECTED exception (Input Loop): read_holding_registers() got an unexpected keyword argument 'device_id'
2025-11-06 16:16:57,893 - INFO - ❌ UNEXPECTED exception (Input Loop): read_holding_registers() got an unexpected keyword argument 'device_id'
2025-11-06 16:16:58,419 - INFO - ❌ UNEXPECTED exception (Input Loop): read_holding_registers() got an unexpected keyword argument 'device_id'
2025-11-06 16:16:58,954 - INFO - ❌ UNEXPECTED exception (Input Loop): read_holding_registers() got an unexpected keyword argument 'device_id'
2025-11-06 16:16:59,495 - INFO - ❌ UNEXPECTED exception (Input Loop): read_holding_registers() got an unexpected keyword argument 'device_id'
2025-11-06 16:17:00,002 - INFO - ❌ UNEXPECTED exception (Input Loop): read_holding_registers() got an unexpected keyword argument 'device_id'
2025-11-06 16:17:00,731 - INFO - ❌ UNEXPECTED exception (Input Loop): read_holding_registers() got an unexpected keyword argument 'device_id'
2025-11-06 16:17:01,269 - INFO - ❌ UNEXPECTED exception (Input Loop): read_holding_registers() got an unexpected keyword argument 'device_id'
2025-11-06 16:17:01,773 - INFO - ❌ UNEXPECTED exception (Input Loop): read_holding_registers() got an unexpected keyword argument 'device_id'
2025-11-06 16:17:02,281 - INFO - ❌ UNEXPECTED exception (Input Loop): read_holding_registers() got an unexpected keyword argument 'device_id'
2025-11-06 16:17:02,794 - INFO - ❌ UNEXPECTED exception (Input Loop): read_holding_registers() got an unexpected keyword argument 'device_id'
2025-11-06 16:17:03,319 - INFO - ❌ UNEXPECTED exception (Input Loop): read_holding_registers() got an unexpected keyword argument 'device_id'
2025-11-06 16:17:03,833 - INFO - ❌ UNEXPECTED exception (Input Loop): read_holding_registers() got an unexpected keyword argument 'device_id'
2025-11-06 16:17:04,343 - INFO - ❌ UNEXPECTED exception (Input Loop): read_holding_registers() got an unexpected keyword argument 'device_id'
2025-11-06 16:17:04,849 - INFO - ❌ UNEXPECTED exception (Input Loop): read_holding_registers() got an unexpected keyword argument 'device_id'
2025-11-06 16:17:05,516 - INFO - ❌ UNEXPECTED exception (Input Loop): read_holding_registers() got an unexpected keyword argument 'device_id'
2025-11-06 16:17:06,024 - INFO - ❌ UNEXPECTED exception (Input Loop): read_holding_registers() got an unexpected keyword argument 'device_id'
2025-11-06 16:17:06,570 - INFO - ❌ UNEXPECTED exception (Input Loop): read_holding_registers() got an unexpected keyword argument 'device_id'
2025-11-06 16:17:07,096 - INFO - ❌ UNEXPECTED exception (Input Loop): read_holding_registers() got an unexpected keyword argument 'device_id'
2025-11-06 16:17:07,627 - INFO - ❌ UNEXPECTED exception (Input Loop): read_holding_registers() got an unexpected keyword argument 'device_id'
2025-11-06 16:17:08,140 - INFO - ❌ UNEXPECTED exception (Input Loop): read_holding_registers() got an unexpected keyword argument 'device_id'
2025-11-06 16:17:08,679 - INFO - ❌ UNEXPECTED exception (Input Loop): read_holding_registers() got an unexpected keyword argument 'device_id'
2025-11-06 16:17:09,190 - INFO - ❌ UNEXPECTED exception (Input Loop): read_holding_registers() got an unexpected keyword argument 'device_id'
2025-11-06 16:17:09,700 - INFO - ❌ UNEXPECTED exception (Input Loop): read_holding_registers() got an unexpected keyword argument 'device_id'
2025-11-06 16:17:10,207 - INFO - ❌ UNEXPECTED exception (Input Loop): read_holding_registers() got an unexpected keyword argument 'device_id'
2025-11-06 16:17:10,737 - INFO - ❌ UNEXPECTED exception (Input Loop): read_holding_registers() got an unexpected keyword argument 'device_id'
2025-11-06 16:17:11,248 - INFO - ❌ UNEXPECTED exception (Input Loop): read_holding_registers() got an unexpected keyword argument 'device_id'
2025-11-06 16:17:11,758 - INFO - ❌ UNEXPECTED exception (Input Loop): read_holding_registers() got an unexpected keyword argument 'device_id'
2025-11-06 16:17:12,261 - INFO - ❌ UNEXPECTED exception (Input Loop): read_holding_registers() got an unexpected keyword argument 'device_id'
2025-11-06 16:17:12,780 - INFO - ❌ UNEXPECTED exception (Input Loop): read_holding_registers() got an unexpected keyword argument 'device_id'
2025-11-06 16:17:13,296 - INFO - ❌ UNEXPECTED exception (Input Loop): read_holding_registers() got an unexpected keyword argument 'device_id'
2025-11-06 16:17:13,868 - INFO - ❌ UNEXPECTED exception (Input Loop): read_holding_registers() got an unexpected keyword argument 'device_id'
2025-11-06 16:17:14,386 - INFO - ❌ UNEXPECTED exception (Input Loop): read_holding_registers() got an unexpected keyword argument 'device_id'
2025-11-06 16:17:14,899 - INFO - ❌ UNEXPECTED exception (Input Loop): read_holding_registers() got an unexpected keyword argument 'device_id'
2025-11-06 16:17:15,418 - INFO - ❌ UNEXPECTED exception (Input Loop): read_holding_registers() got an unexpected keyword argument 'device_id'
2025-11-06 16:17:15,938 - INFO - ❌ UNEXPECTED exception (Input Loop): read_holding_registers() got an unexpected keyword argument 'device_id'
2025-11-06 16:17:16,456 - INFO - ❌ UNEXPECTED exception (Input Loop): read_holding_registers() got an unexpected keyword argument 'device_id'
2025-11-06 16:17:16,979 - INFO - ❌ UNEXPECTED exception (Input Loop): read_holding_registers() got an unexpected keyword argument 'device_id'
2025-11-06 16:17:17,493 - INFO - ❌ UNEXPECTED exception (Input Loop): read_holding_registers() got an unexpected keyword argument 'device_id'
2025-11-06 16:17:18,005 - INFO - ❌ UNEXPECTED exception (Input Loop): read_holding_registers() got an unexpected keyword argument 'device_id'
2025-11-06 16:17:18,554 - INFO - ❌ UNEXPECTED exception (Input Loop): read_holding_registers() got an unexpected keyword argument 'device_id'
2025-11-06 16:17:19,065 - INFO - ❌ UNEXPECTED exception (Input Loop): read_holding_registers() got an unexpected keyword argument 'device_id'
2025-11-06 16:17:19,586 - INFO - ❌ UNEXPECTED exception (Input Loop): read_holding_registers() got an unexpected keyword argument 'device_id'
2025-11-06 16:17:20,122 - INFO - ❌ UNEXPECTED exception (Input Loop): read_holding_registers() got an unexpected keyword argument 'device_id'
2025-11-06 16:17:20,630 - INFO - ❌ UNEXPECTED exception (Input Loop): read_holding_registers() got an unexpected keyword argument 'device_id'
2025-11-06 16:17:21,142 - INFO - ❌ UNEXPECTED exception (Input Loop): read_holding_registers() got an unexpected keyword argument 'device_id'
2025-11-06 16:17:21,646 - INFO - ❌ UNEXPECTED exception (Input Loop): read_holding_registers() got an unexpected keyword argument 'device_id'
2025-11-06 16:17:22,149 - INFO - ❌ UNEXPECTED exception (Input Loop): read_holding_registers() got an unexpected keyword argument 'device_id'
2025-11-06 16:17:22,671 - INFO - ❌ UNEXPECTED exception (Input Loop): read_holding_registers() got an unexpected keyword argument 'device_id'
2025-11-06 16:17:23,199 - INFO - ❌ UNEXPECTED exception (Input Loop): read_holding_registers() got an unexpected keyword argument 'device_id'
2025-11-06 16:17:23,709 - INFO - ❌ UNEXPECTED exception (Input Loop): read_holding_registers() got an unexpected keyword argument 'device_id'
2025-11-06 16:17:24,074 - INFO - License Plate Detected: A2021     
2025-11-06 16:17:24,077 - INFO - LPR: File lpr saved successfully
2025-11-06 16:17:24,274 - INFO - ❌ UNEXPECTED exception (Input Loop): read_holding_registers() got an unexpected keyword argument 'device_id'
2025-11-06 16:17:24,795 - INFO - ❌ UNEXPECTED exception (Input Loop): read_holding_registers() got an unexpected keyword argument 'device_id'
2025-11-06 16:17:25,310 - INFO - ❌ UNEXPECTED exception (Input Loop): read_holding_registers() got an unexpected keyword argument 'device_id'
2025-11-06 16:17:25,839 - INFO - ❌ UNEXPECTED exception (Input Loop): read_holding_registers() got an unexpected keyword argument 'device_id'
2025-11-06 16:17:26,361 - INFO - ❌ UNEXPECTED exception (Input Loop): read_holding_registers() got an unexpected keyword argument 'device_id'
2025-11-06 16:17:26,876 - INFO - ❌ UNEXPECTED exception (Input Loop): read_holding_registers() got an unexpected keyword argument 'device_id'
2025-11-06 16:17:27,423 - INFO - ❌ UNEXPECTED exception (Input Loop): read_holding_registers() got an unexpected keyword argument 'device_id'
2025-11-06 16:17:27,934 - INFO - ❌ UNEXPECTED exception (Input Loop): read_holding_registers() got an unexpected keyword argument 'device_id'
2025-11-06 16:17:28,458 - INFO - ❌ UNEXPECTED exception (Input Loop): read_holding_registers() got an unexpected keyword argument 'device_id'
2025-11-06 16:17:28,970 - INFO - ❌ UNEXPECTED exception (Input Loop): read_holding_registers() got an unexpected keyword argument 'device_id'
2025-11-06 16:17:29,500 - INFO - ❌ UNEXPECTED exception (Input Loop): read_holding_registers() got an unexpected keyword argument 'device_id'
2025-11-06 16:17:30,023 - INFO - ❌ UNEXPECTED exception (Input Loop): read_holding_registers() got an unexpected keyword argument 'device_id'
2025-11-06 16:17:30,533 - INFO - ❌ UNEXPECTED exception (Input Loop): read_holding_registers() got an unexpected keyword argument 'device_id'
2025-11-06 16:17:31,049 - INFO - ❌ UNEXPECTED exception (Input Loop): read_holding_registers() got an unexpected keyword argument 'device_id'
2025-11-06 16:17:31,602 - INFO - ❌ UNEXPECTED exception (Input Loop): read_holding_registers() got an unexpected keyword argument 'device_id'
2025-11-06 16:17:32,125 - INFO - ❌ UNEXPECTED exception (Input Loop): read_holding_registers() got an unexpected keyword argument 'device_id'
2025-11-06 16:17:32,637 - INFO - ❌ UNEXPECTED exception (Input Loop): read_holding_registers() got an unexpected keyword argument 'device_id'
2025-11-06 16:17:33,174 - INFO - ❌ UNEXPECTED exception (Input Loop): read_holding_registers() got an unexpected keyword argument 'device_id'
2025-11-06 16:17:33,716 - INFO - ❌ UNEXPECTED exception (Input Loop): read_holding_registers() got an unexpected keyword argument 'device_id'
2025-11-06 16:17:34,221 - INFO - ❌ UNEXPECTED exception (Input Loop): read_holding_registers() got an unexpected keyword argument 'device_id'
2025-11-06 16:17:34,777 - INFO - ❌ UNEXPECTED exception (Input Loop): read_holding_registers() got an unexpected keyword argument 'device_id'
2025-11-06 16:17:35,309 - INFO - ❌ UNEXPECTED exception (Input Loop): read_holding_registers() got an unexpected keyword argument 'device_id'
2025-11-06 16:17:35,817 - INFO - ❌ UNEXPECTED exception (Input Loop): read_holding_registers() got an unexpected keyword argument 'device_id'
2025-11-06 16:17:36,345 - INFO - ❌ UNEXPECTED exception (Input Loop): read_holding_registers() got an unexpected keyword argument 'device_id'
2025-11-06 16:17:36,865 - INFO - ❌ UNEXPECTED exception (Input Loop): read_holding_registers() got an unexpected keyword argument 'device_id'
2025-11-06 16:17:37,382 - INFO - ❌ UNEXPECTED exception (Input Loop): read_holding_registers() got an unexpected keyword argument 'device_id'
2025-11-06 16:17:37,912 - INFO - ❌ UNEXPECTED exception (Input Loop): read_holding_registers() got an unexpected keyword argument 'device_id'
2025-11-06 16:17:38,424 - INFO - ❌ UNEXPECTED exception (Input Loop): read_holding_registers() got an unexpected keyword argument 'device_id'
2025-11-06 16:17:38,951 - INFO - ❌ UNEXPECTED exception (Input Loop): read_holding_registers() got an unexpected keyword argument 'device_id'
2025-11-06 16:17:39,462 - INFO - ❌ UNEXPECTED exception (Input Loop): read_holding_registers() got an unexpected keyword argument 'device_id'
2025-11-06 16:17:40,001 - INFO - ❌ UNEXPECTED exception (Input Loop): read_holding_registers() got an unexpected keyword argument 'device_id'
2025-11-06 16:17:40,531 - INFO - ❌ UNEXPECTED exception (Input Loop): read_holding_registers() got an unexpected keyword argument 'device_id'
2025-11-06 16:17:41,074 - INFO - ❌ UNEXPECTED exception (Input Loop): read_holding_registers() got an unexpected keyword argument 'device_id'
2025-11-06 16:17:41,584 - INFO - ❌ UNEXPECTED exception (Input Loop): read_holding_registers() got an unexpected keyword argument 'device_id'
2025-11-06 16:17:42,122 - INFO - ❌ UNEXPECTED exception (Input Loop): read_holding_registers() got an unexpected keyword argument 'device_id'
2025-11-06 16:17:42,637 - INFO - ❌ UNEXPECTED exception (Input Loop): read_holding_registers() got an unexpected keyword argument 'device_id'
2025-11-06 16:17:42,978 - INFO - License Plate Detected: BE5673OW  
2025-11-06 16:17:42,984 - INFO - LPR: File lpr saved successfully
2025-11-06 16:17:43,170 - INFO - ❌ UNEXPECTED exception (Input Loop): read_holding_registers() got an unexpected keyword argument 'device_id'
2025-11-06 16:17:43,703 - INFO - ❌ UNEXPECTED exception (Input Loop): read_holding_registers() got an unexpected keyword argument 'device_id'
2025-11-06 16:17:44,226 - INFO - ❌ UNEXPECTED exception (Input Loop): read_holding_registers() got an unexpected keyword argument 'device_id'
2025-11-06 16:17:44,750 - INFO - ❌ UNEXPECTED exception (Input Loop): read_holding_registers() got an unexpected keyword argument 'device_id'
2025-11-06 16:17:45,277 - INFO - ❌ UNEXPECTED exception (Input Loop): read_holding_registers() got an unexpected keyword argument 'device_id'
2025-11-06 16:17:45,797 - INFO - ❌ UNEXPECTED exception (Input Loop): read_holding_registers() got an unexpected keyword argument 'device_id'
2025-11-06 16:17:46,316 - INFO - ❌ UNEXPECTED exception (Input Loop): read_holding_registers() got an unexpected keyword argument 'device_id'
2025-11-06 16:17:46,838 - INFO - ❌ UNEXPECTED exception (Input Loop): read_holding_registers() got an unexpected keyword argument 'device_id'
2025-11-06 16:17:47,350 - INFO - ❌ UNEXPECTED exception (Input Loop): read_holding_registers() got an unexpected keyword argument 'device_id'
2025-11-06 16:17:47,854 - INFO - ❌ UNEXPECTED exception (Input Loop): read_holding_registers() got an unexpected keyword argument 'device_id'
2025-11-06 16:17:48,356 - INFO - ❌ UNEXPECTED exception (Input Loop): read_holding_registers() got an unexpected keyword argument 'device_id'
2025-11-06 16:17:48,867 - INFO - ❌ UNEXPECTED exception (Input Loop): read_holding_registers() got an unexpected keyword argument 'device_id'
2025-11-06 16:17:49,522 - INFO - ❌ UNEXPECTED exception (Input Loop): read_holding_registers() got an unexpected keyword argument 'device_id'
2025-11-06 16:17:50,031 - INFO - ❌ UNEXPECTED exception (Input Loop): read_holding_registers() got an unexpected keyword argument 'device_id'
2025-11-06 16:17:50,758 - INFO - ❌ UNEXPECTED exception (Input Loop): read_holding_registers() got an unexpected keyword argument 'device_id'
2025-11-06 16:17:51,289 - INFO - ❌ UNEXPECTED exception (Input Loop): read_holding_registers() got an unexpected keyword argument 'device_id'
2025-11-06 16:17:51,837 - INFO - ❌ UNEXPECTED exception (Input Loop): read_holding_registers() got an unexpected keyword argument 'device_id'
2025-11-06 16:17:52,359 - INFO - ❌ UNEXPECTED exception (Input Loop): read_holding_registers() got an unexpected keyword argument 'device_id'
2025-11-06 16:17:53,031 - INFO - ❌ UNEXPECTED exception (Input Loop): read_holding_registers() got an unexpected keyword argument 'device_id'
2025-11-06 16:17:53,563 - INFO - ❌ UNEXPECTED exception (Input Loop): read_holding_registers() got an unexpected keyword argument 'device_id'
2025-11-06 16:17:54,097 - INFO - ❌ UNEXPECTED exception (Input Loop): read_holding_registers() got an unexpected keyword argument 'device_id'
2025-11-06 16:17:54,608 - INFO - ❌ UNEXPECTED exception (Input Loop): read_holding_registers() got an unexpected keyword argument 'device_id'
2025-11-06 16:17:55,116 - INFO - ❌ UNEXPECTED exception (Input Loop): read_holding_registers() got an unexpected keyword argument 'device_id'
2025-11-06 16:17:55,765 - INFO - ❌ UNEXPECTED exception (Input Loop): read_holding_registers() got an unexpected keyword argument 'device_id'
2025-11-06 16:17:56,278 - INFO - ❌ UNEXPECTED exception (Input Loop): read_holding_registers() got an unexpected keyword argument 'device_id'
2025-11-06 16:17:56,804 - INFO - ❌ UNEXPECTED exception (Input Loop): read_holding_registers() got an unexpected keyword argument 'device_id'
2025-11-06 16:17:57,319 - INFO - ❌ UNEXPECTED exception (Input Loop): read_holding_registers() got an unexpected keyword argument 'device_id'
2025-11-06 16:17:57,828 - INFO - ❌ UNEXPECTED exception (Input Loop): read_holding_registers() got an unexpected keyword argument 'device_id'
2025-11-06 16:17:58,374 - INFO - ❌ UNEXPECTED exception (Input Loop): read_holding_registers() got an unexpected keyword argument 'device_id'
2025-11-06 16:17:58,889 - INFO - ❌ UNEXPECTED exception (Input Loop): read_holding_registers() got an unexpected keyword argument 'device_id'
2025-11-06 16:17:59,399 - INFO - ❌ UNEXPECTED exception (Input Loop): read_holding_registers() got an unexpected keyword argument 'device_id'
2025-11-06 16:17:59,928 - INFO - ❌ UNEXPECTED exception (Input Loop): read_holding_registers() got an unexpected keyword argument 'device_id'
2025-11-06 16:18:00,448 - INFO - ❌ UNEXPECTED exception (Input Loop): read_holding_registers() got an unexpected keyword argument 'device_id'
2025-11-06 16:18:01,013 - INFO - ❌ UNEXPECTED exception (Input Loop): read_holding_registers() got an unexpected keyword argument 'device_id'
2025-11-06 16:18:01,537 - INFO - ❌ UNEXPECTED exception (Input Loop): read_holding_registers() got an unexpected keyword argument 'device_id'
2025-11-06 16:18:02,047 - INFO - ❌ UNEXPECTED exception (Input Loop): read_holding_registers() got an unexpected keyword argument 'device_id'
2025-11-06 16:18:02,584 - INFO - ❌ UNEXPECTED exception (Input Loop): read_holding_registers() got an unexpected keyword argument 'device_id'
2025-11-06 16:18:03,088 - INFO - ❌ UNEXPECTED exception (Input Loop): read_holding_registers() got an unexpected keyword argument 'device_id'
2025-11-06 16:18:03,628 - INFO - ❌ UNEXPECTED exception (Input Loop): read_holding_registers() got an unexpected keyword argument 'device_id'
2025-11-06 16:18:04,138 - INFO - ❌ UNEXPECTED exception (Input Loop): read_holding_registers() got an unexpected keyword argument 'device_id'
2025-11-06 16:18:04,776 - INFO - ❌ UNEXPECTED exception (Input Loop): read_holding_registers() got an unexpected keyword argument 'device_id'
2025-11-06 16:18:05,288 - INFO - ❌ UNEXPECTED exception (Input Loop): read_holding_registers() got an unexpected keyword argument 'device_id'
2025-11-06 16:18:06,007 - INFO - ❌ UNEXPECTED exception (Input Loop): read_holding_registers() got an unexpected keyword argument 'device_id'
2025-11-06 16:18:06,549 - INFO - ❌ UNEXPECTED exception (Input Loop): read_holding_registers() got an unexpected keyword argument 'device_id'
2025-11-06 16:18:07,059 - INFO - ❌ UNEXPECTED exception (Input Loop): read_holding_registers() got an unexpected keyword argument 'device_id'
2025-11-06 16:18:07,569 - INFO - ❌ UNEXPECTED exception (Input Loop): read_holding_registers() got an unexpected keyword argument 'device_id'
2025-11-06 16:18:08,100 - INFO - ❌ UNEXPECTED exception (Input Loop): read_holding_registers() got an unexpected keyword argument 'device_id'
2025-11-06 16:18:08,642 - INFO - ❌ UNEXPECTED exception (Input Loop): read_holding_registers() got an unexpected keyword argument 'device_id'
2025-11-06 16:18:09,161 - INFO - ❌ UNEXPECTED exception (Input Loop): read_holding_registers() got an unexpected keyword argument 'device_id'
2025-11-06 16:18:09,692 - INFO - ❌ UNEXPECTED exception (Input Loop): read_holding_registers() got an unexpected keyword argument 'device_id'
2025-11-06 16:18:10,199 - INFO - ❌ UNEXPECTED exception (Input Loop): read_holding_registers() got an unexpected keyword argument 'device_id'
2025-11-06 16:18:10,709 - INFO - ❌ UNEXPECTED exception (Input Loop): read_holding_registers() got an unexpected keyword argument 'device_id'
2025-11-06 16:18:11,218 - INFO - ❌ UNEXPECTED exception (Input Loop): read_holding_registers() got an unexpected keyword argument 'device_id'
2025-11-06 16:18:11,741 - INFO - ❌ UNEXPECTED exception (Input Loop): read_holding_registers() got an unexpected keyword argument 'device_id'
2025-11-06 16:18:12,261 - INFO - ❌ UNEXPECTED exception (Input Loop): read_holding_registers() got an unexpected keyword argument 'device_id'
2025-11-06 16:18:12,803 - INFO - ❌ UNEXPECTED exception (Input Loop): read_holding_registers() got an unexpected keyword argument 'device_id'
2025-11-06 16:18:13,315 - INFO - ❌ UNEXPECTED exception (Input Loop): read_holding_registers() got an unexpected keyword argument 'device_id'
2025-11-06 16:18:13,830 - INFO - ❌ UNEXPECTED exception (Input Loop): read_holding_registers() got an unexpected keyword argument 'device_id'
2025-11-06 16:18:14,360 - INFO - ❌ UNEXPECTED exception (Input Loop): read_holding_registers() got an unexpected keyword argument 'device_id'
2025-11-06 16:18:14,897 - INFO - ❌ UNEXPECTED exception (Input Loop): read_holding_registers() got an unexpected keyword argument 'device_id'
2025-11-06 16:18:15,414 - INFO - ❌ UNEXPECTED exception (Input Loop): read_holding_registers() got an unexpected keyword argument 'device_id'
2025-11-06 16:18:15,919 - INFO - ❌ UNEXPECTED exception (Input Loop): read_holding_registers() got an unexpected keyword argument 'device_id'
2025-11-06 16:18:16,434 - INFO - ❌ UNEXPECTED exception (Input Loop): read_holding_registers() got an unexpected keyword argument 'device_id'
2025-11-06 16:18:16,949 - INFO - ❌ UNEXPECTED exception (Input Loop): read_holding_registers() got an unexpected keyword argument 'device_id'
2025-11-06 16:18:17,464 - INFO - ❌ UNEXPECTED exception (Input Loop): read_holding_registers() got an unexpected keyword argument 'device_id'
2025-11-06 16:18:17,996 - INFO - ❌ UNEXPECTED exception (Input Loop): read_holding_registers() got an unexpected keyword argument 'device_id'
2025-11-06 16:18:18,518 - INFO - ❌ UNEXPECTED exception (Input Loop): read_holding_registers() got an unexpected keyword argument 'device_id'
2025-11-06 16:18:19,088 - INFO - ❌ UNEXPECTED exception (Input Loop): read_holding_registers() got an unexpected keyword argument 'device_id'
2025-11-06 16:18:19,604 - INFO - ❌ UNEXPECTED exception (Input Loop): read_holding_registers() got an unexpected keyword argument 'device_id'
2025-11-06 16:18:20,120 - INFO - ❌ UNEXPECTED exception (Input Loop): read_holding_registers() got an unexpected keyword argument 'device_id'
2025-11-06 16:18:20,632 - INFO - ❌ UNEXPECTED exception (Input Loop): read_holding_registers() got an unexpected keyword argument 'device_id'
2025-11-06 16:18:21,290 - INFO - ❌ UNEXPECTED exception (Input Loop): read_holding_registers() got an unexpected keyword argument 'device_id'
2025-11-06 16:18:21,807 - INFO - ❌ UNEXPECTED exception (Input Loop): read_holding_registers() got an unexpected keyword argument 'device_id'
2025-11-06 16:18:22,318 - INFO - ❌ UNEXPECTED exception (Input Loop): read_holding_registers() got an unexpected keyword argument 'device_id'
2025-11-06 16:18:23,041 - INFO - ❌ UNEXPECTED exception (Input Loop): read_holding_registers() got an unexpected keyword argument 'device_id'
2025-11-06 16:18:23,551 - INFO - ❌ UNEXPECTED exception (Input Loop): read_holding_registers() got an unexpected keyword argument 'device_id'
2025-11-06 16:18:24,062 - INFO - ❌ UNEXPECTED exception (Input Loop): read_holding_registers() got an unexpected keyword argument 'device_id'
2025-11-06 16:18:24,776 - INFO - ❌ UNEXPECTED exception (Input Loop): read_holding_registers() got an unexpected keyword argument 'device_id'
2025-11-06 16:18:25,287 - INFO - ❌ UNEXPECTED exception (Input Loop): read_holding_registers() got an unexpected keyword argument 'device_id'
2025-11-06 16:18:25,795 - INFO - ❌ UNEXPECTED exception (Input Loop): read_holding_registers() got an unexpected keyword argument 'device_id'
2025-11-06 16:18:26,296 - INFO - ❌ UNEXPECTED exception (Input Loop): read_holding_registers() got an unexpected keyword argument 'device_id'
2025-11-06 16:18:26,825 - INFO - ❌ UNEXPECTED exception (Input Loop): read_holding_registers() got an unexpected keyword argument 'device_id'
2025-11-06 16:18:27,339 - INFO - ❌ UNEXPECTED exception (Input Loop): read_holding_registers() got an unexpected keyword argument 'device_id'
2025-11-06 16:18:27,859 - INFO - ❌ UNEXPECTED exception (Input Loop): read_holding_registers() got an unexpected keyword argument 'device_id'
2025-11-06 16:18:28,386 - INFO - ❌ UNEXPECTED exception (Input Loop): read_holding_registers() got an unexpected keyword argument 'device_id'
2025-11-06 16:18:28,933 - INFO - ❌ UNEXPECTED exception (Input Loop): read_holding_registers() got an unexpected keyword argument 'device_id'
2025-11-06 16:18:29,449 - INFO - ❌ UNEXPECTED exception (Input Loop): read_holding_registers() got an unexpected keyword argument 'device_id'
2025-11-06 16:18:29,969 - INFO - ❌ UNEXPECTED exception (Input Loop): read_holding_registers() got an unexpected keyword argument 'device_id'
2025-11-06 16:18:30,483 - INFO - ❌ UNEXPECTED exception (Input Loop): read_holding_registers() got an unexpected keyword argument 'device_id'
2025-11-06 16:18:30,998 - INFO - ❌ UNEXPECTED exception (Input Loop): read_holding_registers() got an unexpected keyword argument 'device_id'
2025-11-06 16:18:31,516 - INFO - ❌ UNEXPECTED exception (Input Loop): read_holding_registers() got an unexpected keyword argument 'device_id'
2025-11-06 16:18:32,028 - INFO - ❌ UNEXPECTED exception (Input Loop): read_holding_registers() got an unexpected keyword argument 'device_id'
2025-11-06 16:18:32,553 - INFO - ❌ UNEXPECTED exception (Input Loop): read_holding_registers() got an unexpected keyword argument 'device_id'
2025-11-06 16:18:33,093 - INFO - ❌ UNEXPECTED exception (Input Loop): read_holding_registers() got an unexpected keyword argument 'device_id'
2025-11-06 16:18:33,623 - INFO - ❌ UNEXPECTED exception (Input Loop): read_holding_registers() got an unexpected keyword argument 'device_id'
2025-11-06 16:18:34,140 - INFO - ❌ UNEXPECTED exception (Input Loop): read_holding_registers() got an unexpected keyword argument 'device_id'
2025-11-06 16:18:34,658 - INFO - ❌ UNEXPECTED exception (Input Loop): read_holding_registers() got an unexpected keyword argument 'device_id'
2025-11-06 16:18:35,163 - INFO - ❌ UNEXPECTED exception (Input Loop): read_holding_registers() got an unexpected keyword argument 'device_id'
2025-11-06 16:18:35,671 - INFO - ❌ UNEXPECTED exception (Input Loop): read_holding_registers() got an unexpected keyword argument 'device_id'
2025-11-06 16:18:36,176 - INFO - ❌ UNEXPECTED exception (Input Loop): read_holding_registers() got an unexpected keyword argument 'device_id'
2025-11-06 16:18:36,683 - INFO - ❌ UNEXPECTED exception (Input Loop): read_holding_registers() got an unexpected keyword argument 'device_id'
2025-11-06 16:18:37,200 - INFO - ❌ UNEXPECTED exception (Input Loop): read_holding_registers() got an unexpected keyword argument 'device_id'
2025-11-06 16:18:37,713 - INFO - ❌ UNEXPECTED exception (Input Loop): read_holding_registers() got an unexpected keyword argument 'device_id'
2025-11-06 16:18:38,240 - INFO - ❌ UNEXPECTED exception (Input Loop): read_holding_registers() got an unexpected keyword argument 'device_id'
2025-11-06 16:18:38,748 - INFO - ❌ UNEXPECTED exception (Input Loop): read_holding_registers() got an unexpected keyword argument 'device_id'
2025-11-06 16:18:39,251 - INFO - ❌ UNEXPECTED exception (Input Loop): read_holding_registers() got an unexpected keyword argument 'device_id'
2025-11-06 16:18:39,892 - INFO - ❌ UNEXPECTED exception (Input Loop): read_holding_registers() got an unexpected keyword argument 'device_id'
2025-11-06 16:18:40,406 - INFO - ❌ UNEXPECTED exception (Input Loop): read_holding_registers() got an unexpected keyword argument 'device_id'
2025-11-06 16:18:40,937 - INFO - ❌ UNEXPECTED exception (Input Loop): read_holding_registers() got an unexpected keyword argument 'device_id'
2025-11-06 16:18:41,461 - INFO - ❌ UNEXPECTED exception (Input Loop): read_holding_registers() got an unexpected keyword argument 'device_id'
2025-11-06 16:18:42,010 - INFO - ❌ UNEXPECTED exception (Input Loop): read_holding_registers() got an unexpected keyword argument 'device_id'
2025-11-06 16:18:42,530 - INFO - ❌ UNEXPECTED exception (Input Loop): read_holding_registers() got an unexpected keyword argument 'device_id'
2025-11-06 16:18:43,043 - INFO - ❌ UNEXPECTED exception (Input Loop): read_holding_registers() got an unexpected keyword argument 'device_id'
2025-11-06 16:18:43,553 - INFO - ❌ UNEXPECTED exception (Input Loop): read_holding_registers() got an unexpected keyword argument 'device_id'
2025-11-06 16:18:44,056 - INFO - ❌ UNEXPECTED exception (Input Loop): read_holding_registers() got an unexpected keyword argument 'device_id'
2025-11-06 16:18:44,560 - INFO - ❌ UNEXPECTED exception (Input Loop): read_holding_registers() got an unexpected keyword argument 'device_id'
2025-11-06 16:18:45,064 - INFO - ❌ UNEXPECTED exception (Input Loop): read_holding_registers() got an unexpected keyword argument 'device_id'
2025-11-06 16:18:45,592 - INFO - ❌ UNEXPECTED exception (Input Loop): read_holding_registers() got an unexpected keyword argument 'device_id'
2025-11-06 16:18:46,132 - INFO - ❌ UNEXPECTED exception (Input Loop): read_holding_registers() got an unexpected keyword argument 'device_id'
2025-11-06 16:18:46,641 - INFO - ❌ UNEXPECTED exception (Input Loop): read_holding_registers() got an unexpected keyword argument 'device_id'
2025-11-06 16:18:47,364 - INFO - ❌ UNEXPECTED exception (Input Loop): read_holding_registers() got an unexpected keyword argument 'device_id'
2025-11-06 16:18:47,889 - INFO - ❌ UNEXPECTED exception (Input Loop): read_holding_registers() got an unexpected keyword argument 'device_id'
2025-11-06 16:18:48,406 - INFO - ❌ UNEXPECTED exception (Input Loop): read_holding_registers() got an unexpected keyword argument 'device_id'
2025-11-06 16:18:48,931 - INFO - ❌ UNEXPECTED exception (Input Loop): read_holding_registers() got an unexpected keyword argument 'device_id'
2025-11-06 16:18:49,453 - INFO - ❌ UNEXPECTED exception (Input Loop): read_holding_registers() got an unexpected keyword argument 'device_id'
2025-11-06 16:18:49,989 - INFO - ❌ UNEXPECTED exception (Input Loop): read_holding_registers() got an unexpected keyword argument 'device_id'
2025-11-06 16:18:50,478 - INFO - ❌ UNEXPECTED exception (Input Loop): read_holding_registers() got an unexpected keyword argument 'device_id'
2025-11-06 16:18:51,002 - INFO - ❌ UNEXPECTED exception (Input Loop): read_holding_registers() got an unexpected keyword argument 'device_id'
2025-11-06 16:18:51,551 - INFO - ❌ UNEXPECTED exception (Input Loop): read_holding_registers() got an unexpected keyword argument 'device_id'
2025-11-06 16:18:52,078 - INFO - ❌ UNEXPECTED exception (Input Loop): read_holding_registers() got an unexpected keyword argument 'device_id'
2025-11-06 16:18:52,602 - INFO - ❌ UNEXPECTED exception (Input Loop): read_holding_registers() got an unexpected keyword argument 'device_id'
2025-11-06 16:18:53,163 - INFO - ❌ UNEXPECTED exception (Input Loop): read_holding_registers() got an unexpected keyword argument 'device_id'
2025-11-06 16:18:53,721 - INFO - ❌ UNEXPECTED exception (Input Loop): read_holding_registers() got an unexpected keyword argument 'device_id'
2025-11-06 16:18:54,266 - INFO - ❌ UNEXPECTED exception (Input Loop): read_holding_registers() got an unexpected keyword argument 'device_id'
2025-11-06 16:18:54,793 - INFO - ❌ UNEXPECTED exception (Input Loop): read_holding_registers() got an unexpected keyword argument 'device_id'
2025-11-06 16:18:55,306 - INFO - ❌ UNEXPECTED exception (Input Loop): read_holding_registers() got an unexpected keyword argument 'device_id'
2025-11-06 16:18:55,972 - INFO - ❌ UNEXPECTED exception (Input Loop): read_holding_registers() got an unexpected keyword argument 'device_id'
2025-11-06 16:18:56,484 - INFO - ❌ UNEXPECTED exception (Input Loop): read_holding_registers() got an unexpected keyword argument 'device_id'
2025-11-06 16:18:56,999 - INFO - ❌ UNEXPECTED exception (Input Loop): read_holding_registers() got an unexpected keyword argument 'device_id'
2025-11-06 16:18:57,524 - INFO - ❌ UNEXPECTED exception (Input Loop): read_holding_registers() got an unexpected keyword argument 'device_id'
2025-11-06 16:18:58,038 - INFO - ❌ UNEXPECTED exception (Input Loop): read_holding_registers() got an unexpected keyword argument 'device_id'
2025-11-06 16:18:58,545 - INFO - ❌ UNEXPECTED exception (Input Loop): read_holding_registers() got an unexpected keyword argument 'device_id'
2025-11-06 16:18:59,062 - INFO - ❌ UNEXPECTED exception (Input Loop): read_holding_registers() got an unexpected keyword argument 'device_id'
2025-11-06 16:18:59,612 - INFO - ❌ UNEXPECTED exception (Input Loop): read_holding_registers() got an unexpected keyword argument 'device_id'
2025-11-06 16:19:00,123 - INFO - ❌ UNEXPECTED exception (Input Loop): read_holding_registers() got an unexpected keyword argument 'device_id'
2025-11-06 16:19:00,766 - INFO - ❌ UNEXPECTED exception (Input Loop): read_holding_registers() got an unexpected keyword argument 'device_id'
2025-11-06 16:19:01,277 - INFO - ❌ UNEXPECTED exception (Input Loop): read_holding_registers() got an unexpected keyword argument 'device_id'
2025-11-06 16:19:01,782 - INFO - ❌ UNEXPECTED exception (Input Loop): read_holding_registers() got an unexpected keyword argument 'device_id'
2025-11-06 16:19:02,532 - INFO - ❌ UNEXPECTED exception (Input Loop): read_holding_registers() got an unexpected keyword argument 'device_id'
2025-11-06 16:19:03,087 - INFO - ❌ UNEXPECTED exception (Input Loop): read_holding_registers() got an unexpected keyword argument 'device_id'
2025-11-06 16:19:03,644 - INFO - ❌ UNEXPECTED exception (Input Loop): read_holding_registers() got an unexpected keyword argument 'device_id'
2025-11-06 16:19:04,154 - INFO - ❌ UNEXPECTED exception (Input Loop): read_holding_registers() got an unexpected keyword argument 'device_id'
2025-11-06 16:19:04,678 - INFO - ❌ UNEXPECTED exception (Input Loop): read_holding_registers() got an unexpected keyword argument 'device_id'
2025-11-06 16:19:05,190 - INFO - ❌ UNEXPECTED exception (Input Loop): read_holding_registers() got an unexpected keyword argument 'device_id'
2025-11-06 16:19:05,696 - INFO - ❌ UNEXPECTED exception (Input Loop): read_holding_registers() got an unexpected keyword argument 'device_id'
2025-11-06 16:19:06,420 - INFO - ❌ UNEXPECTED exception (Input Loop): read_holding_registers() got an unexpected keyword argument 'device_id'
2025-11-06 16:19:06,957 - INFO - ❌ UNEXPECTED exception (Input Loop): read_holding_registers() got an unexpected keyword argument 'device_id'
2025-11-06 16:19:07,478 - INFO - ❌ UNEXPECTED exception (Input Loop): read_holding_registers() got an unexpected keyword argument 'device_id'
2025-11-06 16:19:08,017 - INFO - ❌ UNEXPECTED exception (Input Loop): read_holding_registers() got an unexpected keyword argument 'device_id'
2025-11-06 16:19:08,540 - INFO - ❌ UNEXPECTED exception (Input Loop): read_holding_registers() got an unexpected keyword argument 'device_id'
2025-11-06 16:19:09,056 - INFO - ❌ UNEXPECTED exception (Input Loop): read_holding_registers() got an unexpected keyword argument 'device_id'
2025-11-06 16:19:09,569 - INFO - ❌ UNEXPECTED exception (Input Loop): read_holding_registers() got an unexpected keyword argument 'device_id'
2025-11-06 16:19:10,085 - INFO - ❌ UNEXPECTED exception (Input Loop): read_holding_registers() got an unexpected keyword argument 'device_id'
2025-11-06 16:19:10,597 - INFO - ❌ UNEXPECTED exception (Input Loop): read_holding_registers() got an unexpected keyword argument 'device_id'
2025-11-06 16:19:11,137 - INFO - ❌ UNEXPECTED exception (Input Loop): read_holding_registers() got an unexpected keyword argument 'device_id'
2025-11-06 16:19:11,651 - INFO - ❌ UNEXPECTED exception (Input Loop): read_holding_registers() got an unexpected keyword argument 'device_id'
2025-11-06 16:19:12,187 - INFO - ❌ UNEXPECTED exception (Input Loop): read_holding_registers() got an unexpected keyword argument 'device_id'
2025-11-06 16:19:12,702 - INFO - ❌ UNEXPECTED exception (Input Loop): read_holding_registers() got an unexpected keyword argument 'device_id'
2025-11-06 16:19:13,218 - INFO - ❌ UNEXPECTED exception (Input Loop): read_holding_registers() got an unexpected keyword argument 'device_id'
2025-11-06 16:19:13,888 - INFO - ❌ UNEXPECTED exception (Input Loop): read_holding_registers() got an unexpected keyword argument 'device_id'
2025-11-06 16:19:14,391 - INFO - ❌ UNEXPECTED exception (Input Loop): read_holding_registers() got an unexpected keyword argument 'device_id'
2025-11-06 16:19:14,926 - INFO - ❌ UNEXPECTED exception (Input Loop): read_holding_registers() got an unexpected keyword argument 'device_id'
2025-11-06 16:19:15,449 - INFO - ❌ UNEXPECTED exception (Input Loop): read_holding_registers() got an unexpected keyword argument 'device_id'
2025-11-06 16:19:15,971 - INFO - ❌ UNEXPECTED exception (Input Loop): read_holding_registers() got an unexpected keyword argument 'device_id'
2025-11-06 16:19:16,488 - INFO - ❌ UNEXPECTED exception (Input Loop): read_holding_registers() got an unexpected keyword argument 'device_id'
2025-11-06 16:19:17,005 - INFO - ❌ UNEXPECTED exception (Input Loop): read_holding_registers() got an unexpected keyword argument 'device_id'
2025-11-06 16:19:17,530 - INFO - ❌ UNEXPECTED exception (Input Loop): read_holding_registers() got an unexpected keyword argument 'device_id'
2025-11-06 16:19:18,042 - INFO - ❌ UNEXPECTED exception (Input Loop): read_holding_registers() got an unexpected keyword argument 'device_id'
2025-11-06 16:19:18,556 - INFO - ❌ UNEXPECTED exception (Input Loop): read_holding_registers() got an unexpected keyword argument 'device_id'
2025-11-06 16:19:19,067 - INFO - ❌ UNEXPECTED exception (Input Loop): read_holding_registers() got an unexpected keyword argument 'device_id'
2025-11-06 16:19:19,571 - INFO - ❌ UNEXPECTED exception (Input Loop): read_holding_registers() got an unexpected keyword argument 'device_id'
2025-11-06 16:19:20,126 - INFO - ❌ UNEXPECTED exception (Input Loop): read_holding_registers() got an unexpected keyword argument 'device_id'
2025-11-06 16:19:20,636 - INFO - ❌ UNEXPECTED exception (Input Loop): read_holding_registers() got an unexpected keyword argument 'device_id'
2025-11-06 16:19:21,273 - INFO - ❌ UNEXPECTED exception (Input Loop): read_holding_registers() got an unexpected keyword argument 'device_id'
2025-11-06 16:19:21,797 - INFO - ❌ UNEXPECTED exception (Input Loop): read_holding_registers() got an unexpected keyword argument 'device_id'
2025-11-06 16:19:22,306 - INFO - ❌ UNEXPECTED exception (Input Loop): read_holding_registers() got an unexpected keyword argument 'device_id'
2025-11-06 16:19:22,827 - INFO - ❌ UNEXPECTED exception (Input Loop): read_holding_registers() got an unexpected keyword argument 'device_id'
2025-11-06 16:19:23,333 - INFO - ❌ UNEXPECTED exception (Input Loop): read_holding_registers() got an unexpected keyword argument 'device_id'
2025-11-06 16:19:23,873 - INFO - ❌ UNEXPECTED exception (Input Loop): read_holding_registers() got an unexpected keyword argument 'device_id'
2025-11-06 16:19:24,396 - INFO - ❌ UNEXPECTED exception (Input Loop): read_holding_registers() got an unexpected keyword argument 'device_id'
2025-11-06 16:19:24,911 - INFO - ❌ UNEXPECTED exception (Input Loop): read_holding_registers() got an unexpected keyword argument 'device_id'
2025-11-06 16:19:25,457 - INFO - ❌ UNEXPECTED exception (Input Loop): read_holding_registers() got an unexpected keyword argument 'device_id'
2025-11-06 16:19:25,970 - INFO - ❌ UNEXPECTED exception (Input Loop): read_holding_registers() got an unexpected keyword argument 'device_id'
2025-11-06 16:19:26,477 - INFO - ❌ UNEXPECTED exception (Input Loop): read_holding_registers() got an unexpected keyword argument 'device_id'
2025-11-06 16:19:26,992 - INFO - ❌ UNEXPECTED exception (Input Loop): read_holding_registers() got an unexpected keyword argument 'device_id'
2025-11-06 16:19:27,511 - INFO - ❌ UNEXPECTED exception (Input Loop): read_holding_registers() got an unexpected keyword argument 'device_id'
2025-11-06 16:19:28,020 - INFO - ❌ UNEXPECTED exception (Input Loop): read_holding_registers() got an unexpected keyword argument 'device_id'
2025-11-06 16:19:28,208 - INFO - License Plate Detected: BE2922EH  
2025-11-06 16:19:28,211 - INFO - LPR: File lpr saved successfully
2025-11-06 16:19:28,591 - INFO - ❌ UNEXPECTED exception (Input Loop): read_holding_registers() got an unexpected keyword argument 'device_id'
2025-11-06 16:19:29,128 - INFO - ❌ UNEXPECTED exception (Input Loop): read_holding_registers() got an unexpected keyword argument 'device_id'
2025-11-06 16:19:29,667 - INFO - ❌ UNEXPECTED exception (Input Loop): read_holding_registers() got an unexpected keyword argument 'device_id'
2025-11-06 16:19:30,201 - INFO - ❌ UNEXPECTED exception (Input Loop): read_holding_registers() got an unexpected keyword argument 'device_id'
2025-11-06 16:19:30,749 - INFO - ❌ UNEXPECTED exception (Input Loop): read_holding_registers() got an unexpected keyword argument 'device_id'
2025-11-06 16:19:31,317 - INFO - ❌ UNEXPECTED exception (Input Loop): read_holding_registers() got an unexpected keyword argument 'device_id'
2025-11-06 16:19:31,845 - INFO - ❌ UNEXPECTED exception (Input Loop): read_holding_registers() got an unexpected keyword argument 'device_id'
2025-11-06 16:19:32,364 - INFO - ❌ UNEXPECTED exception (Input Loop): read_holding_registers() got an unexpected keyword argument 'device_id'
2025-11-06 16:19:32,889 - INFO - ❌ UNEXPECTED exception (Input Loop): read_holding_registers() got an unexpected keyword argument 'device_id'
2025-11-06 16:19:33,400 - INFO - ❌ UNEXPECTED exception (Input Loop): read_holding_registers() got an unexpected keyword argument 'device_id'
2025-11-06 16:19:33,908 - INFO - ❌ UNEXPECTED exception (Input Loop): read_holding_registers() got an unexpected keyword argument 'device_id'
2025-11-06 16:19:34,436 - INFO - ❌ UNEXPECTED exception (Input Loop): read_holding_registers() got an unexpected keyword argument 'device_id'
2025-11-06 16:19:34,971 - INFO - ❌ UNEXPECTED exception (Input Loop): read_holding_registers() got an unexpected keyword argument 'device_id'
2025-11-06 16:19:35,491 - INFO - ❌ UNEXPECTED exception (Input Loop): read_holding_registers() got an unexpected keyword argument 'device_id'
2025-11-06 16:19:36,002 - INFO - ❌ UNEXPECTED exception (Input Loop): read_holding_registers() got an unexpected keyword argument 'device_id'
2025-11-06 16:19:36,531 - INFO - ❌ UNEXPECTED exception (Input Loop): read_holding_registers() got an unexpected keyword argument 'device_id'
2025-11-06 16:19:37,054 - INFO - ❌ UNEXPECTED exception (Input Loop): read_holding_registers() got an unexpected keyword argument 'device_id'
2025-11-06 16:19:37,580 - INFO - ❌ UNEXPECTED exception (Input Loop): read_holding_registers() got an unexpected keyword argument 'device_id'
2025-11-06 16:19:38,119 - INFO - ❌ UNEXPECTED exception (Input Loop): read_holding_registers() got an unexpected keyword argument 'device_id'
2025-11-06 16:19:38,663 - INFO - ❌ UNEXPECTED exception (Input Loop): read_holding_registers() got an unexpected keyword argument 'device_id'
2025-11-06 16:19:39,184 - INFO - ❌ UNEXPECTED exception (Input Loop): read_holding_registers() got an unexpected keyword argument 'device_id'
2025-11-06 16:19:39,696 - INFO - ❌ UNEXPECTED exception (Input Loop): read_holding_registers() got an unexpected keyword argument 'device_id'
2025-11-06 16:19:40,203 - INFO - ❌ UNEXPECTED exception (Input Loop): read_holding_registers() got an unexpected keyword argument 'device_id'
2025-11-06 16:19:40,725 - INFO - ❌ UNEXPECTED exception (Input Loop): read_holding_registers() got an unexpected keyword argument 'device_id'
2025-11-06 16:19:41,234 - INFO - ❌ UNEXPECTED exception (Input Loop): read_holding_registers() got an unexpected keyword argument 'device_id'
2025-11-06 16:19:41,737 - INFO - ❌ UNEXPECTED exception (Input Loop): read_holding_registers() got an unexpected keyword argument 'device_id'
2025-11-06 16:19:42,373 - INFO - ❌ UNEXPECTED exception (Input Loop): read_holding_registers() got an unexpected keyword argument 'device_id'
2025-11-06 16:19:42,883 - INFO - ❌ UNEXPECTED exception (Input Loop): read_holding_registers() got an unexpected keyword argument 'device_id'
2025-11-06 16:19:43,422 - INFO - ❌ UNEXPECTED exception (Input Loop): read_holding_registers() got an unexpected keyword argument 'device_id'
2025-11-06 16:19:43,942 - INFO - ❌ UNEXPECTED exception (Input Loop): read_holding_registers() got an unexpected keyword argument 'device_id'
2025-11-06 16:19:44,469 - INFO - ❌ UNEXPECTED exception (Input Loop): read_holding_registers() got an unexpected keyword argument 'device_id'
2025-11-06 16:19:44,987 - INFO - ❌ UNEXPECTED exception (Input Loop): read_holding_registers() got an unexpected keyword argument 'device_id'
2025-11-06 16:19:45,502 - INFO - ❌ UNEXPECTED exception (Input Loop): read_holding_registers() got an unexpected keyword argument 'device_id'
2025-11-06 16:19:46,005 - INFO - ❌ UNEXPECTED exception (Input Loop): read_holding_registers() got an unexpected keyword argument 'device_id'
2025-11-06 16:19:46,519 - INFO - ❌ UNEXPECTED exception (Input Loop): read_holding_registers() got an unexpected keyword argument 'device_id'
2025-11-06 16:19:47,034 - INFO - ❌ UNEXPECTED exception (Input Loop): read_holding_registers() got an unexpected keyword argument 'device_id'
2025-11-06 16:19:47,548 - INFO - ❌ UNEXPECTED exception (Input Loop): read_holding_registers() got an unexpected keyword argument 'device_id'
2025-11-06 16:19:48,051 - INFO - ❌ UNEXPECTED exception (Input Loop): read_holding_registers() got an unexpected keyword argument 'device_id'
2025-11-06 16:19:48,569 - INFO - ❌ UNEXPECTED exception (Input Loop): read_holding_registers() got an unexpected keyword argument 'device_id'
2025-11-06 16:19:49,077 - INFO - ❌ UNEXPECTED exception (Input Loop): read_holding_registers() got an unexpected keyword argument 'device_id'
2025-11-06 16:19:49,582 - INFO - ❌ UNEXPECTED exception (Input Loop): read_holding_registers() got an unexpected keyword argument 'device_id'
2025-11-06 16:19:50,086 - INFO - ❌ UNEXPECTED exception (Input Loop): read_holding_registers() got an unexpected keyword argument 'device_id'
2025-11-06 16:19:50,622 - INFO - ❌ UNEXPECTED exception (Input Loop): read_holding_registers() got an unexpected keyword argument 'device_id'
2025-11-06 16:19:51,132 - INFO - ❌ UNEXPECTED exception (Input Loop): read_holding_registers() got an unexpected keyword argument 'device_id'
2025-11-06 16:19:51,782 - INFO - ❌ UNEXPECTED exception (Input Loop): read_holding_registers() got an unexpected keyword argument 'device_id'
2025-11-06 16:19:52,294 - INFO - ❌ UNEXPECTED exception (Input Loop): read_holding_registers() got an unexpected keyword argument 'device_id'
2025-11-06 16:19:52,825 - INFO - ❌ UNEXPECTED exception (Input Loop): read_holding_registers() got an unexpected keyword argument 'device_id'
2025-11-06 16:19:53,336 - INFO - ❌ UNEXPECTED exception (Input Loop): read_holding_registers() got an unexpected keyword argument 'device_id'
2025-11-06 16:19:53,861 - INFO - ❌ UNEXPECTED exception (Input Loop): read_holding_registers() got an unexpected keyword argument 'device_id'
2025-11-06 16:19:54,512 - INFO - ❌ UNEXPECTED exception (Input Loop): read_holding_registers() got an unexpected keyword argument 'device_id'
2025-11-06 16:19:55,022 - INFO - ❌ UNEXPECTED exception (Input Loop): read_holding_registers() got an unexpected keyword argument 'device_id'
2025-11-06 16:19:55,761 - INFO - ❌ UNEXPECTED exception (Input Loop): read_holding_registers() got an unexpected keyword argument 'device_id'
2025-11-06 16:19:56,295 - INFO - ❌ UNEXPECTED exception (Input Loop): read_holding_registers() got an unexpected keyword argument 'device_id'
2025-11-06 16:19:56,802 - INFO - ❌ UNEXPECTED exception (Input Loop): read_holding_registers() got an unexpected keyword argument 'device_id'
2025-11-06 16:19:57,317 - INFO - ❌ UNEXPECTED exception (Input Loop): read_holding_registers() got an unexpected keyword argument 'device_id'
2025-11-06 16:19:57,820 - INFO - ❌ UNEXPECTED exception (Input Loop): read_holding_registers() got an unexpected keyword argument 'device_id'
2025-11-06 16:19:58,323 - INFO - ❌ UNEXPECTED exception (Input Loop): read_holding_registers() got an unexpected keyword argument 'device_id'
2025-11-06 16:19:58,850 - INFO - ❌ UNEXPECTED exception (Input Loop): read_holding_registers() got an unexpected keyword argument 'device_id'
2025-11-06 16:19:59,364 - INFO - ❌ UNEXPECTED exception (Input Loop): read_holding_registers() got an unexpected keyword argument 'device_id'
2025-11-06 16:19:59,869 - INFO - ❌ UNEXPECTED exception (Input Loop): read_holding_registers() got an unexpected keyword argument 'device_id'
2025-11-06 16:20:00,381 - INFO - ❌ UNEXPECTED exception (Input Loop): read_holding_registers() got an unexpected keyword argument 'device_id'
2025-11-06 16:20:00,905 - INFO - ❌ UNEXPECTED exception (Input Loop): read_holding_registers() got an unexpected keyword argument 'device_id'
2025-11-06 16:20:01,477 - INFO - ❌ UNEXPECTED exception (Input Loop): read_holding_registers() got an unexpected keyword argument 'device_id'
2025-11-06 16:20:02,001 - INFO - ❌ UNEXPECTED exception (Input Loop): read_holding_registers() got an unexpected keyword argument 'device_id'
2025-11-06 16:20:02,504 - INFO - ❌ UNEXPECTED exception (Input Loop): read_holding_registers() got an unexpected keyword argument 'device_id'
2025-11-06 16:20:03,010 - INFO - ❌ UNEXPECTED exception (Input Loop): read_holding_registers() got an unexpected keyword argument 'device_id'
2025-11-06 16:20:03,532 - INFO - ❌ UNEXPECTED exception (Input Loop): read_holding_registers() got an unexpected keyword argument 'device_id'
2025-11-06 16:20:04,042 - INFO - ❌ UNEXPECTED exception (Input Loop): read_holding_registers() got an unexpected keyword argument 'device_id'
2025-11-06 16:20:04,774 - INFO - ❌ UNEXPECTED exception (Input Loop): read_holding_registers() got an unexpected keyword argument 'device_id'
2025-11-06 16:20:05,283 - INFO - ❌ UNEXPECTED exception (Input Loop): read_holding_registers() got an unexpected keyword argument 'device_id'
2025-11-06 16:20:05,802 - INFO - ❌ UNEXPECTED exception (Input Loop): read_holding_registers() got an unexpected keyword argument 'device_id'
2025-11-06 16:20:06,448 - INFO - ❌ UNEXPECTED exception (Input Loop): read_holding_registers() got an unexpected keyword argument 'device_id'
2025-11-06 16:20:06,957 - INFO - ❌ UNEXPECTED exception (Input Loop): read_holding_registers() got an unexpected keyword argument 'device_id'
2025-11-06 16:20:07,461 - INFO - ❌ UNEXPECTED exception (Input Loop): read_holding_registers() got an unexpected keyword argument 'device_id'
2025-11-06 16:20:08,182 - INFO - ❌ UNEXPECTED exception (Input Loop): read_holding_registers() got an unexpected keyword argument 'device_id'
2025-11-06 16:20:08,705 - INFO - ❌ UNEXPECTED exception (Input Loop): read_holding_registers() got an unexpected keyword argument 'device_id'
2025-11-06 16:20:09,223 - INFO - ❌ UNEXPECTED exception (Input Loop): read_holding_registers() got an unexpected keyword argument 'device_id'
2025-11-06 16:20:09,738 - INFO - ❌ UNEXPECTED exception (Input Loop): read_holding_registers() got an unexpected keyword argument 'device_id'
2025-11-06 16:20:10,255 - INFO - ❌ UNEXPECTED exception (Input Loop): read_holding_registers() got an unexpected keyword argument 'device_id'
2025-11-06 16:20:10,773 - INFO - ❌ UNEXPECTED exception (Input Loop): read_holding_registers() got an unexpected keyword argument 'device_id'
2025-11-06 16:20:11,304 - INFO - ❌ UNEXPECTED exception (Input Loop): read_holding_registers() got an unexpected keyword argument 'device_id'
2025-11-06 16:20:11,821 - INFO - ❌ UNEXPECTED exception (Input Loop): read_holding_registers() got an unexpected keyword argument 'device_id'
2025-11-06 16:20:12,353 - INFO - ❌ UNEXPECTED exception (Input Loop): read_holding_registers() got an unexpected keyword argument 'device_id'
2025-11-06 16:20:12,871 - INFO - ❌ UNEXPECTED exception (Input Loop): read_holding_registers() got an unexpected keyword argument 'device_id'
2025-11-06 16:20:13,396 - INFO - ❌ UNEXPECTED exception (Input Loop): read_holding_registers() got an unexpected keyword argument 'device_id'
2025-11-06 16:20:13,908 - INFO - ❌ UNEXPECTED exception (Input Loop): read_holding_registers() got an unexpected keyword argument 'device_id'
2025-11-06 16:20:14,438 - INFO - ❌ UNEXPECTED exception (Input Loop): read_holding_registers() got an unexpected keyword argument 'device_id'
2025-11-06 16:20:14,978 - INFO - ❌ UNEXPECTED exception (Input Loop): read_holding_registers() got an unexpected keyword argument 'device_id'
2025-11-06 16:20:15,492 - INFO - ❌ UNEXPECTED exception (Input Loop): read_holding_registers() got an unexpected keyword argument 'device_id'
2025-11-06 16:20:16,022 - INFO - ❌ UNEXPECTED exception (Input Loop): read_holding_registers() got an unexpected keyword argument 'device_id'
2025-11-06 16:20:16,550 - INFO - ❌ UNEXPECTED exception (Input Loop): read_holding_registers() got an unexpected keyword argument 'device_id'
2025-11-06 16:20:17,064 - INFO - ❌ UNEXPECTED exception (Input Loop): read_holding_registers() got an unexpected keyword argument 'device_id'
2025-11-06 16:20:17,576 - INFO - ❌ UNEXPECTED exception (Input Loop): read_holding_registers() got an unexpected keyword argument 'device_id'
2025-11-06 16:20:18,089 - INFO - ❌ UNEXPECTED exception (Input Loop): read_holding_registers() got an unexpected keyword argument 'device_id'
2025-11-06 16:20:18,600 - INFO - ❌ UNEXPECTED exception (Input Loop): read_holding_registers() got an unexpected keyword argument 'device_id'
2025-11-06 16:20:19,116 - INFO - ❌ UNEXPECTED exception (Input Loop): read_holding_registers() got an unexpected keyword argument 'device_id'
2025-11-06 16:20:19,628 - INFO - ❌ UNEXPECTED exception (Input Loop): read_holding_registers() got an unexpected keyword argument 'device_id'
2025-11-06 16:20:20,139 - INFO - ❌ UNEXPECTED exception (Input Loop): read_holding_registers() got an unexpected keyword argument 'device_id'
2025-11-06 16:20:20,671 - INFO - ❌ UNEXPECTED exception (Input Loop): read_holding_registers() got an unexpected keyword argument 'device_id'
2025-11-06 16:20:21,178 - INFO - ❌ UNEXPECTED exception (Input Loop): read_holding_registers() got an unexpected keyword argument 'device_id'
2025-11-06 16:20:21,691 - INFO - ❌ UNEXPECTED exception (Input Loop): read_holding_registers() got an unexpected keyword argument 'device_id'
2025-11-06 16:20:22,201 - INFO - ❌ UNEXPECTED exception (Input Loop): read_holding_registers() got an unexpected keyword argument 'device_id'
2025-11-06 16:20:22,722 - INFO - ❌ UNEXPECTED exception (Input Loop): read_holding_registers() got an unexpected keyword argument 'device_id'
2025-11-06 16:20:23,232 - INFO - ❌ UNEXPECTED exception (Input Loop): read_holding_registers() got an unexpected keyword argument 'device_id'
2025-11-06 16:20:23,982 - INFO - ❌ UNEXPECTED exception (Input Loop): read_holding_registers() got an unexpected keyword argument 'device_id'
2025-11-06 16:20:24,493 - INFO - ❌ UNEXPECTED exception (Input Loop): read_holding_registers() got an unexpected keyword argument 'device_id'
2025-11-06 16:20:25,042 - INFO - ❌ UNEXPECTED exception (Input Loop): read_holding_registers() got an unexpected keyword argument 'device_id'
2025-11-06 16:20:25,569 - INFO - ❌ UNEXPECTED exception (Input Loop): read_holding_registers() got an unexpected keyword argument 'device_id'
2025-11-06 16:20:26,107 - INFO - ❌ UNEXPECTED exception (Input Loop): read_holding_registers() got an unexpected keyword argument 'device_id'
2025-11-06 16:20:26,645 - INFO - ❌ UNEXPECTED exception (Input Loop): read_holding_registers() got an unexpected keyword argument 'device_id'
2025-11-06 16:20:27,155 - INFO - ❌ UNEXPECTED exception (Input Loop): read_holding_registers() got an unexpected keyword argument 'device_id'
2025-11-06 16:20:27,664 - INFO - ❌ UNEXPECTED exception (Input Loop): read_holding_registers() got an unexpected keyword argument 'device_id'
2025-11-06 16:20:28,179 - INFO - ❌ UNEXPECTED exception (Input Loop): read_holding_registers() got an unexpected keyword argument 'device_id'
2025-11-06 16:20:28,695 - INFO - ❌ UNEXPECTED exception (Input Loop): read_holding_registers() got an unexpected keyword argument 'device_id'
2025-11-06 16:20:29,213 - INFO - ❌ UNEXPECTED exception (Input Loop): read_holding_registers() got an unexpected keyword argument 'device_id'
2025-11-06 16:20:29,724 - INFO - ❌ UNEXPECTED exception (Input Loop): read_holding_registers() got an unexpected keyword argument 'device_id'
2025-11-06 16:20:30,238 - INFO - ❌ UNEXPECTED exception (Input Loop): read_holding_registers() got an unexpected keyword argument 'device_id'
2025-11-06 16:20:30,773 - INFO - ❌ UNEXPECTED exception (Input Loop): read_holding_registers() got an unexpected keyword argument 'device_id'
2025-11-06 16:20:30,794 - INFO - License Plate Detected: BE2922EH  
2025-11-06 16:20:30,795 - INFO - LPR: File lpr saved successfully
2025-11-06 16:20:31,328 - INFO - ❌ UNEXPECTED exception (Input Loop): read_holding_registers() got an unexpected keyword argument 'device_id'
2025-11-06 16:20:31,845 - INFO - ❌ UNEXPECTED exception (Input Loop): read_holding_registers() got an unexpected keyword argument 'device_id'
2025-11-06 16:20:32,358 - INFO - ❌ UNEXPECTED exception (Input Loop): read_holding_registers() got an unexpected keyword argument 'device_id'
2025-11-06 16:20:32,861 - INFO - ❌ UNEXPECTED exception (Input Loop): read_holding_registers() got an unexpected keyword argument 'device_id'
2025-11-06 16:20:33,388 - INFO - ❌ UNEXPECTED exception (Input Loop): read_holding_registers() got an unexpected keyword argument 'device_id'
2025-11-06 16:20:33,928 - INFO - ❌ UNEXPECTED exception (Input Loop): read_holding_registers() got an unexpected keyword argument 'device_id'
2025-11-06 16:20:34,445 - INFO - ❌ UNEXPECTED exception (Input Loop): read_holding_registers() got an unexpected keyword argument 'device_id'
2025-11-06 16:20:34,962 - INFO - ❌ UNEXPECTED exception (Input Loop): read_holding_registers() got an unexpected keyword argument 'device_id'
2025-11-06 16:20:35,483 - INFO - ❌ UNEXPECTED exception (Input Loop): read_holding_registers() got an unexpected keyword argument 'device_id'
2025-11-06 16:20:36,006 - INFO - ❌ UNEXPECTED exception (Input Loop): read_holding_registers() got an unexpected keyword argument 'device_id'
2025-11-06 16:20:36,515 - INFO - ❌ UNEXPECTED exception (Input Loop): read_holding_registers() got an unexpected keyword argument 'device_id'
2025-11-06 16:20:37,018 - INFO - ❌ UNEXPECTED exception (Input Loop): read_holding_registers() got an unexpected keyword argument 'device_id'
2025-11-06 16:20:37,545 - INFO - ❌ UNEXPECTED exception (Input Loop): read_holding_registers() got an unexpected keyword argument 'device_id'
2025-11-06 16:20:38,082 - INFO - ❌ UNEXPECTED exception (Input Loop): read_holding_registers() got an unexpected keyword argument 'device_id'
2025-11-06 16:20:38,599 - INFO - ❌ UNEXPECTED exception (Input Loop): read_holding_registers() got an unexpected keyword argument 'device_id'
2025-11-06 16:20:39,139 - INFO - ❌ UNEXPECTED exception (Input Loop): read_holding_registers() got an unexpected keyword argument 'device_id'
2025-11-06 16:20:39,668 - INFO - ❌ UNEXPECTED exception (Input Loop): read_holding_registers() got an unexpected keyword argument 'device_id'
2025-11-06 16:20:40,188 - INFO - ❌ UNEXPECTED exception (Input Loop): read_holding_registers() got an unexpected keyword argument 'device_id'
2025-11-06 16:20:40,718 - INFO - ❌ UNEXPECTED exception (Input Loop): read_holding_registers() got an unexpected keyword argument 'device_id'
2025-11-06 16:20:41,233 - INFO - ❌ UNEXPECTED exception (Input Loop): read_holding_registers() got an unexpected keyword argument 'device_id'
2025-11-06 16:20:41,745 - INFO - ❌ UNEXPECTED exception (Input Loop): read_holding_registers() got an unexpected keyword argument 'device_id'
2025-11-06 16:20:42,490 - INFO - ❌ UNEXPECTED exception (Input Loop): read_holding_registers() got an unexpected keyword argument 'device_id'
2025-11-06 16:20:43,028 - INFO - ❌ UNEXPECTED exception (Input Loop): read_holding_registers() got an unexpected keyword argument 'device_id'
2025-11-06 16:20:43,561 - INFO - ❌ UNEXPECTED exception (Input Loop): read_holding_registers() got an unexpected keyword argument 'device_id'
2025-11-06 16:20:44,077 - INFO - ❌ UNEXPECTED exception (Input Loop): read_holding_registers() got an unexpected keyword argument 'device_id'
2025-11-06 16:20:44,604 - INFO - ❌ UNEXPECTED exception (Input Loop): read_holding_registers() got an unexpected keyword argument 'device_id'
2025-11-06 16:20:45,118 - INFO - ❌ UNEXPECTED exception (Input Loop): read_holding_registers() got an unexpected keyword argument 'device_id'
2025-11-06 16:20:45,637 - INFO - ❌ UNEXPECTED exception (Input Loop): read_holding_registers() got an unexpected keyword argument 'device_id'
2025-11-06 16:20:46,298 - INFO - ❌ UNEXPECTED exception (Input Loop): read_holding_registers() got an unexpected keyword argument 'device_id'
2025-11-06 16:20:46,942 - INFO - ❌ UNEXPECTED exception (Input Loop): read_holding_registers() got an unexpected keyword argument 'device_id'
2025-11-06 16:20:47,455 - INFO - ❌ UNEXPECTED exception (Input Loop): read_holding_registers() got an unexpected keyword argument 'device_id'
2025-11-06 16:20:47,993 - INFO - ❌ UNEXPECTED exception (Input Loop): read_holding_registers() got an unexpected keyword argument 'device_id'
2025-11-06 16:20:48,503 - INFO - ❌ UNEXPECTED exception (Input Loop): read_holding_registers() got an unexpected keyword argument 'device_id'
2025-11-06 16:20:49,010 - INFO - ❌ UNEXPECTED exception (Input Loop): read_holding_registers() got an unexpected keyword argument 'device_id'
2025-11-06 16:20:49,525 - INFO - ❌ UNEXPECTED exception (Input Loop): read_holding_registers() got an unexpected keyword argument 'device_id'
2025-11-06 16:20:50,042 - INFO - ❌ UNEXPECTED exception (Input Loop): read_holding_registers() got an unexpected keyword argument 'device_id'
2025-11-06 16:20:50,559 - INFO - ❌ UNEXPECTED exception (Input Loop): read_holding_registers() got an unexpected keyword argument 'device_id'
2025-11-06 16:20:51,080 - INFO - ❌ UNEXPECTED exception (Input Loop): read_holding_registers() got an unexpected keyword argument 'device_id'
2025-11-06 16:20:51,604 - INFO - ❌ UNEXPECTED exception (Input Loop): read_holding_registers() got an unexpected keyword argument 'device_id'
2025-11-06 16:20:52,124 - INFO - ❌ UNEXPECTED exception (Input Loop): read_holding_registers() got an unexpected keyword argument 'device_id'
2025-11-06 16:20:52,632 - INFO - ❌ UNEXPECTED exception (Input Loop): read_holding_registers() got an unexpected keyword argument 'device_id'
2025-11-06 16:20:53,157 - INFO - ❌ UNEXPECTED exception (Input Loop): read_holding_registers() got an unexpected keyword argument 'device_id'
2025-11-06 16:20:53,671 - INFO - ❌ UNEXPECTED exception (Input Loop): read_holding_registers() got an unexpected keyword argument 'device_id'
2025-11-06 16:20:54,310 - INFO - ❌ UNEXPECTED exception (Input Loop): read_holding_registers() got an unexpected keyword argument 'device_id'
2025-11-06 16:20:54,823 - INFO - ❌ UNEXPECTED exception (Input Loop): read_holding_registers() got an unexpected keyword argument 'device_id'
2025-11-06 16:20:55,341 - INFO - ❌ UNEXPECTED exception (Input Loop): read_holding_registers() got an unexpected keyword argument 'device_id'
2025-11-06 16:20:55,846 - INFO - ❌ UNEXPECTED exception (Input Loop): read_holding_registers() got an unexpected keyword argument 'device_id'
2025-11-06 16:20:56,497 - INFO - ❌ UNEXPECTED exception (Input Loop): read_holding_registers() got an unexpected keyword argument 'device_id'
2025-11-06 16:20:57,002 - INFO - ❌ UNEXPECTED exception (Input Loop): read_holding_registers() got an unexpected keyword argument 'device_id'
2025-11-06 16:20:57,533 - INFO - ❌ UNEXPECTED exception (Input Loop): read_holding_registers() got an unexpected keyword argument 'device_id'
2025-11-06 16:20:58,040 - INFO - ❌ UNEXPECTED exception (Input Loop): read_holding_registers() got an unexpected keyword argument 'device_id'
2025-11-06 16:20:58,581 - INFO - ❌ UNEXPECTED exception (Input Loop): read_holding_registers() got an unexpected keyword argument 'device_id'
2025-11-06 16:20:59,110 - INFO - ❌ UNEXPECTED exception (Input Loop): read_holding_registers() got an unexpected keyword argument 'device_id'
2025-11-06 16:20:59,621 - INFO - ❌ UNEXPECTED exception (Input Loop): read_holding_registers() got an unexpected keyword argument 'device_id'
2025-11-06 16:21:00,337 - INFO - ❌ UNEXPECTED exception (Input Loop): read_holding_registers() got an unexpected keyword argument 'device_id'
2025-11-06 16:21:00,848 - INFO - ❌ UNEXPECTED exception (Input Loop): read_holding_registers() got an unexpected keyword argument 'device_id'
2025-11-06 16:21:01,383 - INFO - ❌ UNEXPECTED exception (Input Loop): read_holding_registers() got an unexpected keyword argument 'device_id'
2025-11-06 16:21:01,893 - INFO - ❌ UNEXPECTED exception (Input Loop): read_holding_registers() got an unexpected keyword argument 'device_id'
2025-11-06 16:21:02,081 - INFO - License Plate Detected: BE3057EB  
2025-11-06 16:21:02,085 - INFO - LPR: File lpr saved successfully
2025-11-06 16:21:43,079 - INFO - 
🚀 Memulai setup dari flash disk...
2025-11-06 16:21:43,080 - INFO - Memindai drive removable (flash disk)...
2025-11-06 16:21:43,083 - INFO - Drive (Linux fallback) terdeteksi: ['/media/pi/D066-6CE3']
2025-11-06 16:21:43,084 - INFO - Drive final ditemukan: ['/media/pi/D066-6CE3']
2025-11-06 16:21:43,085 - INFO - Mencari file .env di: /media/pi/D066-6CE3/.env
2025-11-06 16:21:43,086 - INFO - ✅ File .env ditemukan di: /media/pi/D066-6CE3
2025-11-06 16:21:43,089 - INFO - ✅ BERHASIL: File .env disalin ke ./.env
2025-11-06 16:21:43,090 - INFO - Memuat variabel dari ./.env...
2025-11-06 16:21:43,121 - INFO - ✅ Variabel lingkungan (environment) berhasil dimuat.
2025-11-06 16:21:43,122 - INFO - Variabel 'BACKGROUND_IMAGE' ditemukan: parking.jpg
2025-11-06 16:21:43,123 - INFO - Mencari file aset di: /media/pi/D066-6CE3/parking.jpg
2025-11-06 16:21:43,147 - INFO - ✅ BERHASIL: File 'parking.jpg' disalin ke ./assets/parking.jpg
2025-11-06 16:21:43,159 - INFO - 
Setup dari flash disk selesai.
2025-11-06 16:21:43,388 - INFO - ✅ OLED display initialized successfully
2025-11-06 16:21:45,505 - INFO - ✅ Connected to 192.168.99.37:502
2025-11-06 16:21:45,518 - INFO - ✅ RFID reader connected
2025-11-06 16:21:45,521 - INFO - ✅ Emoney reader connected
2025-11-06 16:21:45,525 - INFO - ✅ LPR connected
2025-11-06 16:22:01,158 - INFO - License Plate Detected: BE3218OY  
2025-11-06 16:22:01,161 - INFO - LPR: File lpr saved successfully
2025-11-06 16:23:15,029 - INFO - License Plate Detected: A3926     
2025-11-06 16:23:15,038 - INFO - LPR: File lpr saved successfully
2025-11-06 16:23:16,187 - INFO - License Plate Detected: K3926EJ   
2025-11-06 16:23:16,188 - INFO - LPR: File lpr saved successfully
2025-11-06 16:23:18,453 - INFO - License Plate Detected: B6137CUC  
2025-11-06 16:23:18,633 - INFO - LPR: File lpr saved successfully
2025-11-06 16:24:11,469 - INFO - 
🚀 Memulai setup dari flash disk...
2025-11-06 16:24:11,470 - INFO - Memindai drive removable (flash disk)...
2025-11-06 16:24:11,474 - INFO - Drive (Linux fallback) terdeteksi: ['/media/pi/D066-6CE3']
2025-11-06 16:24:11,475 - INFO - Drive final ditemukan: ['/media/pi/D066-6CE3']
2025-11-06 16:24:11,475 - INFO - Mencari file .env di: /media/pi/D066-6CE3/.env
2025-11-06 16:24:11,476 - INFO - ✅ File .env ditemukan di: /media/pi/D066-6CE3
2025-11-06 16:24:11,479 - INFO - ✅ BERHASIL: File .env disalin ke ./.env
2025-11-06 16:24:11,480 - INFO - Memuat variabel dari ./.env...
2025-11-06 16:24:11,501 - INFO - ✅ Variabel lingkungan (environment) berhasil dimuat.
2025-11-06 16:24:11,502 - INFO - Variabel 'BACKGROUND_IMAGE' ditemukan: parking.jpg
2025-11-06 16:24:11,504 - INFO - Mencari file aset di: /media/pi/D066-6CE3/parking.jpg
2025-11-06 16:24:11,525 - INFO - ✅ BERHASIL: File 'parking.jpg' disalin ke ./assets/parking.jpg
2025-11-06 16:24:11,526 - INFO - 
Setup dari flash disk selesai.
2025-11-06 16:24:11,753 - INFO - ✅ OLED display initialized successfully
2025-11-06 16:24:13,853 - INFO - ✅ Connected to 192.168.99.37:502
2025-11-06 16:24:13,856 - INFO - ❌ Write exception: write_coil() got an unexpected keyword argument 'device_id'
2025-11-06 16:24:13,866 - INFO - ✅ Emoney reader connected
2025-11-06 16:24:13,874 - INFO - ✅ RFID reader connected
2025-11-06 16:24:13,879 - INFO - ✅ LPR connected
2025-11-06 16:28:59,190 - INFO - 
🚀 Memulai setup dari flash disk...
2025-11-06 16:28:59,191 - INFO - Memindai drive removable (flash disk)...
2025-11-06 16:28:59,194 - INFO - Drive (Linux fallback) terdeteksi: ['/media/pi/D066-6CE3']
2025-11-06 16:28:59,195 - INFO - Drive final ditemukan: ['/media/pi/D066-6CE3']
2025-11-06 16:28:59,196 - INFO - Mencari file .env di: /media/pi/D066-6CE3/.env
2025-11-06 16:28:59,197 - INFO - ✅ File .env ditemukan di: /media/pi/D066-6CE3
2025-11-06 16:28:59,199 - INFO - ✅ BERHASIL: File .env disalin ke ./.env
2025-11-06 16:28:59,200 - INFO - Memuat variabel dari ./.env...
2025-11-06 16:28:59,222 - INFO - ✅ Variabel lingkungan (environment) berhasil dimuat.
2025-11-06 16:28:59,223 - INFO - Variabel 'BACKGROUND_IMAGE' ditemukan: parking.jpg
2025-11-06 16:28:59,225 - INFO - Mencari file aset di: /media/pi/D066-6CE3/parking.jpg
2025-11-06 16:28:59,247 - INFO - ✅ BERHASIL: File 'parking.jpg' disalin ke ./assets/parking.jpg
2025-11-06 16:28:59,248 - INFO - 
Setup dari flash disk selesai.
2025-11-06 16:28:59,476 - INFO - ✅ OLED display initialized successfully
2025-11-06 16:29:01,650 - INFO - ✅ Connected to 192.168.99.37:502
2025-11-06 16:29:01,689 - INFO - ✅ Coil 1 set to ON
2025-11-06 16:29:01,710 - INFO - ✅ RFID reader connected
2025-11-06 16:29:01,712 - INFO - ✅ LPR connected
2025-11-06 16:29:01,723 - INFO - ✅ Emoney reader connected
2025-11-06 16:29:51,951 - INFO - 
🚀 Memulai setup dari flash disk...
2025-11-06 16:29:51,952 - INFO - Memindai drive removable (flash disk)...
2025-11-06 16:29:51,955 - INFO - Drive (Linux fallback) terdeteksi: ['/media/pi/D066-6CE3']
2025-11-06 16:29:51,956 - INFO - Drive final ditemukan: ['/media/pi/D066-6CE3']
2025-11-06 16:29:51,957 - INFO - Mencari file .env di: /media/pi/D066-6CE3/.env
2025-11-06 16:29:51,958 - INFO - ✅ File .env ditemukan di: /media/pi/D066-6CE3
2025-11-06 16:29:51,960 - INFO - ✅ BERHASIL: File .env disalin ke ./.env
2025-11-06 16:29:51,962 - INFO - Memuat variabel dari ./.env...
2025-11-06 16:29:51,986 - INFO - ✅ Variabel lingkungan (environment) berhasil dimuat.
2025-11-06 16:29:51,989 - INFO - Variabel 'BACKGROUND_IMAGE' ditemukan: parking.jpg
2025-11-06 16:29:51,990 - INFO - Mencari file aset di: /media/pi/D066-6CE3/parking.jpg
2025-11-06 16:29:52,026 - INFO - ✅ BERHASIL: File 'parking.jpg' disalin ke ./assets/parking.jpg
2025-11-06 16:29:52,027 - INFO - 
Setup dari flash disk selesai.
2025-11-06 16:29:52,257 - INFO - ✅ OLED display initialized successfully
2025-11-06 16:29:54,399 - INFO - ✅ Connected to 192.168.99.37:502
2025-11-06 16:29:54,420 - INFO - ✅ Emoney reader connected
2025-11-06 16:29:54,420 - INFO - ✅ RFID reader connected
2025-11-06 16:29:54,423 - INFO - ✅ LPR connected
2025-11-06 16:30:30,644 - INFO - 🚗 Kendaraan terdeteksi: SPIN001
2025-11-06 16:30:43,367 - INFO - Sistem SIBUK oleh Tombol Tiket. Tipe: SPIN001
2025-11-06 16:30:43,371 - INFO - 🎟️ Tombol tiket ditekan untuk Tipe: SPIN001
2025-11-06 16:30:43,378 - INFO - ✅ PROSES TIKET DIMULAI...
2025-11-06 16:30:44,094 - INFO - Validasi Online Sukses. Memulai print...
2025-11-06 16:30:45,216 - INFO - Error initializing printer (utama): Device not found (Unable to open USB printer on ('0x0483', '0x5743'):
USB device not found (Device ('0x0483', '0x5743') not found or cable not plugged in.))
2025-11-06 16:30:45,446 - INFO - USB printer enabled
2025-11-06 16:30:45,447 - INFO - Fallback printer initialized.
2025-11-06 16:30:45,449 - INFO - {
  "device_id": 1,
  "member_id": 0,
  "compliment_id": 0,
  "ticket_code": "PRK20251106163043984",
  "start_time": "2025-11-06 16:30:43",
  "foto": null,
  "plat": "B6137CUC",
  "status": "Online",
  "type_transaction": "ticket",
  "jenis_kendaraan": "Motor",
  "updated_at": "2025-11-06T09:30:43.000000Z",
  "created_at": "2025-11-06T09:30:43.000000Z",
  "id": 1,
  "device_name": "IN MOTOR"
}
2025-11-06 16:30:47,406 - INFO - === SELESAI print, akan cut ===
2025-11-06 16:30:47,607 - INFO - Success print ticket (Online)
2025-11-06 16:30:47,610 - INFO - Closing Usb connection to printer (1155, 22339)
2025-11-06 16:30:47,613 - INFO - Validasi sukses, Buka Palang.
2025-11-06 16:30:47,967 - INFO - ✅ Coil 0 set to ON
2025-11-06 16:30:47,991 - INFO - Proses Tiket sukses. Sistem menunggu kendaraan pergi.
2025-11-06 16:30:57,408 - INFO - ⚪ Kendaraan meninggalkan loop sensor
2025-11-06 16:30:57,415 - INFO - ✅ Sistem SIAP kembali (Kendaraan Pergi).
2025-11-06 16:31:00,316 - INFO - 🚗 Kendaraan terdeteksi: SPIN001
2025-11-06 16:31:10,395 - INFO - License Plate Detected: A1359RE   
2025-11-06 16:31:10,397 - INFO - LPR: File lpr saved successfully
2025-11-06 16:31:15,153 - INFO - Sistem SIBUK oleh Tombol Tiket. Tipe: SPIN001
2025-11-06 16:31:15,158 - INFO - 🎟️ Tombol tiket ditekan untuk Tipe: SPIN001
2025-11-06 16:31:15,160 - INFO - ✅ PROSES TIKET DIMULAI...
2025-11-06 16:31:15,546 - INFO - Validasi Online Sukses. Memulai print...
2025-11-06 16:31:15,560 - INFO - Error initializing printer (utama): Device not found (Unable to open USB printer on ('0x0483', '0x5743'):
USB device not found (Device ('0x0483', '0x5743') not found or cable not plugged in.))
2025-11-06 16:31:16,109 - INFO - USB printer enabled
2025-11-06 16:31:16,111 - INFO - Fallback printer initialized.
2025-11-06 16:31:16,121 - INFO - {
  "device_id": 1,
  "member_id": 0,
  "compliment_id": 0,
  "ticket_code": "PRK20251106163115894",
  "start_time": "2025-11-06 16:31:15",
  "foto": null,
  "plat": "A1359RE",
  "status": "Online",
  "type_transaction": "ticket",
  "jenis_kendaraan": "Motor",
  "updated_at": "2025-11-06T09:31:15.000000Z",
  "created_at": "2025-11-06T09:31:15.000000Z",
  "id": 2,
  "device_name": "IN MOTOR"
}
2025-11-06 16:31:17,658 - INFO - === SELESAI print, akan cut ===
2025-11-06 16:31:17,842 - INFO - Success print ticket (Online)
2025-11-06 16:31:17,844 - INFO - Closing Usb connection to printer (1155, 22339)
2025-11-06 16:31:17,846 - INFO - Validasi sukses, Buka Palang.
2025-11-06 16:31:18,212 - INFO - ✅ Coil 0 set to ON
2025-11-06 16:31:18,232 - INFO - Proses Tiket sukses. Sistem menunggu kendaraan pergi.
2025-11-06 16:31:31,526 - INFO - ⚪ Kendaraan meninggalkan loop sensor
2025-11-06 16:31:31,543 - INFO - ✅ Sistem SIAP kembali (Kendaraan Pergi).
2025-11-06 16:31:36,661 - INFO - 🚗 Kendaraan terdeteksi: SPIN001
2025-11-06 16:31:43,917 - INFO - Sistem SIBUK oleh Tombol Tiket. Tipe: SPIN001
2025-11-06 16:31:43,923 - INFO - 🎟️ Tombol tiket ditekan untuk Tipe: SPIN001
2025-11-06 16:31:43,928 - INFO - ✅ PROSES TIKET DIMULAI...
2025-11-06 16:31:44,133 - INFO - Validasi Online Sukses. Memulai print...
2025-11-06 16:31:44,140 - INFO - Error initializing printer (utama): Device not found (Unable to open USB printer on ('0x0483', '0x5743'):
USB device not found (Device ('0x0483', '0x5743') not found or cable not plugged in.))
2025-11-06 16:31:44,696 - INFO - USB printer enabled
2025-11-06 16:31:44,704 - INFO - Fallback printer initialized.
2025-11-06 16:31:44,707 - INFO - {
  "device_id": 1,
  "member_id": 0,
  "compliment_id": 0,
  "ticket_code": "PRK20251106163143300",
  "start_time": "2025-11-06 16:31:43",
  "foto": null,
  "plat": "A1359RE",
  "status": "Online",
  "type_transaction": "ticket",
  "jenis_kendaraan": "Motor",
  "updated_at": "2025-11-06T09:31:43.000000Z",
  "created_at": "2025-11-06T09:31:43.000000Z",
  "id": 3,
  "device_name": "IN MOTOR"
}
2025-11-06 16:31:46,051 - INFO - === SELESAI print, akan cut ===
2025-11-06 16:31:46,248 - INFO - Success print ticket (Online)
2025-11-06 16:31:46,250 - INFO - Closing Usb connection to printer (1155, 22339)
2025-11-06 16:31:46,252 - INFO - Validasi sukses, Buka Palang.
2025-11-06 16:31:46,446 - INFO - ✅ Coil 0 set to ON
2025-11-06 16:31:46,453 - INFO - Proses Tiket sukses. Sistem menunggu kendaraan pergi.
2025-11-06 16:31:54,579 - INFO - ⚪ Kendaraan meninggalkan loop sensor
2025-11-06 16:31:54,583 - INFO - ✅ Sistem SIAP kembali (Kendaraan Pergi).
2025-11-06 16:31:56,808 - INFO - 🚗 Kendaraan terdeteksi: SPIN001
2025-11-06 16:32:01,136 - INFO - Sistem SIBUK oleh Tombol Tiket. Tipe: SPIN001
2025-11-06 16:32:01,146 - INFO - 🎟️ Tombol tiket ditekan untuk Tipe: SPIN001
2025-11-06 16:32:01,155 - INFO - ✅ PROSES TIKET DIMULAI...
2025-11-06 16:32:01,524 - INFO - Validasi Online Sukses. Memulai print...
2025-11-06 16:32:01,711 - INFO - Error initializing printer (utama): Device not found (Unable to open USB printer on ('0x0483', '0x5743'):
USB device not found (Device ('0x0483', '0x5743') not found or cable not plugged in.))
2025-11-06 16:32:02,091 - INFO - USB printer enabled
2025-11-06 16:32:02,095 - INFO - Fallback printer initialized.
2025-11-06 16:32:02,098 - INFO - {
  "device_id": 1,
  "member_id": 0,
  "compliment_id": 0,
  "ticket_code": "PRK20251106163201645",
  "start_time": "2025-11-06 16:32:01",
  "foto": null,
  "plat": "A1359RE",
  "status": "Online",
  "type_transaction": "ticket",
  "jenis_kendaraan": "Motor",
  "updated_at": "2025-11-06T09:32:01.000000Z",
  "created_at": "2025-11-06T09:32:01.000000Z",
  "id": 4,
  "device_name": "IN MOTOR"
}
2025-11-06 16:32:03,357 - INFO - === SELESAI print, akan cut ===
2025-11-06 16:32:03,542 - INFO - Success print ticket (Online)
2025-11-06 16:32:03,544 - INFO - Closing Usb connection to printer (1155, 22339)
2025-11-06 16:32:03,547 - INFO - Validasi sukses, Buka Palang.
2025-11-06 16:32:03,732 - INFO - ✅ Coil 0 set to ON
2025-11-06 16:32:03,738 - INFO - Proses Tiket sukses. Sistem menunggu kendaraan pergi.
2025-11-06 16:32:11,658 - INFO - ⚪ Kendaraan meninggalkan loop sensor
2025-11-06 16:32:11,672 - INFO - ✅ Sistem SIAP kembali (Kendaraan Pergi).
2025-11-06 16:32:36,813 - INFO - 🚗 Kendaraan terdeteksi: SPIN001
2025-11-06 16:32:40,559 - INFO - Sistem SIBUK oleh E-Money. Tipe: SPIN001
2025-11-06 16:32:41,604 - INFO - Processs emoney
2025-11-06 16:32:41,618 - INFO - 5D
2025-11-06 16:32:41,625 - INFO - LRC True
2025-11-06 16:32:41,629 - INFO - eMoney Mandiri Card
2025-11-06 16:32:41,815 - INFO - UID card
2025-11-06 16:32:41,816 - INFO - 0000006FEB850E
2025-11-06 16:32:41,818 - INFO - Card balance and card number is valid
2025-11-06 16:32:41,820 - INFO - Card no
2025-11-06 16:32:41,821 - INFO - 6032982803626199
2025-11-06 16:32:41,823 - INFO - balance
2025-11-06 16:32:41,825 - INFO - 8990
2025-11-06 16:32:41,826 - INFO - EMoney Detected: 02 - 6032982803626199
2025-11-06 16:32:42,384 - INFO - ✅ Coil 0 set to ON
2025-11-06 16:32:42,391 - INFO - [Trigger] Ticket data written to ticket_data.json
2025-11-06 16:32:42,398 - INFO - Proses E-Money sukses. Sistem menunggu kendaraan pergi.
2025-11-06 16:32:47,447 - INFO - ⚪ Kendaraan meninggalkan loop sensor
2025-11-06 16:32:47,450 - INFO - ✅ Sistem SIAP kembali (Kendaraan Pergi).
2025-11-06 16:32:50,982 - INFO - 🚗 Kendaraan terdeteksi: SPIN001
2025-11-06 16:32:55,833 - INFO - Sistem SIBUK oleh E-Money. Tipe: SPIN001
2025-11-06 16:32:56,864 - INFO - Processs emoney
2025-11-06 16:32:56,869 - INFO - 5D
2025-11-06 16:32:56,871 - INFO - LRC True
2025-11-06 16:32:56,873 - INFO - eMoney Mandiri Card
2025-11-06 16:32:56,877 - INFO - UID card
2025-11-06 16:32:56,879 - INFO - 0000006FEB850E
2025-11-06 16:32:56,881 - INFO - Card balance and card number is valid
2025-11-06 16:32:56,882 - INFO - Card no
2025-11-06 16:32:56,883 - INFO - 6032982803626199
2025-11-06 16:32:56,885 - INFO - balance
2025-11-06 16:32:57,062 - INFO - 8990
2025-11-06 16:32:57,064 - INFO - EMoney Detected: 02 - 6032982803626199
2025-11-06 16:32:59,447 - INFO - Sistem SIAP kembali (dari E-Money GAGAL).
2025-11-06 16:33:05,306 - INFO - Sistem SIBUK oleh E-Money. Tipe: SPIN001
2025-11-06 16:33:06,375 - INFO - Processs emoney
2025-11-06 16:33:06,378 - INFO - 5D
2025-11-06 16:33:06,381 - INFO - LRC True
2025-11-06 16:33:06,384 - INFO - eMoney Mandiri Card
2025-11-06 16:33:06,572 - INFO - UID card
2025-11-06 16:33:06,582 - INFO - 0000006FEB850E
2025-11-06 16:33:06,587 - INFO - Card balance and card number is valid
2025-11-06 16:33:06,590 - INFO - Card no
2025-11-06 16:33:06,592 - INFO - 6032982803626199
2025-11-06 16:33:06,594 - INFO - balance
2025-11-06 16:33:06,597 - INFO - 8990
2025-11-06 16:33:06,598 - INFO - EMoney Detected: 02 - 6032982803626199
2025-11-06 16:33:08,825 - INFO - Sistem SIAP kembali (dari E-Money GAGAL).
2025-11-06 16:33:09,019 - INFO - Sistem SIBUK oleh Tombol Tiket. Tipe: SPIN001
2025-11-06 16:33:09,028 - INFO - 🎟️ Tombol tiket ditekan untuk Tipe: SPIN001
2025-11-06 16:33:09,030 - INFO - ✅ PROSES TIKET DIMULAI...
2025-11-06 16:33:09,424 - INFO - Validasi Online Sukses. Memulai print...
2025-11-06 16:33:09,434 - INFO - Error initializing printer (utama): Device not found (Unable to open USB printer on ('0x0483', '0x5743'):
USB device not found (Device ('0x0483', '0x5743') not found or cable not plugged in.))
2025-11-06 16:33:09,807 - INFO - USB printer enabled
2025-11-06 16:33:09,811 - INFO - Fallback printer initialized.
2025-11-06 16:33:09,813 - INFO - {
  "device_id": 1,
  "member_id": 0,
  "compliment_id": 0,
  "ticket_code": "PRK20251106163309290",
  "start_time": "2025-11-06 16:33:09",
  "foto": null,
  "plat": "A1359RE",
  "status": "Online",
  "type_transaction": "ticket",
  "jenis_kendaraan": "Motor",
  "updated_at": "2025-11-06T09:33:09.000000Z",
  "created_at": "2025-11-06T09:33:09.000000Z",
  "id": 6,
  "device_name": "IN MOTOR"
}
2025-11-06 16:33:10,897 - INFO - === SELESAI print, akan cut ===
2025-11-06 16:33:11,090 - INFO - Success print ticket (Online)
2025-11-06 16:33:11,092 - INFO - Closing Usb connection to printer (1155, 22339)
2025-11-06 16:33:11,095 - INFO - Validasi sukses, Buka Palang.
2025-11-06 16:33:11,471 - INFO - ✅ Coil 0 set to ON
2025-11-06 16:33:11,481 - INFO - Proses Tiket sukses. Sistem menunggu kendaraan pergi.
2025-11-06 16:33:18,698 - INFO - ⚪ Kendaraan meninggalkan loop sensor
2025-11-06 16:33:18,699 - INFO - ✅ Sistem SIAP kembali (Kendaraan Pergi).
2025-11-06 16:33:51,233 - INFO - License Plate Detected: BE2334DBL 
2025-11-06 16:33:51,255 - INFO - LPR: File lpr saved successfully
2025-11-06 16:35:00,805 - INFO - 
🚀 Memulai setup dari flash disk...
2025-11-06 16:35:00,806 - INFO - Memindai drive removable (flash disk)...
2025-11-06 16:35:00,809 - INFO - Drive (Linux fallback) terdeteksi: ['/media/pi/D066-6CE3']
2025-11-06 16:35:00,810 - INFO - Drive final ditemukan: ['/media/pi/D066-6CE3']
2025-11-06 16:35:00,811 - INFO - Mencari file .env di: /media/pi/D066-6CE3/.env
2025-11-06 16:35:00,812 - INFO - ✅ File .env ditemukan di: /media/pi/D066-6CE3
2025-11-06 16:35:00,815 - INFO - ✅ BERHASIL: File .env disalin ke ./.env
2025-11-06 16:35:00,816 - INFO - Memuat variabel dari ./.env...
2025-11-06 16:35:00,838 - INFO - ✅ Variabel lingkungan (environment) berhasil dimuat.
2025-11-06 16:35:00,840 - INFO - Variabel 'BACKGROUND_IMAGE' ditemukan: parking.jpg
2025-11-06 16:35:00,842 - INFO - Mencari file aset di: /media/pi/D066-6CE3/parking.jpg
2025-11-06 16:35:00,867 - INFO - ✅ BERHASIL: File 'parking.jpg' disalin ke ./assets/parking.jpg
2025-11-06 16:35:00,869 - INFO - 
Setup dari flash disk selesai.
2025-11-06 16:35:01,117 - INFO - ✅ OLED display initialized successfully
2025-11-06 16:35:03,258 - INFO - ✅ Connected to 192.168.99.37:502
2025-11-06 16:35:03,278 - INFO - ✅ Emoney reader connected
2025-11-06 16:35:03,283 - INFO - ✅ LPR connected
2025-11-06 16:35:03,286 - INFO - ✅ RFID reader connected
2025-11-06 16:35:24,080 - ERROR - No response received after 1 retries, continue with next request
2025-11-06 16:35:24,260 - INFO - ❌ Read exception (Input Loop): Modbus Error: [Input/Output] No response received after 1 retries, continue with next request
2025-11-06 16:35:30,852 - ERROR - No response received after 1 retries, continue with next request
2025-11-06 16:35:30,856 - INFO - ❌ Read exception (Input Loop): Modbus Error: [Input/Output] No response received after 1 retries, continue with next request
2025-11-06 16:35:37,594 - ERROR - No response received after 1 retries, continue with next request
2025-11-06 16:35:37,733 - INFO - ❌ Read exception (Input Loop): Modbus Error: [Input/Output] No response received after 1 retries, continue with next request
2025-11-06 16:35:39,747 - INFO - License Plate Detected: BE2896DBT 
2025-11-06 16:35:39,750 - INFO - LPR: File lpr saved successfully
2025-11-06 16:35:44,337 - ERROR - No response received after 1 retries, continue with next request
2025-11-06 16:35:44,338 - INFO - ❌ Read exception (Input Loop): Modbus Error: [Input/Output] No response received after 1 retries, continue with next request
2025-11-06 16:35:48,905 - INFO - License Plate Detected: BE2071DCZ 
2025-11-06 16:35:48,907 - INFO - LPR: File lpr saved successfully
2025-11-06 16:35:50,917 - ERROR - No response received after 1 retries, continue with next request
2025-11-06 16:35:50,924 - INFO - ❌ Read exception (Input Loop): Modbus Error: [Input/Output] No response received after 1 retries, continue with next request
2025-11-06 16:35:57,518 - INFO - ❌ Read exception (Input Loop): Modbus Error: [Input/Output] ERROR: No response received of the last requests (default: retries+3), CLOSING CONNECTION.
2025-11-06 16:36:04,114 - INFO - ❌ Read exception (Input Loop): Modbus Error: [Input/Output] ERROR: No response received of the last requests (default: retries+3), CLOSING CONNECTION.
2025-11-06 16:36:10,813 - INFO - ❌ Read exception (Input Loop): Modbus Error: [Input/Output] ERROR: No response received of the last requests (default: retries+3), CLOSING CONNECTION.
2025-11-06 16:36:17,414 - INFO - ❌ Read exception (Input Loop): Modbus Error: [Input/Output] ERROR: No response received of the last requests (default: retries+3), CLOSING CONNECTION.
2025-11-06 16:36:21,138 - INFO - ❌ UNEXPECTED exception (Input Loop): [Errno 104] Koneksi direset oleh peer
2025-11-06 16:36:21,747 - INFO - ❌ UNEXPECTED exception (Input Loop): [Errno 32] Pipa rusak
2025-11-06 16:36:22,335 - INFO - ❌ UNEXPECTED exception (Input Loop): [Errno 32] Pipa rusak
2025-11-06 16:36:22,931 - INFO - ❌ UNEXPECTED exception (Input Loop): [Errno 32] Pipa rusak
2025-11-06 16:36:23,528 - INFO - ❌ UNEXPECTED exception (Input Loop): [Errno 32] Pipa rusak
2025-11-06 16:36:24,107 - INFO - ❌ UNEXPECTED exception (Input Loop): [Errno 32] Pipa rusak
2025-11-06 16:36:24,693 - INFO - ❌ UNEXPECTED exception (Input Loop): [Errno 32] Pipa rusak
2025-11-06 16:36:25,287 - INFO - ❌ UNEXPECTED exception (Input Loop): [Errno 32] Pipa rusak
2025-11-06 16:36:25,873 - INFO - ❌ UNEXPECTED exception (Input Loop): [Errno 32] Pipa rusak
2025-11-06 16:36:26,476 - INFO - ❌ UNEXPECTED exception (Input Loop): [Errno 32] Pipa rusak
2025-11-06 16:36:27,057 - INFO - ❌ UNEXPECTED exception (Input Loop): [Errno 32] Pipa rusak
2025-11-06 16:36:27,641 - INFO - ❌ UNEXPECTED exception (Input Loop): [Errno 32] Pipa rusak
2025-11-06 16:36:28,241 - INFO - ❌ UNEXPECTED exception (Input Loop): [Errno 32] Pipa rusak
2025-11-06 16:36:28,801 - INFO - ❌ UNEXPECTED exception (Input Loop): [Errno 32] Pipa rusak
2025-11-06 16:36:29,440 - INFO - ❌ UNEXPECTED exception (Input Loop): [Errno 32] Pipa rusak
2025-11-06 16:36:30,079 - INFO - ❌ UNEXPECTED exception (Input Loop): [Errno 32] Pipa rusak
2025-11-06 16:36:30,619 - INFO - ❌ UNEXPECTED exception (Input Loop): [Errno 32] Pipa rusak
2025-11-06 16:36:31,125 - INFO - ❌ UNEXPECTED exception (Input Loop): [Errno 32] Pipa rusak
2025-11-06 16:36:31,636 - INFO - ❌ UNEXPECTED exception (Input Loop): [Errno 32] Pipa rusak
2025-11-06 16:36:32,139 - INFO - ❌ UNEXPECTED exception (Input Loop): [Errno 32] Pipa rusak
2025-11-06 16:36:32,659 - INFO - ❌ UNEXPECTED exception (Input Loop): [Errno 32] Pipa rusak
2025-11-06 16:36:33,162 - INFO - ❌ UNEXPECTED exception (Input Loop): [Errno 32] Pipa rusak
2025-11-06 16:36:33,665 - INFO - ❌ UNEXPECTED exception (Input Loop): [Errno 32] Pipa rusak
2025-11-06 16:36:34,222 - INFO - ❌ UNEXPECTED exception (Input Loop): [Errno 32] Pipa rusak
2025-11-06 16:36:34,777 - INFO - ❌ UNEXPECTED exception (Input Loop): [Errno 32] Pipa rusak
2025-11-06 16:36:35,283 - INFO - ❌ UNEXPECTED exception (Input Loop): [Errno 32] Pipa rusak
2025-11-06 16:36:35,804 - INFO - ❌ UNEXPECTED exception (Input Loop): [Errno 32] Pipa rusak
2025-11-06 16:36:36,344 - INFO - ❌ UNEXPECTED exception (Input Loop): [Errno 32] Pipa rusak
2025-11-06 16:36:36,860 - INFO - ❌ UNEXPECTED exception (Input Loop): [Errno 32] Pipa rusak
2025-11-06 16:36:37,391 - INFO - ❌ UNEXPECTED exception (Input Loop): [Errno 32] Pipa rusak
2025-11-06 16:36:37,894 - INFO - ❌ UNEXPECTED exception (Input Loop): [Errno 32] Pipa rusak
2025-11-06 16:36:38,399 - INFO - ❌ UNEXPECTED exception (Input Loop): [Errno 32] Pipa rusak
2025-11-06 16:36:38,917 - INFO - ❌ UNEXPECTED exception (Input Loop): [Errno 32] Pipa rusak
2025-11-06 16:36:39,555 - INFO - ❌ UNEXPECTED exception (Input Loop): [Errno 32] Pipa rusak
2025-11-06 16:36:40,222 - INFO - ❌ UNEXPECTED exception (Input Loop): [Errno 32] Pipa rusak
2025-11-06 16:36:40,733 - INFO - ❌ UNEXPECTED exception (Input Loop): [Errno 32] Pipa rusak
2025-11-06 16:36:41,267 - INFO - ❌ UNEXPECTED exception (Input Loop): [Errno 32] Pipa rusak
2025-11-06 16:36:41,777 - INFO - ❌ UNEXPECTED exception (Input Loop): [Errno 32] Pipa rusak
2025-11-06 16:36:42,286 - INFO - ❌ UNEXPECTED exception (Input Loop): [Errno 32] Pipa rusak
2025-11-06 16:36:42,796 - INFO - ❌ UNEXPECTED exception (Input Loop): [Errno 32] Pipa rusak
2025-11-06 16:36:43,305 - INFO - ❌ UNEXPECTED exception (Input Loop): [Errno 32] Pipa rusak
2025-11-06 16:36:43,832 - INFO - ❌ UNEXPECTED exception (Input Loop): [Errno 32] Pipa rusak
2025-11-06 16:36:44,364 - INFO - ❌ UNEXPECTED exception (Input Loop): [Errno 32] Pipa rusak
2025-11-06 16:36:44,877 - INFO - ❌ UNEXPECTED exception (Input Loop): [Errno 32] Pipa rusak
2025-11-06 16:36:45,396 - INFO - ❌ UNEXPECTED exception (Input Loop): [Errno 32] Pipa rusak
2025-11-06 16:36:45,907 - INFO - ❌ UNEXPECTED exception (Input Loop): [Errno 32] Pipa rusak
2025-11-06 16:36:46,469 - INFO - ❌ UNEXPECTED exception (Input Loop): [Errno 32] Pipa rusak
2025-11-06 16:36:46,993 - INFO - ❌ UNEXPECTED exception (Input Loop): [Errno 32] Pipa rusak
2025-11-06 16:36:47,532 - INFO - ❌ UNEXPECTED exception (Input Loop): [Errno 32] Pipa rusak
2025-11-06 16:36:48,045 - INFO - ❌ UNEXPECTED exception (Input Loop): [Errno 32] Pipa rusak
2025-11-06 16:36:48,594 - INFO - ❌ UNEXPECTED exception (Input Loop): [Errno 32] Pipa rusak
2025-11-06 16:36:49,150 - INFO - ❌ UNEXPECTED exception (Input Loop): [Errno 32] Pipa rusak
2025-11-06 16:36:49,663 - INFO - ❌ UNEXPECTED exception (Input Loop): [Errno 32] Pipa rusak
2025-11-06 16:36:50,177 - INFO - ❌ UNEXPECTED exception (Input Loop): [Errno 32] Pipa rusak
2025-11-06 16:36:50,706 - INFO - ❌ UNEXPECTED exception (Input Loop): [Errno 32] Pipa rusak
2025-11-06 16:36:51,236 - INFO - ❌ UNEXPECTED exception (Input Loop): [Errno 32] Pipa rusak
2025-11-06 16:36:51,822 - INFO - ❌ UNEXPECTED exception (Input Loop): [Errno 32] Pipa rusak
2025-11-06 16:36:52,334 - INFO - ❌ UNEXPECTED exception (Input Loop): [Errno 32] Pipa rusak
2025-11-06 16:36:52,863 - INFO - ❌ UNEXPECTED exception (Input Loop): [Errno 32] Pipa rusak
2025-11-06 16:36:53,530 - INFO - ❌ UNEXPECTED exception (Input Loop): [Errno 32] Pipa rusak
2025-11-06 16:36:54,056 - INFO - ❌ UNEXPECTED exception (Input Loop): [Errno 32] Pipa rusak
2025-11-06 16:43:36,419 - INFO - 
🚀 Memulai setup dari flash disk...
2025-11-06 16:43:36,420 - INFO - Memindai drive removable (flash disk)...
2025-11-06 16:43:36,423 - INFO - Drive (Linux fallback) terdeteksi: ['/media/pi/D066-6CE3']
2025-11-06 16:43:36,424 - INFO - Drive final ditemukan: ['/media/pi/D066-6CE3']
2025-11-06 16:43:36,425 - INFO - Mencari file .env di: /media/pi/D066-6CE3/.env
2025-11-06 16:43:36,426 - INFO - ✅ File .env ditemukan di: /media/pi/D066-6CE3
2025-11-06 16:43:36,428 - INFO - ✅ BERHASIL: File .env disalin ke ./.env
2025-11-06 16:43:36,429 - INFO - Memuat variabel dari ./.env...
2025-11-06 16:43:36,453 - INFO - ✅ Variabel lingkungan (environment) berhasil dimuat.
2025-11-06 16:43:36,455 - INFO - Variabel 'BACKGROUND_IMAGE' ditemukan: parking.jpg
2025-11-06 16:43:36,457 - INFO - Mencari file aset di: /media/pi/D066-6CE3/parking.jpg
2025-11-06 16:43:36,478 - INFO - ✅ BERHASIL: File 'parking.jpg' disalin ke ./assets/parking.jpg
2025-11-06 16:43:36,479 - INFO - 
Setup dari flash disk selesai.
2025-11-06 16:43:36,704 - INFO - ✅ OLED display initialized successfully
2025-11-06 16:43:38,860 - ERROR - Connection to (None, None) failed: [Errno -2] Nama atau layanan tidak diketahui
2025-11-06 16:43:38,862 - INFO - ❌ Failed to connect to 192.168.99.37:502
2025-11-06 16:43:38,864 - INFO - 
🔌 Connection closed
2025-11-06 16:43:38,866 - INFO - Program selesai
2025-11-06 16:45:06,637 - INFO - 
🚀 Memulai setup dari flash disk...
2025-11-06 16:45:06,638 - INFO - Memindai drive removable (flash disk)...
2025-11-06 16:45:06,642 - INFO - Drive (Linux fallback) terdeteksi: ['/media/pi/D066-6CE3']
2025-11-06 16:45:06,643 - INFO - Drive final ditemukan: ['/media/pi/D066-6CE3']
2025-11-06 16:45:06,643 - INFO - Mencari file .env di: /media/pi/D066-6CE3/.env
2025-11-06 16:45:06,644 - INFO - ✅ File .env ditemukan di: /media/pi/D066-6CE3
2025-11-06 16:45:06,647 - INFO - ✅ BERHASIL: File .env disalin ke ./.env
2025-11-06 16:45:06,648 - INFO - Memuat variabel dari ./.env...
2025-11-06 16:45:06,668 - INFO - ✅ Variabel lingkungan (environment) berhasil dimuat.
2025-11-06 16:45:06,670 - INFO - Variabel 'BACKGROUND_IMAGE' ditemukan: parking.jpg
2025-11-06 16:45:06,672 - INFO - Mencari file aset di: /media/pi/D066-6CE3/parking.jpg
2025-11-06 16:45:06,693 - INFO - ✅ BERHASIL: File 'parking.jpg' disalin ke ./assets/parking.jpg
2025-11-06 16:45:06,694 - INFO - 
Setup dari flash disk selesai.
2025-11-06 16:45:06,930 - INFO - ✅ OLED display initialized successfully
2025-11-06 16:45:09,041 - ERROR - Connection to (None, None) failed: [Errno -2] Nama atau layanan tidak diketahui
2025-11-06 16:45:09,044 - INFO - ❌ Failed to connect to 192.168.99.37:502
2025-11-06 16:45:09,046 - INFO - 
🔌 Connection closed
2025-11-06 16:45:09,049 - INFO - Program selesai
2025-11-06 16:50:28,502 - INFO - 
🚀 Memulai setup dari flash disk...
2025-11-06 16:50:28,503 - INFO - Memindai drive removable (flash disk)...
2025-11-06 16:50:28,506 - INFO - Drive (Linux fallback) terdeteksi: ['/media/pi/D066-6CE3']
2025-11-06 16:50:28,507 - INFO - Drive final ditemukan: ['/media/pi/D066-6CE3']
2025-11-06 16:50:28,508 - INFO - Mencari file .env di: /media/pi/D066-6CE3/.env
2025-11-06 16:50:28,509 - INFO - ✅ File .env ditemukan di: /media/pi/D066-6CE3
2025-11-06 16:50:28,511 - INFO - ✅ BERHASIL: File .env disalin ke ./.env
2025-11-06 16:50:28,512 - INFO - Memuat variabel dari ./.env...
2025-11-06 16:50:28,532 - INFO - ✅ Variabel lingkungan (environment) berhasil dimuat.
2025-11-06 16:50:28,533 - INFO - Variabel 'BACKGROUND_IMAGE' ditemukan: parking.jpg
2025-11-06 16:50:28,537 - INFO - Mencari file aset di: /media/pi/D066-6CE3/parking.jpg
2025-11-06 16:50:28,595 - INFO - ✅ BERHASIL: File 'parking.jpg' disalin ke ./assets/parking.jpg
2025-11-06 16:50:28,595 - INFO - 
Setup dari flash disk selesai.
2025-11-06 16:50:28,824 - INFO - ✅ OLED display initialized successfully
2025-11-06 16:50:30,927 - INFO - 
❌ Main thread error: 'NoneType' object has no attribute 'connect'
2025-11-06 16:50:30,929 - INFO - Program selesai
2025-11-06 16:51:15,616 - INFO - 
🚀 Memulai setup dari flash disk...
2025-11-06 16:51:15,618 - INFO - Memindai drive removable (flash disk)...
2025-11-06 16:51:15,621 - INFO - Drive (Linux fallback) terdeteksi: ['/media/pi/D066-6CE3']
2025-11-06 16:51:15,622 - INFO - Drive final ditemukan: ['/media/pi/D066-6CE3']
2025-11-06 16:51:15,623 - INFO - Mencari file .env di: /media/pi/D066-6CE3/.env
2025-11-06 16:51:15,624 - INFO - ✅ File .env ditemukan di: /media/pi/D066-6CE3
2025-11-06 16:51:15,627 - INFO - ✅ BERHASIL: File .env disalin ke ./.env
2025-11-06 16:51:15,628 - INFO - Memuat variabel dari ./.env...
2025-11-06 16:51:15,651 - INFO - ✅ Variabel lingkungan (environment) berhasil dimuat.
2025-11-06 16:51:15,652 - INFO - Variabel 'BACKGROUND_IMAGE' ditemukan: parking.jpg
2025-11-06 16:51:15,654 - INFO - Mencari file aset di: /media/pi/D066-6CE3/parking.jpg
2025-11-06 16:51:15,676 - INFO - ✅ BERHASIL: File 'parking.jpg' disalin ke ./assets/parking.jpg
2025-11-06 16:51:15,677 - INFO - 
Setup dari flash disk selesai.
2025-11-06 16:51:15,900 - INFO - ✅ OLED display initialized successfully
2025-11-06 16:51:18,009 - INFO - ✅ Connected to None:None
2025-11-06 16:51:18,028 - INFO - ✅ Emoney reader connected
2025-11-06 16:51:18,029 - INFO - ✅ RFID reader connected
2025-11-06 16:51:18,031 - INFO - ✅ LPR connected
2025-11-06 16:51:19,082 - INFO - License Plate Detected: BE2926DAP 
2025-11-06 16:51:19,084 - INFO - LPR: File lpr saved successfully
2025-11-06 16:51:37,584 - INFO - 🚗 Kendaraan terdeteksi: SPIN001
2025-11-06 16:51:44,452 - INFO - Sistem SIBUK oleh Tombol Tiket. Tipe: SPIN001
2025-11-06 16:51:44,473 - INFO - 🎟️ Tombol tiket ditekan untuk Tipe: SPIN001
2025-11-06 16:51:44,701 - INFO - ✅ PROSES TIKET DIMULAI...
2025-11-06 16:51:45,242 - INFO - Validasi Online Sukses. Memulai print...
2025-11-06 16:51:45,853 - INFO - Error initializing printer (utama): Device not found (Unable to open USB printer on ('0x0483', '0x5743'):
USB device not found (Device ('0x0483', '0x5743') not found or cable not plugged in.))
2025-11-06 16:51:46,212 - INFO - USB printer enabled
2025-11-06 16:51:46,214 - INFO - Fallback printer initialized.
2025-11-06 16:51:46,224 - INFO - {
  "device_id": 1,
  "member_id": 0,
  "compliment_id": 0,
  "ticket_code": "PRK20251106165145910",
  "start_time": "2025-11-06 16:51:45",
  "foto": null,
  "plat": "BE2926DAP",
  "status": "Online",
  "type_transaction": "ticket",
  "jenis_kendaraan": "Motor",
  "updated_at": "2025-11-06T09:51:45.000000Z",
  "created_at": "2025-11-06T09:51:45.000000Z",
  "id": 7,
  "device_name": "IN MOTOR"
}
2025-11-06 16:51:47,479 - INFO - === SELESAI print, akan cut ===
2025-11-06 16:51:47,673 - INFO - Success print ticket (Online)
2025-11-06 16:51:47,675 - INFO - Closing Usb connection to printer (1155, 22339)
2025-11-06 16:51:47,683 - INFO - Validasi sukses, Buka Palang.
2025-11-06 16:51:47,868 - INFO - ✅ Coil 0 set to ON
2025-11-06 16:51:47,885 - INFO - Proses Tiket sukses. Sistem menunggu kendaraan pergi.
2025-11-06 16:51:58,733 - INFO - ⚪ Kendaraan meninggalkan loop sensor
2025-11-06 16:51:58,750 - INFO - ✅ Sistem SIAP kembali (Kendaraan Pergi).
2025-11-06 16:52:00,130 - INFO - 🚗 Kendaraan terdeteksi: SPIN001
2025-11-06 16:52:00,139 - INFO - License Plate Detected: H3459TZ   
2025-11-06 16:52:00,146 - INFO - LPR: File lpr saved successfully
2025-11-06 16:52:05,822 - INFO - ⚪ Kendaraan meninggalkan loop sensor
2025-11-06 16:52:09,215 - INFO - 🚗 Kendaraan terdeteksi: SPIN001
2025-11-06 16:52:13,983 - INFO - Sistem SIBUK oleh Tombol Tiket. Tipe: SPIN001
2025-11-06 16:52:13,986 - INFO - 🎟️ Tombol tiket ditekan untuk Tipe: SPIN001
2025-11-06 16:52:13,992 - INFO - ✅ PROSES TIKET DIMULAI...
2025-11-06 16:52:14,393 - INFO - Validasi Online Sukses. Memulai print...
2025-11-06 16:52:14,402 - INFO - Error initializing printer (utama): Device not found (Unable to open USB printer on ('0x0483', '0x5743'):
USB device not found (Device ('0x0483', '0x5743') not found or cable not plugged in.))
2025-11-06 16:52:14,755 - INFO - USB printer enabled
2025-11-06 16:52:14,762 - INFO - Fallback printer initialized.
2025-11-06 16:52:14,774 - INFO - {
  "device_id": 1,
  "member_id": 0,
  "compliment_id": 0,
  "ticket_code": "PRK20251106165214148",
  "start_time": "2025-11-06 16:52:14",
  "foto": null,
  "plat": "H3459TZ",
  "status": "Online",
  "type_transaction": "ticket",
  "jenis_kendaraan": "Motor",
  "updated_at": "2025-11-06T09:52:14.000000Z",
  "created_at": "2025-11-06T09:52:14.000000Z",
  "id": 8,
  "device_name": "IN MOTOR"
}
2025-11-06 16:52:16,355 - INFO - === SELESAI print, akan cut ===
2025-11-06 16:52:16,724 - INFO - Success print ticket (Online)
2025-11-06 16:52:16,726 - INFO - Closing Usb connection to printer (1155, 22339)
2025-11-06 16:52:16,728 - INFO - Validasi sukses, Buka Palang.
2025-11-06 16:52:17,081 - INFO - ✅ Coil 0 set to ON
2025-11-06 16:52:17,100 - INFO - Proses Tiket sukses. Sistem menunggu kendaraan pergi.
2025-11-06 16:52:21,743 - INFO - License Plate Detected: BE2833DBZ 
2025-11-06 16:52:21,745 - INFO - LPR: File lpr saved successfully
2025-11-06 16:52:23,017 - INFO - ⚪ Kendaraan meninggalkan loop sensor
2025-11-06 16:52:23,020 - INFO - ✅ Sistem SIAP kembali (Kendaraan Pergi).
2025-11-06 16:54:13,757 - INFO - 
🚀 Memulai setup dari flash disk...
2025-11-06 16:54:13,758 - INFO - OLED (unavailable): 
🚀 Memulai setup dari flash disk... |  |  | 
2025-11-06 16:54:13,759 - INFO - Memindai drive removable (flash disk)...
2025-11-06 16:54:13,760 - INFO - OLED (unavailable): Memindai drive removable (flash disk)... |  |  | 
2025-11-06 16:54:13,763 - INFO - Drive (Linux fallback) terdeteksi: ['/media/pi/D066-6CE3']
2025-11-06 16:54:13,764 - INFO - OLED (unavailable): Drive (Linux fallback) terdeteksi: ['/media/pi/D066-6CE3'] |  |  | 
2025-11-06 16:54:13,765 - INFO - Drive final ditemukan: ['/media/pi/D066-6CE3']
2025-11-06 16:54:13,766 - INFO - OLED (unavailable): Drive final ditemukan: ['/media/pi/D066-6CE3'] |  |  | 
2025-11-06 16:54:13,767 - INFO - Mencari file .env di: /media/pi/D066-6CE3/.env
2025-11-06 16:54:13,768 - INFO - OLED (unavailable): Mencari file .env di: /media/pi/D066-6CE3/.env |  |  | 
2025-11-06 16:54:13,769 - INFO - ✅ File .env ditemukan di: /media/pi/D066-6CE3
2025-11-06 16:54:13,771 - INFO - OLED (unavailable): ✅ File .env ditemukan di: /media/pi/D066-6CE3 |  |  | 
2025-11-06 16:54:13,774 - INFO - ✅ BERHASIL: File .env disalin ke ./.env
2025-11-06 16:54:13,775 - INFO - OLED (unavailable): ✅ BERHASIL: File .env disalin ke ./.env |  |  | 
2025-11-06 16:54:13,775 - INFO - Memuat variabel dari ./.env...
2025-11-06 16:54:13,776 - INFO - OLED (unavailable): Memuat variabel dari ./.env... |  |  | 
2025-11-06 16:54:13,796 - INFO - ✅ Variabel lingkungan (environment) berhasil dimuat.
2025-11-06 16:54:13,797 - INFO - OLED (unavailable): ✅ Variabel lingkungan (environment) berhasil dimuat. |  |  | 
2025-11-06 16:54:13,798 - INFO - Variabel 'BACKGROUND_IMAGE' ditemukan: parking.jpg
2025-11-06 16:54:13,799 - INFO - OLED (unavailable): Variabel 'BACKGROUND_IMAGE' ditemukan: parking.jpg |  |  | 
2025-11-06 16:54:13,801 - INFO - Mencari file aset di: /media/pi/D066-6CE3/parking.jpg
2025-11-06 16:54:13,803 - INFO - OLED (unavailable): Mencari file aset di: /media/pi/D066-6CE3/parking.jpg |  |  | 
2025-11-06 16:54:13,824 - INFO - ✅ BERHASIL: File 'parking.jpg' disalin ke ./assets/parking.jpg
2025-11-06 16:54:13,825 - INFO - OLED (unavailable): ✅ BERHASIL: File 'parking.jpg' disalin ke ./assets/parking.jpg |  |  | 
2025-11-06 16:54:13,826 - INFO - 
Setup dari flash disk selesai.
2025-11-06 16:54:13,827 - INFO - OLED (unavailable): 
Setup dari flash disk selesai. |  |  | 
2025-11-06 16:54:14,052 - INFO - ✅ OLED display initialized successfully
2025-11-06 16:54:16,190 - INFO - ✅ Connected to None:None
2025-11-06 16:54:16,194 - ERROR - ❌ OLED display error: 'latin-1' codec can't encode character '\u2705' in position 0: ordinal not in range(256)
2025-11-06 16:54:16,213 - INFO - ✅ Emoney reader connected
2025-11-06 16:54:16,217 - INFO - ✅ RFID reader connected
2025-11-06 16:54:16,221 - INFO - OLED (unavailable): ✅ Emoney reader connected |  |  | 
2025-11-06 16:54:16,218 - INFO - ✅ LPR connected
2025-11-06 16:54:16,224 - INFO - OLED (unavailable): ✅ RFID reader connected |  |  | 
2025-11-06 16:54:16,225 - INFO - OLED (unavailable): ✅ LPR connected |  |  | 
2025-11-06 16:54:29,974 - INFO - License Plate Detected: BE2833CBZ 
2025-11-06 16:54:29,978 - INFO - OLED (unavailable): License Plate Detected: BE2833CBZ  |  |  | 
2025-11-06 16:54:29,982 - INFO - LPR: File lpr saved successfully
2025-11-06 16:54:29,985 - INFO - OLED (unavailable): LPR: File lpr saved successfully |  |  | 
2025-11-06 16:54:54,290 - INFO - License Plate Detected: B1054WIO  
2025-11-06 16:54:54,293 - INFO - OLED (unavailable): License Plate Detected: B1054WIO   |  |  | 
2025-11-06 16:54:54,297 - INFO - LPR: File lpr saved successfully
2025-11-06 16:54:54,300 - INFO - OLED (unavailable): LPR: File lpr saved successfully |  |  | 
2025-11-06 16:55:18,287 - INFO - 
🚀 Memulai setup dari flash disk...
2025-11-06 16:55:18,288 - INFO - OLED (unavailable): Hello |  |  | 
2025-11-06 16:55:18,288 - INFO - Memindai drive removable (flash disk)...
2025-11-06 16:55:18,289 - INFO - OLED (unavailable): Hello |  |  | 
2025-11-06 16:55:18,292 - INFO - Drive (Linux fallback) terdeteksi: ['/media/pi/D066-6CE3']
2025-11-06 16:55:18,293 - INFO - OLED (unavailable): Hello |  |  | 
2025-11-06 16:55:18,294 - INFO - Drive final ditemukan: ['/media/pi/D066-6CE3']
2025-11-06 16:55:18,295 - INFO - OLED (unavailable): Hello |  |  | 
2025-11-06 16:55:18,296 - INFO - Mencari file .env di: /media/pi/D066-6CE3/.env
2025-11-06 16:55:18,297 - INFO - OLED (unavailable): Hello |  |  | 
2025-11-06 16:55:18,297 - INFO - ✅ File .env ditemukan di: /media/pi/D066-6CE3
2025-11-06 16:55:18,298 - INFO - OLED (unavailable): Hello |  |  | 
2025-11-06 16:55:18,300 - INFO - ✅ BERHASIL: File .env disalin ke ./.env
2025-11-06 16:55:18,301 - INFO - OLED (unavailable): Hello |  |  | 
2025-11-06 16:55:18,302 - INFO - Memuat variabel dari ./.env...
2025-11-06 16:55:18,303 - INFO - OLED (unavailable): Hello |  |  | 
2025-11-06 16:55:18,340 - INFO - ✅ Variabel lingkungan (environment) berhasil dimuat.
2025-11-06 16:55:18,341 - INFO - OLED (unavailable): Hello |  |  | 
2025-11-06 16:55:18,342 - INFO - Variabel 'BACKGROUND_IMAGE' ditemukan: parking.jpg
2025-11-06 16:55:18,342 - INFO - OLED (unavailable): Hello |  |  | 
2025-11-06 16:55:18,343 - INFO - Mencari file aset di: /media/pi/D066-6CE3/parking.jpg
2025-11-06 16:55:18,344 - INFO - OLED (unavailable): Hello |  |  | 
2025-11-06 16:55:18,376 - INFO - ✅ BERHASIL: File 'parking.jpg' disalin ke ./assets/parking.jpg
2025-11-06 16:55:18,377 - INFO - OLED (unavailable): Hello |  |  | 
2025-11-06 16:55:18,377 - INFO - 
Setup dari flash disk selesai.
2025-11-06 16:55:18,378 - INFO - OLED (unavailable): Hello |  |  | 
2025-11-06 16:55:18,617 - INFO - ✅ OLED display initialized successfully
2025-11-06 16:55:20,765 - INFO - ✅ Connected to None:None
2025-11-06 16:55:20,930 - INFO - OLED: Hello |  |  | 
2025-11-06 16:55:20,938 - INFO - ✅ RFID reader connected
2025-11-06 16:55:20,940 - INFO - ✅ Emoney reader connected
2025-11-06 16:55:21,132 - INFO - ✅ LPR connected
2025-11-06 16:55:23,867 - INFO - OLED: Hello |  |  | 
2025-11-06 16:55:23,873 - INFO - OLED: Hello |  |  | 
2025-11-06 16:55:23,892 - INFO - OLED: Hello |  |  | 
2025-11-06 17:12:41,200 - INFO - 
🚀 Memulai setup dari flash disk...
2025-11-06 17:12:41,201 - INFO - OLED (unavailable): 127.0.0.01 |  |  | 
2025-11-06 17:12:41,201 - INFO - Memindai drive removable (flash disk)...
2025-11-06 17:12:41,202 - INFO - OLED (unavailable): 127.0.0.01 |  |  | 
2025-11-06 17:12:41,205 - INFO - Drive (Linux fallback) terdeteksi: ['/media/pi/D066-6CE3']
2025-11-06 17:12:41,206 - INFO - OLED (unavailable): 127.0.0.01 |  |  | 
2025-11-06 17:12:41,207 - INFO - Drive final ditemukan: ['/media/pi/D066-6CE3']
2025-11-06 17:12:41,208 - INFO - OLED (unavailable): 127.0.0.01 |  |  | 
2025-11-06 17:12:41,209 - INFO - Mencari file .env di: /media/pi/D066-6CE3/.env
2025-11-06 17:12:41,210 - INFO - OLED (unavailable): 127.0.0.01 |  |  | 
2025-11-06 17:12:41,211 - INFO - ✅ File .env ditemukan di: /media/pi/D066-6CE3
2025-11-06 17:12:41,211 - INFO - OLED (unavailable): 127.0.0.01 |  |  | 
2025-11-06 17:12:41,214 - INFO - ✅ BERHASIL: File .env disalin ke ./.env
2025-11-06 17:12:41,216 - INFO - OLED (unavailable): 127.0.0.01 |  |  | 
2025-11-06 17:12:41,217 - INFO - Memuat variabel dari ./.env...
2025-11-06 17:12:41,218 - INFO - OLED (unavailable): 127.0.0.01 |  |  | 
2025-11-06 17:12:41,237 - INFO - ✅ Variabel lingkungan (environment) berhasil dimuat.
2025-11-06 17:12:41,239 - INFO - OLED (unavailable): 127.0.0.01 |  |  | 
2025-11-06 17:12:41,240 - INFO - Variabel 'BACKGROUND_IMAGE' ditemukan: parking.jpg
2025-11-06 17:12:41,241 - INFO - OLED (unavailable): 127.0.0.01 |  |  | 
2025-11-06 17:12:41,242 - INFO - Mencari file aset di: /media/pi/D066-6CE3/parking.jpg
2025-11-06 17:12:41,244 - INFO - OLED (unavailable): 127.0.0.01 |  |  | 
2025-11-06 17:12:41,267 - INFO - ✅ BERHASIL: File 'parking.jpg' disalin ke ./assets/parking.jpg
2025-11-06 17:12:41,267 - INFO - OLED (unavailable): 127.0.0.01 |  |  | 
2025-11-06 17:12:41,268 - INFO - 
Setup dari flash disk selesai.
2025-11-06 17:12:41,269 - INFO - OLED (unavailable): 127.0.0.01 |  |  | 
2025-11-06 17:12:41,515 - INFO - ✅ OLED display initialized successfully
2025-11-06 17:12:41,516 - INFO - Sistem dimulai. Alamat IP: 127.0.0.01
2025-11-06 17:12:41,659 - INFO - OLED: 127.0.0.01 |  |  | 
2025-11-06 17:12:43,827 - INFO - ✅ Connected to None:None
2025-11-06 17:12:43,976 - INFO - OLED: 127.0.0.01 |  |  | 
2025-11-06 17:12:43,984 - INFO - ✅ LPR connected
2025-11-06 17:12:43,985 - INFO - ✅ Emoney reader connected
2025-11-06 17:12:44,151 - INFO - ✅ RFID reader connected
2025-11-06 17:12:46,879 - INFO - OLED: 127.0.0.01 |  |  | 
2025-11-06 17:12:46,888 - INFO - OLED: 127.0.0.01 |  |  | 
2025-11-06 17:12:47,078 - INFO - OLED: 127.0.0.01 |  |  | 
2025-11-06 17:12:47,905 - INFO - License Plate Detected: BG1481HW  
2025-11-06 17:12:49,421 - INFO - OLED: 127.0.0.01 |  |  | 
2025-11-06 17:12:49,422 - INFO - LPR: File lpr saved successfully
2025-11-06 17:12:51,331 - INFO - OLED: 127.0.0.01 |  |  | 
2025-11-06 17:14:00,970 - INFO - Sistem dimulai. Alamat IP: 127.0.0.01
2025-11-06 17:14:00,971 - INFO - OLED (unavailable): 127.0.0.01 |  |  | 
2025-11-06 17:14:00,971 - INFO - 
🚀 Memulai setup dari flash disk...
2025-11-06 17:14:00,972 - INFO - OLED (unavailable): 127.0.0.01 |  |  | 
2025-11-06 17:14:00,973 - INFO - Memindai drive removable (flash disk)...
2025-11-06 17:14:00,973 - INFO - OLED (unavailable): 127.0.0.01 |  |  | 
2025-11-06 17:14:00,976 - INFO - Drive (Linux fallback) terdeteksi: ['/media/pi/D066-6CE3']
2025-11-06 17:14:00,977 - INFO - OLED (unavailable): 127.0.0.01 |  |  | 
2025-11-06 17:14:00,978 - INFO - Drive final ditemukan: ['/media/pi/D066-6CE3']
2025-11-06 17:14:00,979 - INFO - OLED (unavailable): 127.0.0.01 |  |  | 
2025-11-06 17:14:00,979 - INFO - Mencari file .env di: /media/pi/D066-6CE3/.env
2025-11-06 17:14:00,980 - INFO - OLED (unavailable): 127.0.0.01 |  |  | 
2025-11-06 17:14:00,981 - INFO - ✅ File .env ditemukan di: /media/pi/D066-6CE3
2025-11-06 17:14:00,982 - INFO - OLED (unavailable): 127.0.0.01 |  |  | 
2025-11-06 17:14:00,985 - INFO - ✅ BERHASIL: File .env disalin ke ./.env
2025-11-06 17:14:00,986 - INFO - OLED (unavailable): 127.0.0.01 |  |  | 
2025-11-06 17:14:00,986 - INFO - Memuat variabel dari ./.env...
2025-11-06 17:14:00,988 - INFO - OLED (unavailable): 127.0.0.01 |  |  | 
2025-11-06 17:14:01,011 - INFO - ✅ Variabel lingkungan (environment) berhasil dimuat.
2025-11-06 17:14:01,013 - INFO - OLED (unavailable): 127.0.0.01 |  |  | 
2025-11-06 17:14:01,021 - INFO - Variabel 'BACKGROUND_IMAGE' ditemukan: parking.jpg
2025-11-06 17:14:01,022 - INFO - OLED (unavailable): 127.0.0.01 |  |  | 
2025-11-06 17:14:01,023 - INFO - Mencari file aset di: /media/pi/D066-6CE3/parking.jpg
2025-11-06 17:14:01,024 - INFO - OLED (unavailable): 127.0.0.01 |  |  | 
2025-11-06 17:14:01,046 - INFO - ✅ BERHASIL: File 'parking.jpg' disalin ke ./assets/parking.jpg
2025-11-06 17:14:01,047 - INFO - OLED (unavailable): 127.0.0.01 |  |  | 
2025-11-06 17:14:01,047 - INFO - 
Setup dari flash disk selesai.
2025-11-06 17:14:01,048 - INFO - OLED (unavailable): 127.0.0.01 |  |  | 
2025-11-06 17:14:01,283 - INFO - ✅ OLED display initialized successfully
2025-11-06 17:14:03,455 - INFO - ✅ Connected to None:None
2025-11-06 17:14:03,600 - INFO - OLED: 127.0.0.01 |  |  | 
2025-11-06 17:14:03,608 - INFO - ✅ Emoney reader connected
2025-11-06 17:14:03,783 - INFO - ✅ RFID reader connected
2025-11-06 17:14:03,802 - INFO - ✅ LPR connected
2025-11-06 17:14:06,764 - INFO - OLED: 127.0.0.01 |  |  | 
2025-11-06 17:14:06,768 - INFO - OLED: 127.0.0.01 |  |  | 
2025-11-06 17:14:06,770 - INFO - OLED: 127.0.0.01 |  |  | 
2025-11-06 17:17:39,496 - INFO - Error getting ip: name 'subprocess' is not defined
2025-11-06 17:17:39,497 - INFO - Sistem dimulai. Alamat IP: 127.0.0.01
2025-11-06 17:17:39,497 - INFO - OLED (unavailable): 127.0.0.01 |  |  | 
2025-11-06 17:17:39,498 - INFO - 
🚀 Memulai setup dari flash disk...
2025-11-06 17:17:39,499 - INFO - OLED (unavailable): 127.0.0.01 |  |  | 
2025-11-06 17:17:39,500 - INFO - Memindai drive removable (flash disk)...
2025-11-06 17:17:39,501 - INFO - OLED (unavailable): 127.0.0.01 |  |  | 
2025-11-06 17:17:39,504 - INFO - Drive (Linux fallback) terdeteksi: ['/media/pi/D066-6CE3']
2025-11-06 17:17:39,505 - INFO - OLED (unavailable): 127.0.0.01 |  |  | 
2025-11-06 17:17:39,506 - INFO - Drive final ditemukan: ['/media/pi/D066-6CE3']
2025-11-06 17:17:39,507 - INFO - OLED (unavailable): 127.0.0.01 |  |  | 
2025-11-06 17:17:39,508 - INFO - Mencari file .env di: /media/pi/D066-6CE3/.env
2025-11-06 17:17:39,509 - INFO - OLED (unavailable): 127.0.0.01 |  |  | 
2025-11-06 17:17:39,511 - INFO - ✅ File .env ditemukan di: /media/pi/D066-6CE3
2025-11-06 17:17:39,512 - INFO - OLED (unavailable): 127.0.0.01 |  |  | 
2025-11-06 17:17:39,514 - INFO - ✅ BERHASIL: File .env disalin ke ./.env
2025-11-06 17:17:39,515 - INFO - OLED (unavailable): 127.0.0.01 |  |  | 
2025-11-06 17:17:39,516 - INFO - Memuat variabel dari ./.env...
2025-11-06 17:17:39,518 - INFO - OLED (unavailable): 127.0.0.01 |  |  | 
2025-11-06 17:17:39,538 - INFO - ✅ Variabel lingkungan (environment) berhasil dimuat.
2025-11-06 17:17:39,540 - INFO - OLED (unavailable): 127.0.0.01 |  |  | 
2025-11-06 17:17:39,541 - INFO - Variabel 'BACKGROUND_IMAGE' ditemukan: parking.jpg
2025-11-06 17:17:39,542 - INFO - OLED (unavailable): 127.0.0.01 |  |  | 
2025-11-06 17:17:39,543 - INFO - Mencari file aset di: /media/pi/D066-6CE3/parking.jpg
2025-11-06 17:17:39,543 - INFO - OLED (unavailable): 127.0.0.01 |  |  | 
2025-11-06 17:17:39,564 - INFO - ✅ BERHASIL: File 'parking.jpg' disalin ke ./assets/parking.jpg
2025-11-06 17:17:39,565 - INFO - OLED (unavailable): 127.0.0.01 |  |  | 
2025-11-06 17:17:39,566 - INFO - 
Setup dari flash disk selesai.
2025-11-06 17:17:39,566 - INFO - OLED (unavailable): 127.0.0.01 |  |  | 
2025-11-06 17:17:39,798 - INFO - ✅ OLED display initialized successfully
2025-11-06 17:17:41,982 - INFO - ✅ Connected to None:None
2025-11-06 17:17:42,131 - INFO - OLED: 127.0.0.01 |  |  | 
2025-11-06 17:17:42,139 - INFO - ✅ Emoney reader connected
2025-11-06 17:17:42,140 - INFO - ✅ RFID reader connected
2025-11-06 17:17:42,345 - INFO - ✅ LPR connected
2025-11-06 17:17:44,786 - INFO - OLED: 127.0.0.01 |  |  | 
2025-11-06 17:17:45,139 - INFO - OLED: 127.0.0.01 |  |  | 
2025-11-06 17:17:45,142 - INFO - OLED: 127.0.0.01 |  |  | 
2025-11-06 17:18:19,789 - INFO - License Plate Detected: A1359RE   
2025-11-06 17:18:21,342 - INFO - OLED: 127.0.0.01 |  |  | 
2025-11-06 17:18:21,346 - INFO - LPR: File lpr saved successfully
2025-11-06 17:18:22,879 - INFO - OLED: 127.0.0.01 |  |  | 
2025-11-06 17:18:55,577 - INFO - Raspberry PI IP: 192.168.99.31
2025-11-06 17:18:55,578 - INFO - Sistem dimulai. Alamat IP: 192.168.99.31
2025-11-06 17:18:55,579 - INFO - OLED (unavailable): 192.168.99.31 |  |  | 
2025-11-06 17:18:55,579 - INFO - 
🚀 Memulai setup dari flash disk...
2025-11-06 17:18:55,580 - INFO - OLED (unavailable): 192.168.99.31 |  |  | 
2025-11-06 17:18:55,581 - INFO - Memindai drive removable (flash disk)...
2025-11-06 17:18:55,582 - INFO - OLED (unavailable): 192.168.99.31 |  |  | 
2025-11-06 17:18:55,585 - INFO - Drive (Linux fallback) terdeteksi: ['/media/pi/D066-6CE3']
2025-11-06 17:18:55,586 - INFO - OLED (unavailable): 192.168.99.31 |  |  | 
2025-11-06 17:18:55,587 - INFO - Drive final ditemukan: ['/media/pi/D066-6CE3']
2025-11-06 17:18:55,587 - INFO - OLED (unavailable): 192.168.99.31 |  |  | 
2025-11-06 17:18:55,588 - INFO - Mencari file .env di: /media/pi/D066-6CE3/.env
2025-11-06 17:18:55,589 - INFO - OLED (unavailable): 192.168.99.31 |  |  | 
2025-11-06 17:18:55,590 - INFO - ✅ File .env ditemukan di: /media/pi/D066-6CE3
2025-11-06 17:18:55,591 - INFO - OLED (unavailable): 192.168.99.31 |  |  | 
2025-11-06 17:18:55,594 - INFO - ✅ BERHASIL: File .env disalin ke ./.env
2025-11-06 17:18:55,595 - INFO - OLED (unavailable): 192.168.99.31 |  |  | 
2025-11-06 17:18:55,596 - INFO - Memuat variabel dari ./.env...
2025-11-06 17:18:55,596 - INFO - OLED (unavailable): 192.168.99.31 |  |  | 
2025-11-06 17:18:55,616 - INFO - ✅ Variabel lingkungan (environment) berhasil dimuat.
2025-11-06 17:18:55,617 - INFO - OLED (unavailable): 192.168.99.31 |  |  | 
2025-11-06 17:18:55,618 - INFO - Variabel 'BACKGROUND_IMAGE' ditemukan: parking.jpg
2025-11-06 17:18:55,618 - INFO - OLED (unavailable): 192.168.99.31 |  |  | 
2025-11-06 17:18:55,619 - INFO - Mencari file aset di: /media/pi/D066-6CE3/parking.jpg
2025-11-06 17:18:55,620 - INFO - OLED (unavailable): 192.168.99.31 |  |  | 
2025-11-06 17:18:55,643 - INFO - ✅ BERHASIL: File 'parking.jpg' disalin ke ./assets/parking.jpg
2025-11-06 17:18:55,644 - INFO - OLED (unavailable): 192.168.99.31 |  |  | 
2025-11-06 17:18:55,644 - INFO - 
Setup dari flash disk selesai.
2025-11-06 17:18:55,645 - INFO - OLED (unavailable): 192.168.99.31 |  |  | 
2025-11-06 17:18:55,875 - INFO - ✅ OLED display initialized successfully
2025-11-06 17:18:58,025 - INFO - ✅ Connected to None:None
2025-11-06 17:18:58,169 - INFO - OLED: 192.168.99.31 |  |  | 
2025-11-06 17:18:58,178 - INFO - ✅ Emoney reader connected
2025-11-06 17:18:58,179 - INFO - ✅ RFID reader connected
2025-11-06 17:18:58,371 - INFO - ✅ LPR connected
2025-11-06 17:19:00,827 - INFO - OLED: 192.168.99.31 |  |  | 
2025-11-06 17:19:01,183 - INFO - OLED: 192.168.99.31 |  |  | 
2025-11-06 17:19:01,187 - INFO - OLED: 192.168.99.31 |  |  | 
2025-11-06 17:20:24,233 - INFO - Raspberry PI IP: 192.168.99.31
2025-11-06 17:20:24,235 - INFO - Sistem dimulai. Alamat IP: 192.168.99.31
2025-11-06 17:20:24,236 - INFO - OLED (unavailable): 192.168.99.31 | Sistem dimulai. Alamat IP: 192.168.99.31 |  | 
2025-11-06 17:20:24,237 - INFO - 
🚀 Memulai setup dari flash disk...
2025-11-06 17:20:24,238 - INFO - OLED (unavailable): 192.168.99.31 | 
🚀 Memulai setup dari flash disk... |  | 
2025-11-06 17:20:24,238 - INFO - Memindai drive removable (flash disk)...
2025-11-06 17:20:24,239 - INFO - OLED (unavailable): 192.168.99.31 | Memindai drive removable (flash disk)... |  | 
2025-11-06 17:20:24,242 - INFO - Drive (Linux fallback) terdeteksi: ['/media/pi/D066-6CE3']
2025-11-06 17:20:24,243 - INFO - OLED (unavailable): 192.168.99.31 | Drive (Linux fallback) terdeteksi: ['/media/pi/D066-6CE3'] |  | 
2025-11-06 17:20:24,244 - INFO - Drive final ditemukan: ['/media/pi/D066-6CE3']
2025-11-06 17:20:24,245 - INFO - OLED (unavailable): 192.168.99.31 | Drive final ditemukan: ['/media/pi/D066-6CE3'] |  | 
2025-11-06 17:20:24,245 - INFO - Mencari file .env di: /media/pi/D066-6CE3/.env
2025-11-06 17:20:24,246 - INFO - OLED (unavailable): 192.168.99.31 | Mencari file .env di: /media/pi/D066-6CE3/.env |  | 
2025-11-06 17:20:24,247 - INFO - ✅ File .env ditemukan di: /media/pi/D066-6CE3
2025-11-06 17:20:24,248 - INFO - OLED (unavailable): 192.168.99.31 | ✅ File .env ditemukan di: /media/pi/D066-6CE3 |  | 
2025-11-06 17:20:24,251 - INFO - ✅ BERHASIL: File .env disalin ke ./.env
2025-11-06 17:20:24,253 - INFO - OLED (unavailable): 192.168.99.31 | ✅ BERHASIL: File .env disalin ke ./.env |  | 
2025-11-06 17:20:24,254 - INFO - Memuat variabel dari ./.env...
2025-11-06 17:20:24,254 - INFO - OLED (unavailable): 192.168.99.31 | Memuat variabel dari ./.env... |  | 
2025-11-06 17:20:24,275 - INFO - ✅ Variabel lingkungan (environment) berhasil dimuat.
2025-11-06 17:20:24,277 - INFO - OLED (unavailable): 192.168.99.31 | ✅ Variabel lingkungan (environment) berhasil dimuat. |  | 
2025-11-06 17:20:24,278 - INFO - Variabel 'BACKGROUND_IMAGE' ditemukan: parking.jpg
2025-11-06 17:20:24,279 - INFO - OLED (unavailable): 192.168.99.31 | Variabel 'BACKGROUND_IMAGE' ditemukan: parking.jpg |  | 
2025-11-06 17:20:24,280 - INFO - Mencari file aset di: /media/pi/D066-6CE3/parking.jpg
2025-11-06 17:20:24,280 - INFO - OLED (unavailable): 192.168.99.31 | Mencari file aset di: /media/pi/D066-6CE3/parking.jpg |  | 
2025-11-06 17:20:24,301 - INFO - ✅ BERHASIL: File 'parking.jpg' disalin ke ./assets/parking.jpg
2025-11-06 17:20:24,302 - INFO - OLED (unavailable): 192.168.99.31 | ✅ BERHASIL: File 'parking.jpg' disalin ke ./assets/parking.jpg |  | 
2025-11-06 17:20:24,303 - INFO - 
Setup dari flash disk selesai.
2025-11-06 17:20:24,304 - INFO - OLED (unavailable): 192.168.99.31 | 
Setup dari flash disk selesai. |  | 
2025-11-06 17:20:24,536 - INFO - ✅ OLED display initialized successfully
2025-11-06 17:20:26,700 - INFO - ✅ Connected to None:None
2025-11-06 17:20:26,704 - ERROR - ❌ OLED display error: 'latin-1' codec can't encode character '\u2705' in position 0: ordinal not in range(256)
2025-11-06 17:20:26,719 - INFO - ✅ Emoney reader connected
2025-11-06 17:20:26,721 - INFO - OLED (unavailable): 192.168.99.31 | ✅ Emoney reader connected |  | 
2025-11-06 17:20:26,724 - INFO - ✅ RFID reader connected
2025-11-06 17:20:26,729 - INFO - OLED (unavailable): 192.168.99.31 | ✅ RFID reader connected |  | 
2025-11-06 17:20:26,732 - INFO - ✅ LPR connected
2025-11-06 17:20:26,932 - INFO - OLED (unavailable): 192.168.99.31 | ✅ LPR connected |  | 
2025-11-06 20:24:41,929 - INFO - Raspberry PI IP: 192.168.99.31
2025-11-06 20:24:41,931 - INFO - Sistem dimulai. Alamat IP: 192.168.99.31
2025-11-06 20:24:41,931 - INFO - OLED (unavailable): 192.168.99.31 |  |  | 
2025-11-06 20:24:41,932 - INFO - 
🚀 Memulai setup dari flash disk...
2025-11-06 20:24:41,933 - INFO - OLED (unavailable): 192.168.99.31 |  |  | 
2025-11-06 20:24:41,934 - INFO - Memindai drive removable (flash disk)...
2025-11-06 20:24:41,935 - INFO - OLED (unavailable): 192.168.99.31 |  |  | 
2025-11-06 20:24:41,938 - INFO - Drive (Linux fallback) terdeteksi: ['/media/pi/D066-6CE3']
2025-11-06 20:24:41,940 - INFO - OLED (unavailable): 192.168.99.31 |  |  | 
2025-11-06 20:24:41,941 - INFO - Drive final ditemukan: ['/media/pi/D066-6CE3']
2025-11-06 20:24:41,942 - INFO - OLED (unavailable): 192.168.99.31 |  |  | 
2025-11-06 20:24:41,943 - INFO - Mencari file .env di: /media/pi/D066-6CE3/.env
2025-11-06 20:24:41,944 - INFO - OLED (unavailable): 192.168.99.31 |  |  | 
2025-11-06 20:24:41,945 - INFO - ✅ File .env ditemukan di: /media/pi/D066-6CE3
2025-11-06 20:24:41,946 - INFO - OLED (unavailable): 192.168.99.31 |  |  | 
2025-11-06 20:24:41,948 - INFO - ✅ BERHASIL: File .env disalin ke ./.env
2025-11-06 20:24:41,949 - INFO - OLED (unavailable): 192.168.99.31 |  |  | 
2025-11-06 20:24:41,950 - INFO - Memuat variabel dari ./.env...
2025-11-06 20:24:41,951 - INFO - OLED (unavailable): 192.168.99.31 |  |  | 
2025-11-06 20:24:41,979 - INFO - ✅ Variabel lingkungan (environment) berhasil dimuat.
2025-11-06 20:24:41,980 - INFO - OLED (unavailable): 192.168.99.31 |  |  | 
2025-11-06 20:24:41,981 - INFO - Variabel 'BACKGROUND_IMAGE' ditemukan: parking.jpg
2025-11-06 20:24:41,983 - INFO - OLED (unavailable): 192.168.99.31 |  |  | 
2025-11-06 20:24:41,984 - INFO - Mencari file aset di: /media/pi/D066-6CE3/parking.jpg
2025-11-06 20:24:41,985 - INFO - OLED (unavailable): 192.168.99.31 |  |  | 
2025-11-06 20:24:42,083 - INFO - ✅ BERHASIL: File 'parking.jpg' disalin ke ./assets/parking.jpg
2025-11-06 20:24:42,084 - INFO - OLED (unavailable): 192.168.99.31 |  |  | 
2025-11-06 20:24:42,085 - INFO - 
Setup dari flash disk selesai.
2025-11-06 20:24:42,085 - INFO - OLED (unavailable): 192.168.99.31 |  |  | 
2025-11-06 20:24:42,446 - INFO - ✅ OLED display initialized successfully
2025-11-06 20:24:44,861 - INFO - ✅ Connected to None:None
2025-11-06 20:24:45,003 - INFO - OLED: 192.168.99.31 |  |  | 
2025-11-06 20:24:45,010 - INFO - ✅ Emoney reader connected
2025-11-06 20:24:45,012 - INFO - ✅ RFID reader connected
2025-11-06 20:24:45,017 - INFO - ✅ LPR connected
2025-11-06 20:24:47,934 - INFO - OLED: 192.168.99.31 |  |  | 
2025-11-06 20:24:47,936 - INFO - OLED: 192.168.99.31 |  |  | 
2025-11-06 20:24:47,947 - INFO - OLED: 192.168.99.31 |  |  | 
2025-11-06 20:25:24,532 - INFO - 🚗 Kendaraan terdeteksi: SPIN001
2025-11-06 20:25:25,801 - INFO - OLED: 192.168.99.31 |  |  | 
2025-11-06 20:25:29,548 - INFO - Sistem SIBUK oleh Tombol Tiket. Tipe: SPIN001
2025-11-06 20:25:31,118 - INFO - OLED: 192.168.99.31 |  |  | 
2025-11-06 20:25:31,122 - INFO - 🎟️ Tombol tiket ditekan untuk Tipe: SPIN001
2025-11-06 20:25:33,022 - INFO - OLED: 192.168.99.31 |  |  | 
2025-11-06 20:25:33,026 - INFO - ✅ PROSES TIKET DIMULAI...
2025-11-06 20:25:34,720 - INFO - OLED: 192.168.99.31 |  |  | 
2025-11-06 20:25:35,246 - INFO - Validasi Online Sukses. Memulai print...
2025-11-06 20:25:36,653 - INFO - OLED: 192.168.99.31 |  |  | 
2025-11-06 20:25:37,425 - INFO - Error initializing printer (utama): Device not found (Unable to open USB printer on ('0x0483', '0x5743'):
USB device not found (Device ('0x0483', '0x5743') not found or cable not plugged in.))
2025-11-06 20:25:39,112 - INFO - OLED: 192.168.99.31 |  |  | 
2025-11-06 20:25:39,466 - INFO - USB printer enabled
2025-11-06 20:25:39,472 - INFO - Fallback printer initialized.
2025-11-06 20:25:41,072 - INFO - OLED: 192.168.99.31 |  |  | 
2025-11-06 20:25:41,077 - INFO - {
  "device_id": 1,
  "member_id": 0,
  "compliment_id": 0,
  "ticket_code": "PRK20251106202535265",
  "start_time": "2025-11-06 20:25:35",
  "foto": null,
  "plat": "A1359RE",
  "status": "Online",
  "type_transaction": "ticket",
  "jenis_kendaraan": "Motor",
  "updated_at": "2025-11-06T13:25:35.000000Z",
  "created_at": "2025-11-06T13:25:35.000000Z",
  "id": 9,
  "device_name": "IN MOTOR"
}
2025-11-06 20:25:42,950 - INFO - OLED: 192.168.99.31 |  |  | 
2025-11-06 20:25:44,704 - INFO - === SELESAI print, akan cut ===
2025-11-06 20:25:46,271 - INFO - OLED: 192.168.99.31 |  |  | 
2025-11-06 20:25:46,468 - INFO - Success print ticket (Online)
2025-11-06 20:25:48,243 - INFO - OLED: 192.168.99.31 |  |  | 
2025-11-06 20:25:48,422 - INFO - Closing Usb connection to printer (1155, 22339)
2025-11-06 20:25:48,443 - INFO - Validasi sukses, Buka Palang.
2025-11-06 20:25:50,034 - INFO - OLED: 192.168.99.31 |  |  | 
2025-11-06 20:25:50,230 - INFO - ✅ Coil 0 set to ON
2025-11-06 20:25:51,897 - INFO - OLED: 192.168.99.31 |  |  | 
2025-11-06 20:25:51,919 - INFO - Proses Tiket sukses. Sistem menunggu kendaraan pergi.
2025-11-06 20:25:52,204 - INFO - OLED: 192.168.99.31 |  |  | 
2025-11-06 20:25:59,103 - INFO - ⚪ Kendaraan meninggalkan loop sensor
2025-11-06 20:25:59,411 - INFO - OLED: 192.168.99.31 |  |  | 
2025-11-06 20:25:59,414 - INFO - ✅ Sistem SIAP kembali (Kendaraan Pergi).
2025-11-06 20:26:01,045 - INFO - OLED: 192.168.99.31 |  |  | 
2025-11-06 20:26:02,577 - INFO - 🚗 Kendaraan terdeteksi: SPIN001
2025-11-06 20:26:04,355 - INFO - OLED: 192.168.99.31 |  |  | 
2025-11-06 20:26:06,594 - INFO - Sistem SIBUK oleh Tombol Tiket. Tipe: SPIN001
2025-11-06 20:26:08,164 - INFO - OLED: 192.168.99.31 |  |  | 
2025-11-06 20:26:08,173 - INFO - 🎟️ Tombol tiket ditekan untuk Tipe: SPIN001
2025-11-06 20:26:09,421 - INFO - License Plate Detected: BB2031GNS 
2025-11-06 20:26:10,161 - INFO - OLED: 192.168.99.31 |  |  | 
2025-11-06 20:26:10,163 - INFO - ✅ PROSES TIKET DIMULAI...
2025-11-06 20:26:12,089 - INFO - OLED: 192.168.99.31 |  |  | 
2025-11-06 20:26:12,092 - INFO - LPR: File lpr saved successfully
2025-11-06 20:26:12,503 - INFO - OLED: 192.168.99.31 |  |  | 
2025-11-06 20:26:12,882 - INFO - Validasi Online Sukses. Memulai print...
2025-11-06 20:26:14,460 - INFO - OLED: 192.168.99.31 |  |  | 
2025-11-06 20:26:15,012 - INFO - OLED: 192.168.99.31 |  |  | 
2025-11-06 20:26:15,201 - INFO - Error initializing printer (utama): Device not found (Unable to open USB printer on ('0x0483', '0x5743'):
USB device not found (Device ('0x0483', '0x5743') not found or cable not plugged in.))
2025-11-06 20:26:16,753 - INFO - OLED: 192.168.99.31 |  |  | 
2025-11-06 20:26:17,132 - INFO - USB printer enabled
2025-11-06 20:26:17,138 - INFO - Fallback printer initialized.
2025-11-06 20:26:18,838 - INFO - OLED: 192.168.99.31 |  |  | 
2025-11-06 20:26:18,844 - INFO - {
  "device_id": 1,
  "member_id": 0,
  "compliment_id": 0,
  "ticket_code": "PRK20251106202612855",
  "start_time": "2025-11-06 20:26:12",
  "foto": null,
  "plat": "BB2031GNS",
  "status": "Online",
  "type_transaction": "ticket",
  "jenis_kendaraan": "Motor",
  "updated_at": "2025-11-06T13:26:12.000000Z",
  "created_at": "2025-11-06T13:26:12.000000Z",
  "id": 10,
  "device_name": "IN MOTOR"
}
2025-11-06 20:26:20,435 - INFO - OLED: 192.168.99.31 |  |  | 
2025-11-06 20:26:21,645 - INFO - === SELESAI print, akan cut ===
2025-11-06 20:26:23,095 - INFO - OLED: 192.168.99.31 |  |  | 
2025-11-06 20:26:23,288 - INFO - Success print ticket (Online)
2025-11-06 20:26:24,824 - INFO - OLED: 192.168.99.31 |  |  | 
2025-11-06 20:26:24,826 - INFO - Closing Usb connection to printer (1155, 22339)
2025-11-06 20:26:24,829 - INFO - Validasi sukses, Buka Palang.
2025-11-06 20:26:26,439 - INFO - OLED: 192.168.99.31 |  |  | 
2025-11-06 20:26:26,810 - INFO - ✅ Coil 0 set to ON
2025-11-06 20:26:28,405 - INFO - OLED: 192.168.99.31 |  |  | 
2025-11-06 20:26:28,431 - INFO - Proses Tiket sukses. Sistem menunggu kendaraan pergi.
2025-11-06 20:26:28,715 - INFO - OLED: 192.168.99.31 |  |  | 
2025-11-06 20:26:41,541 - INFO - ⚪ Kendaraan meninggalkan loop sensor
2025-11-06 20:26:41,827 - INFO - OLED: 192.168.99.31 |  |  | 
2025-11-06 20:26:41,833 - INFO - ✅ Sistem SIAP kembali (Kendaraan Pergi).
2025-11-06 20:26:43,399 - INFO - OLED: 192.168.99.31 |  |  | 
2025-11-06 20:26:44,120 - INFO - 🚗 Kendaraan terdeteksi: SPIN001
2025-11-06 20:26:45,674 - INFO - OLED: 192.168.99.31 |  |  | 
2025-11-06 20:26:50,553 - INFO - License Plate Detected: E2367OGB  
2025-11-06 20:26:50,753 - INFO - Sistem SIBUK oleh Tombol Tiket. Tipe: SPIN001
2025-11-06 20:26:52,835 - INFO - OLED: 192.168.99.31 |  |  | 
2025-11-06 20:26:53,024 - INFO - LPR: File lpr saved successfully
2025-11-06 20:26:53,260 - INFO - OLED: 192.168.99.31 |  |  | 
2025-11-06 20:26:53,263 - INFO - 🎟️ Tombol tiket ditekan untuk Tipe: SPIN001
2025-11-06 20:26:55,572 - INFO - OLED: 192.168.99.31 |  |  | 
2025-11-06 20:26:55,936 - INFO - OLED: 192.168.99.31 |  |  | 
2025-11-06 20:26:55,939 - INFO - ✅ PROSES TIKET DIMULAI...
2025-11-06 20:26:57,489 - INFO - OLED: 192.168.99.31 |  |  | 
2025-11-06 20:26:57,888 - INFO - Validasi Online Sukses. Memulai print...
2025-11-06 20:26:59,831 - INFO - OLED: 192.168.99.31 |  |  | 
2025-11-06 20:26:59,854 - INFO - Error initializing printer (utama): Device not found (Unable to open USB printer on ('0x0483', '0x5743'):
USB device not found (Device ('0x0483', '0x5743') not found or cable not plugged in.))
2025-11-06 20:27:01,632 - INFO - OLED: 192.168.99.31 |  |  | 
2025-11-06 20:27:01,993 - INFO - USB printer enabled
2025-11-06 20:27:01,995 - INFO - Fallback printer initialized.
2025-11-06 20:27:03,568 - INFO - OLED: 192.168.99.31 |  |  | 
2025-11-06 20:27:03,572 - INFO - {
  "device_id": 1,
  "member_id": 0,
  "compliment_id": 0,
  "ticket_code": "PRK20251106202657459",
  "start_time": "2025-11-06 20:26:57",
  "foto": null,
  "plat": "E2367OGB",
  "status": "Online",
  "type_transaction": "ticket",
  "jenis_kendaraan": "Motor",
  "updated_at": "2025-11-06T13:26:57.000000Z",
  "created_at": "2025-11-06T13:26:57.000000Z",
  "id": 11,
  "device_name": "IN MOTOR"
}
2025-11-06 20:27:05,481 - INFO - OLED: 192.168.99.31 |  |  | 
2025-11-06 20:27:07,083 - INFO - === SELESAI print, akan cut ===
2025-11-06 20:27:08,790 - INFO - OLED: 192.168.99.31 |  |  | 
2025-11-06 20:27:08,985 - INFO - Success print ticket (Online)
2025-11-06 20:27:10,502 - INFO - OLED: 192.168.99.31 |  |  | 
2025-11-06 20:27:10,505 - INFO - Closing Usb connection to printer (1155, 22339)
2025-11-06 20:27:10,508 - INFO - Validasi sukses, Buka Palang.
2025-11-06 20:27:12,223 - INFO - OLED: 192.168.99.31 |  |  | 
2025-11-06 20:27:12,400 - INFO - ✅ Coil 0 set to ON
2025-11-06 20:27:13,967 - INFO - OLED: 192.168.99.31 |  |  | 
2025-11-06 20:27:13,974 - INFO - Proses Tiket sukses. Sistem menunggu kendaraan pergi.
2025-11-06 20:27:14,242 - INFO - OLED: 192.168.99.31 |  |  | 
2025-11-06 20:28:02,169 - INFO - Raspberry PI IP: 192.168.99.31
2025-11-06 20:28:02,170 - INFO - Sistem dimulai. Alamat IP: 192.168.99.31
2025-11-06 20:28:02,171 - INFO - 
🚀 Memulai setup dari flash disk...
2025-11-06 20:28:02,172 - INFO - Memindai drive removable (flash disk)...
2025-11-06 20:28:02,175 - INFO - Drive (Linux fallback) terdeteksi: ['/media/pi/D066-6CE3']
2025-11-06 20:28:02,176 - INFO - Drive final ditemukan: ['/media/pi/D066-6CE3']
2025-11-06 20:28:02,177 - INFO - Mencari file .env di: /media/pi/D066-6CE3/.env
2025-11-06 20:28:02,178 - INFO - ✅ File .env ditemukan di: /media/pi/D066-6CE3
2025-11-06 20:28:02,181 - INFO - ✅ BERHASIL: File .env disalin ke ./.env
2025-11-06 20:28:02,182 - INFO - Memuat variabel dari ./.env...
2025-11-06 20:28:02,203 - INFO - ✅ Variabel lingkungan (environment) berhasil dimuat.
2025-11-06 20:28:02,205 - INFO - Variabel 'BACKGROUND_IMAGE' ditemukan: parking.jpg
2025-11-06 20:28:02,206 - INFO - Mencari file aset di: /media/pi/D066-6CE3/parking.jpg
2025-11-06 20:28:02,229 - INFO - ✅ BERHASIL: File 'parking.jpg' disalin ke ./assets/parking.jpg
2025-11-06 20:28:02,230 - INFO - 
Setup dari flash disk selesai.
2025-11-06 20:28:02,458 - INFO - ✅ OLED display initialized successfully
2025-11-06 20:28:04,608 - INFO - ✅ Connected to None:None
2025-11-06 20:28:04,627 - INFO - ✅ Emoney reader connected
2025-11-06 20:28:04,632 - INFO - ✅ LPR connected
2025-11-06 20:28:04,634 - INFO - ✅ RFID reader connected
2025-11-06 20:28:04,825 - INFO - 🚗 Kendaraan terdeteksi: SPIN001
2025-11-06 20:28:22,474 - INFO - Sistem SIBUK oleh Tombol Tiket. Tipe: SPIN001
2025-11-06 20:28:22,497 - INFO - 🎟️ Tombol tiket ditekan untuk Tipe: SPIN001
2025-11-06 20:28:22,500 - INFO - ✅ PROSES TIKET DIMULAI...
2025-11-06 20:28:23,052 - INFO - Validasi Online Sukses. Memulai print...
2025-11-06 20:28:23,983 - INFO - Error initializing printer (utama): Device not found (Unable to open USB printer on ('0x0483', '0x5743'):
USB device not found (Device ('0x0483', '0x5743') not found or cable not plugged in.))
2025-11-06 20:28:24,538 - INFO - USB printer enabled
2025-11-06 20:28:24,541 - INFO - Fallback printer initialized.
2025-11-06 20:28:24,543 - INFO - {
  "device_id": 1,
  "member_id": 0,
  "compliment_id": 0,
  "ticket_code": "PRK20251106202823271",
  "start_time": "2025-11-06 20:28:23",
  "foto": null,
  "plat": "E2367OGB",
  "status": "Online",
  "type_transaction": "ticket",
  "jenis_kendaraan": "Motor",
  "updated_at": "2025-11-06T13:28:23.000000Z",
  "created_at": "2025-11-06T13:28:23.000000Z",
  "id": 12,
  "device_name": "IN MOTOR"
}
2025-11-06 20:28:25,990 - INFO - === SELESAI print, akan cut ===
2025-11-06 20:28:26,182 - INFO - Success print ticket (Online)
2025-11-06 20:28:26,184 - INFO - Closing Usb connection to printer (1155, 22339)
2025-11-06 20:28:26,188 - INFO - Validasi sukses, Buka Palang.
2025-11-06 20:28:26,372 - INFO - ✅ Coil 0 set to ON
2025-11-06 20:28:26,377 - INFO - Proses Tiket sukses. Sistem menunggu kendaraan pergi.
2025-11-06 20:28:41,676 - INFO - ⚪ Kendaraan meninggalkan loop sensor
2025-11-06 20:28:41,687 - INFO - ✅ Sistem SIAP kembali (Kendaraan Pergi).
2025-11-06 20:31:37,178 - ERROR - Exception response 131 / 0
2025-11-06 20:31:37,181 - INFO - ❌ Read error (Input Loop): ExceptionResponse(dev_id=1, transaction_id=0, address=0, count=0, bits=[], registers=[], status=1)
2025-11-06 20:31:51,504 - ERROR - Exception response 131 / 0
2025-11-06 20:31:51,508 - INFO - ❌ Read error (Input Loop): ExceptionResponse(dev_id=1, transaction_id=0, address=0, count=0, bits=[], registers=[], status=1)
2025-11-06 20:32:20,693 - INFO - License Plate Detected: BF2707AMB 
2025-11-06 20:32:20,707 - INFO - LPR: File lpr saved successfully
2025-11-06 20:35:22,553 - ERROR - Exception response 131 / 0
2025-11-06 20:35:22,557 - INFO - ❌ Read error (Input Loop): ExceptionResponse(dev_id=1, transaction_id=0, address=0, count=0, bits=[], registers=[], status=1)
2025-11-06 20:35:34,815 - ERROR - Exception response 131 / 0
2025-11-06 20:35:34,824 - INFO - ❌ Read error (Input Loop): ExceptionResponse(dev_id=1, transaction_id=0, address=0, count=0, bits=[], registers=[], status=1)
2025-11-06 20:35:42,585 - ERROR - Exception response 131 / 0
2025-11-06 20:35:42,588 - INFO - ❌ Read error (Input Loop): ExceptionResponse(dev_id=1, transaction_id=0, address=0, count=0, bits=[], registers=[], status=1)
2025-11-06 21:04:24,428 - INFO - License Plate Detected: B2741KYD  
2025-11-06 21:04:24,431 - INFO - LPR: File lpr saved successfully
2025-11-07 08:23:58,447 - INFO - Raspberry PI IP: 192.168.99.31
2025-11-07 08:23:58,451 - INFO - 
🚀 Memulai setup dari flash disk...
2025-11-07 08:23:58,453 - INFO - OLED (unavailable): 192.168.99.31 |  |  | 
2025-11-07 08:23:58,454 - INFO - Memindai drive removable (flash disk)...
2025-11-07 08:23:58,455 - INFO - OLED (unavailable): 192.168.99.31 |  |  | 
2025-11-07 08:23:58,460 - INFO - Drive (Linux fallback) terdeteksi: ['/media/pi/D066-6CE3']
2025-11-07 08:23:58,462 - INFO - OLED (unavailable): 192.168.99.31 |  |  | 
2025-11-07 08:23:58,463 - INFO - Drive final ditemukan: ['/media/pi/D066-6CE3']
2025-11-07 08:23:58,465 - INFO - OLED (unavailable): 192.168.99.31 |  |  | 
2025-11-07 08:23:58,466 - INFO - Mencari file .env di: /media/pi/D066-6CE3/.env
2025-11-07 08:23:58,468 - INFO - OLED (unavailable): 192.168.99.31 |  |  | 
2025-11-07 08:23:58,470 - INFO - ✅ File .env ditemukan di: /media/pi/D066-6CE3
2025-11-07 08:23:58,472 - INFO - OLED (unavailable): 192.168.99.31 |  |  | 
2025-11-07 08:23:58,477 - INFO - ✅ BERHASIL: File .env disalin ke ./.env
2025-11-07 08:23:58,478 - INFO - OLED (unavailable): 192.168.99.31 |  |  | 
2025-11-07 08:23:58,479 - INFO - Memuat variabel dari ./.env...
2025-11-07 08:23:58,480 - INFO - OLED (unavailable): 192.168.99.31 |  |  | 
2025-11-07 08:23:58,498 - INFO - ✅ Variabel lingkungan (environment) berhasil dimuat.
2025-11-07 08:23:58,499 - INFO - OLED (unavailable): 192.168.99.31 |  |  | 
2025-11-07 08:23:58,500 - INFO - Variabel 'BACKGROUND_IMAGE' ditemukan: parking.jpg
2025-11-07 08:23:58,500 - INFO - OLED (unavailable): 192.168.99.31 |  |  | 
2025-11-07 08:23:58,501 - INFO - Mencari file aset di: /media/pi/D066-6CE3/parking.jpg
2025-11-07 08:23:58,502 - INFO - OLED (unavailable): 192.168.99.31 |  |  | 
2025-11-07 08:23:58,605 - INFO - ✅ BERHASIL: File 'parking.jpg' disalin ke ./assets/parking.jpg
2025-11-07 08:23:58,606 - INFO - OLED (unavailable): 192.168.99.31 |  |  | 
2025-11-07 08:23:58,607 - INFO - 
Setup dari flash disk selesai.
2025-11-07 08:23:58,608 - INFO - OLED (unavailable): 192.168.99.31 |  |  | 
2025-11-07 08:23:59,003 - INFO - ✅ OLED display initialized successfully
2025-11-07 08:24:01,352 - ERROR - Connection to (None, 502) failed: [Errno 111] Koneksi ditolak
2025-11-07 08:24:01,354 - INFO - ❌ Failed to connect to None:None
2025-11-07 08:24:01,495 - INFO - OLED: 192.168.99.31 |  |  | 
2025-11-07 08:24:01,497 - INFO - 
🔌 Connection closed
2025-11-07 08:24:01,634 - INFO - OLED: 192.168.99.31 |  |  | 
2025-11-07 08:24:01,635 - INFO - Program selesai
2025-11-07 08:24:01,770 - INFO - OLED: 192.168.99.31 |  |  | 
2025-11-07 08:25:12,883 - INFO - Raspberry PI IP: 192.168.99.31
2025-11-07 08:25:12,884 - INFO - 
🚀 Memulai setup dari flash disk...
2025-11-07 08:25:12,885 - INFO - OLED (unavailable): 192.168.99.31 |  |  | 
2025-11-07 08:25:12,886 - INFO - Memindai drive removable (flash disk)...
2025-11-07 08:25:12,886 - INFO - OLED (unavailable): 192.168.99.31 |  |  | 
2025-11-07 08:25:12,890 - INFO - Drive (Linux fallback) terdeteksi: ['/media/pi/D066-6CE3']
2025-11-07 08:25:12,891 - INFO - OLED (unavailable): 192.168.99.31 |  |  | 
2025-11-07 08:25:12,891 - INFO - Drive final ditemukan: ['/media/pi/D066-6CE3']
2025-11-07 08:25:12,892 - INFO - OLED (unavailable): 192.168.99.31 |  |  | 
2025-11-07 08:25:12,893 - INFO - Mencari file .env di: /media/pi/D066-6CE3/.env
2025-11-07 08:25:12,894 - INFO - OLED (unavailable): 192.168.99.31 |  |  | 
2025-11-07 08:25:12,895 - INFO - ✅ File .env ditemukan di: /media/pi/D066-6CE3
2025-11-07 08:25:12,896 - INFO - OLED (unavailable): 192.168.99.31 |  |  | 
2025-11-07 08:25:12,899 - INFO - ✅ BERHASIL: File .env disalin ke ./.env
2025-11-07 08:25:12,900 - INFO - OLED (unavailable): 192.168.99.31 |  |  | 
2025-11-07 08:25:12,900 - INFO - Memuat variabel dari ./.env...
2025-11-07 08:25:12,901 - INFO - OLED (unavailable): 192.168.99.31 |  |  | 
2025-11-07 08:25:12,928 - INFO - ✅ Variabel lingkungan (environment) berhasil dimuat.
2025-11-07 08:25:12,929 - INFO - OLED (unavailable): 192.168.99.31 |  |  | 
2025-11-07 08:25:12,930 - INFO - Variabel 'BACKGROUND_IMAGE' ditemukan: parking.jpg
2025-11-07 08:25:12,931 - INFO - OLED (unavailable): 192.168.99.31 |  |  | 
2025-11-07 08:25:12,932 - INFO - Mencari file aset di: /media/pi/D066-6CE3/parking.jpg
2025-11-07 08:25:12,933 - INFO - OLED (unavailable): 192.168.99.31 |  |  | 
2025-11-07 08:25:12,956 - INFO - ✅ BERHASIL: File 'parking.jpg' disalin ke ./assets/parking.jpg
2025-11-07 08:25:12,958 - INFO - OLED (unavailable): 192.168.99.31 |  |  | 
2025-11-07 08:25:12,960 - INFO - 
Setup dari flash disk selesai.
2025-11-07 08:25:12,961 - INFO - OLED (unavailable): 192.168.99.31 |  |  | 
2025-11-07 08:25:13,201 - INFO - ✅ OLED display initialized successfully
2025-11-07 08:25:15,326 - ERROR - Connection to (None, 502) failed: [Errno 111] Koneksi ditolak
2025-11-07 08:25:15,329 - INFO - ❌ Failed to connect to None:None
2025-11-07 08:25:15,469 - INFO - OLED: 192.168.99.31 |  |  | 
2025-11-07 08:25:15,470 - INFO - 
🔌 Connection closed
2025-11-07 08:25:15,606 - INFO - OLED: 192.168.99.31 |  |  | 
2025-11-07 08:25:15,607 - INFO - Program selesai
2025-11-07 08:25:15,742 - INFO - OLED: 192.168.99.31 |  |  | 
2025-11-07 08:25:59,555 - INFO - Raspberry PI IP: 192.168.99.31
2025-11-07 08:25:59,557 - INFO - 
🚀 Memulai setup dari flash disk...
2025-11-07 08:25:59,558 - INFO - OLED (unavailable): 192.168.99.31 |  |  | 
2025-11-07 08:25:59,559 - INFO - Memindai drive removable (flash disk)...
2025-11-07 08:25:59,559 - INFO - OLED (unavailable): 192.168.99.31 |  |  | 
2025-11-07 08:25:59,563 - INFO - Drive (Linux fallback) terdeteksi: ['/media/pi/D066-6CE3']
2025-11-07 08:25:59,564 - INFO - OLED (unavailable): 192.168.99.31 |  |  | 
2025-11-07 08:25:59,564 - INFO - Drive final ditemukan: ['/media/pi/D066-6CE3']
2025-11-07 08:25:59,565 - INFO - OLED (unavailable): 192.168.99.31 |  |  | 
2025-11-07 08:25:59,566 - INFO - Mencari file .env di: /media/pi/D066-6CE3/.env
2025-11-07 08:25:59,567 - INFO - OLED (unavailable): 192.168.99.31 |  |  | 
2025-11-07 08:25:59,568 - INFO - ✅ File .env ditemukan di: /media/pi/D066-6CE3
2025-11-07 08:25:59,569 - INFO - OLED (unavailable): 192.168.99.31 |  |  | 
2025-11-07 08:25:59,572 - INFO - ✅ BERHASIL: File .env disalin ke ./.env
2025-11-07 08:25:59,573 - INFO - OLED (unavailable): 192.168.99.31 |  |  | 
2025-11-07 08:25:59,574 - INFO - Memuat variabel dari ./.env...
2025-11-07 08:25:59,575 - INFO - OLED (unavailable): 192.168.99.31 |  |  | 
2025-11-07 08:25:59,596 - INFO - ✅ Variabel lingkungan (environment) berhasil dimuat.
2025-11-07 08:25:59,598 - INFO - OLED (unavailable): 192.168.99.31 |  |  | 
2025-11-07 08:25:59,600 - INFO - Variabel 'BACKGROUND_IMAGE' ditemukan: parking.jpg
2025-11-07 08:25:59,600 - INFO - OLED (unavailable): 192.168.99.31 |  |  | 
2025-11-07 08:25:59,601 - INFO - Mencari file aset di: /media/pi/D066-6CE3/parking.jpg
2025-11-07 08:25:59,602 - INFO - OLED (unavailable): 192.168.99.31 |  |  | 
2025-11-07 08:25:59,623 - INFO - ✅ BERHASIL: File 'parking.jpg' disalin ke ./assets/parking.jpg
2025-11-07 08:25:59,624 - INFO - OLED (unavailable): 192.168.99.31 |  |  | 
2025-11-07 08:25:59,624 - INFO - 
Setup dari flash disk selesai.
2025-11-07 08:25:59,625 - INFO - OLED (unavailable): 192.168.99.31 |  |  | 
2025-11-07 08:25:59,861 - INFO - ✅ OLED display initialized successfully
2025-11-07 08:26:01,992 - ERROR - Connection to (None, 502) failed: [Errno 111] Koneksi ditolak
2025-11-07 08:26:01,995 - INFO - ❌ Failed to connect to None:None
2025-11-07 08:26:02,156 - INFO - OLED: 192.168.99.31 |  |  | 
2025-11-07 08:26:02,157 - INFO - 
🔌 Connection closed
2025-11-07 08:26:02,295 - INFO - OLED: 192.168.99.31 |  |  | 
2025-11-07 08:26:02,296 - INFO - Program selesai
2025-11-07 08:26:02,433 - INFO - OLED: 192.168.99.31 |  |  | 
2025-11-07 08:27:33,415 - INFO - Raspberry PI IP: 192.168.99.31
2025-11-07 08:27:33,417 - INFO - 
🚀 Memulai setup dari flash disk...
2025-11-07 08:27:33,418 - INFO - OLED (unavailable): 192.168.99.31 |  |  | 
2025-11-07 08:27:33,419 - INFO - Memindai drive removable (flash disk)...
2025-11-07 08:27:33,420 - INFO - OLED (unavailable): 192.168.99.31 |  |  | 
2025-11-07 08:27:33,424 - INFO - Drive (Linux fallback) terdeteksi: ['/media/pi/D066-6CE3']
2025-11-07 08:27:33,425 - INFO - OLED (unavailable): 192.168.99.31 |  |  | 
2025-11-07 08:27:33,426 - INFO - Drive final ditemukan: ['/media/pi/D066-6CE3']
2025-11-07 08:27:33,427 - INFO - OLED (unavailable): 192.168.99.31 |  |  | 
2025-11-07 08:27:33,428 - INFO - Mencari file .env di: /media/pi/D066-6CE3/.env
2025-11-07 08:27:33,431 - INFO - OLED (unavailable): 192.168.99.31 |  |  | 
2025-11-07 08:27:33,431 - INFO - ✅ File .env ditemukan di: /media/pi/D066-6CE3
2025-11-07 08:27:33,432 - INFO - OLED (unavailable): 192.168.99.31 |  |  | 
2025-11-07 08:27:33,435 - INFO - ✅ BERHASIL: File .env disalin ke ./.env
2025-11-07 08:27:33,436 - INFO - OLED (unavailable): 192.168.99.31 |  |  | 
2025-11-07 08:27:33,437 - INFO - Memuat variabel dari ./.env...
2025-11-07 08:27:33,439 - INFO - OLED (unavailable): 192.168.99.31 |  |  | 
2025-11-07 08:27:33,465 - INFO - ✅ Variabel lingkungan (environment) berhasil dimuat.
2025-11-07 08:27:33,466 - INFO - OLED (unavailable): 192.168.99.31 |  |  | 
2025-11-07 08:27:33,467 - INFO - Variabel 'BACKGROUND_IMAGE' ditemukan: parking.jpg
2025-11-07 08:27:33,469 - INFO - OLED (unavailable): 192.168.99.31 |  |  | 
2025-11-07 08:27:33,470 - INFO - Mencari file aset di: /media/pi/D066-6CE3/parking.jpg
2025-11-07 08:27:33,472 - INFO - OLED (unavailable): 192.168.99.31 |  |  | 
2025-11-07 08:27:33,496 - INFO - ✅ BERHASIL: File 'parking.jpg' disalin ke ./assets/parking.jpg
2025-11-07 08:27:33,497 - INFO - OLED (unavailable): 192.168.99.31 |  |  | 
2025-11-07 08:27:33,498 - INFO - 
Setup dari flash disk selesai.
2025-11-07 08:27:33,499 - INFO - OLED (unavailable): 192.168.99.31 |  |  | 
2025-11-07 08:27:33,743 - INFO - ✅ OLED display initialized successfully
2025-11-07 08:27:35,868 - ERROR - Connection to (None, 502) failed: [Errno 111] Koneksi ditolak
2025-11-07 08:27:35,870 - INFO - ❌ Failed to connect to None:None
2025-11-07 08:27:36,020 - INFO - OLED: 192.168.99.31 |  |  | 
2025-11-07 08:27:36,021 - INFO - 
🔌 Connection closed
2025-11-07 08:27:36,168 - INFO - OLED: 192.168.99.31 |  |  | 
2025-11-07 08:27:36,169 - INFO - Program selesai
2025-11-07 08:27:36,314 - INFO - OLED: 192.168.99.31 |  |  | 
2025-11-07 08:28:25,874 - INFO - Raspberry PI IP: 192.168.99.31
2025-11-07 08:28:25,876 - INFO - 
🚀 Memulai setup dari flash disk...
2025-11-07 08:28:25,877 - INFO - OLED (unavailable): 192.168.99.31 |  |  | 
2025-11-07 08:28:25,877 - INFO - Memindai drive removable (flash disk)...
2025-11-07 08:28:25,878 - INFO - OLED (unavailable): 192.168.99.31 |  |  | 
2025-11-07 08:28:25,882 - INFO - Drive (Linux fallback) terdeteksi: ['/media/pi/D066-6CE3']
2025-11-07 08:28:25,883 - INFO - OLED (unavailable): 192.168.99.31 |  |  | 
2025-11-07 08:28:25,883 - INFO - Drive final ditemukan: ['/media/pi/D066-6CE3']
2025-11-07 08:28:25,884 - INFO - OLED (unavailable): 192.168.99.31 |  |  | 
2025-11-07 08:28:25,885 - INFO - Mencari file .env di: /media/pi/D066-6CE3/.env
2025-11-07 08:28:25,887 - INFO - OLED (unavailable): 192.168.99.31 |  |  | 
2025-11-07 08:28:25,888 - INFO - ✅ File .env ditemukan di: /media/pi/D066-6CE3
2025-11-07 08:28:25,889 - INFO - OLED (unavailable): 192.168.99.31 |  |  | 
2025-11-07 08:28:25,891 - INFO - ✅ BERHASIL: File .env disalin ke ./.env
2025-11-07 08:28:25,893 - INFO - OLED (unavailable): 192.168.99.31 |  |  | 
2025-11-07 08:28:25,893 - INFO - Memuat variabel dari ./.env...
2025-11-07 08:28:25,894 - INFO - OLED (unavailable): 192.168.99.31 |  |  | 
2025-11-07 08:28:25,914 - INFO - ✅ Variabel lingkungan (environment) berhasil dimuat.
2025-11-07 08:28:25,916 - INFO - OLED (unavailable): 192.168.99.31 |  |  | 
2025-11-07 08:28:25,917 - INFO - Variabel 'BACKGROUND_IMAGE' ditemukan: parking.jpg
2025-11-07 08:28:25,918 - INFO - OLED (unavailable): 192.168.99.31 |  |  | 
2025-11-07 08:28:25,920 - INFO - Mencari file aset di: /media/pi/D066-6CE3/parking.jpg
2025-11-07 08:28:25,921 - INFO - OLED (unavailable): 192.168.99.31 |  |  | 
2025-11-07 08:28:25,943 - INFO - ✅ BERHASIL: File 'parking.jpg' disalin ke ./assets/parking.jpg
2025-11-07 08:28:25,944 - INFO - OLED (unavailable): 192.168.99.31 |  |  | 
2025-11-07 08:28:25,945 - INFO - 
Setup dari flash disk selesai.
2025-11-07 08:28:25,946 - INFO - OLED (unavailable): 192.168.99.31 |  |  | 
2025-11-07 08:28:26,179 - INFO - ✅ OLED display initialized successfully
2025-11-07 08:28:28,303 - INFO - ✅ Connected to None:None
2025-11-07 08:28:28,443 - INFO - OLED: 192.168.99.31 |  |  | 
2025-11-07 08:28:28,453 - INFO - ✅ RFID reader connected
2025-11-07 08:28:28,627 - INFO - ✅ LPR connected
2025-11-07 08:28:28,635 - INFO - ✅ Emoney reader connected
2025-11-07 08:28:31,440 - INFO - OLED: 192.168.99.31 | Emoney not connected |  | 
2025-11-07 08:28:31,447 - INFO - OLED: 192.168.99.31 |  |  | 
2025-11-07 08:28:31,645 - INFO - OLED: 192.168.99.31 | RFID Connected |  | 
2025-11-07 08:28:46,591 - INFO - 🚗 Kendaraan terdeteksi: SPIN001
2025-11-07 08:28:48,152 - INFO - OLED: 192.168.99.31 | Vehicle detected | None | 
2025-11-07 08:28:53,463 - INFO - Sistem SIBUK oleh Tombol Tiket. Tipe: SPIN001
2025-11-07 08:28:55,164 - INFO - OLED: 192.168.99.31 | Button pressed | Handle print ticket | 
2025-11-07 08:28:55,181 - INFO - 🎟️ Tombol tiket ditekan untuk Tipe: SPIN001
2025-11-07 08:28:56,623 - INFO - OLED: 192.168.99.31 |  |  | 
2025-11-07 08:28:56,627 - INFO - ✅ PROSES TIKET DIMULAI...
2025-11-07 08:28:58,399 - INFO - OLED: 192.168.99.31 | Process print ticket |  | 
2025-11-07 08:28:59,130 - INFO - Validasi Online Sukses. Memulai print...
2025-11-07 08:29:00,834 - INFO - OLED: 192.168.99.31 | Process print | Online ticket | 
2025-11-07 08:29:01,955 - INFO - Error initializing printer (utama): Device not found (Unable to open USB printer on ('0x0483', '0x0483'):
USB device not found (Device ('0x0483', '0x0483') not found or cable not plugged in.))
2025-11-07 08:29:03,838 - INFO - OLED: 192.168.99.31 | Error init printer |  | 
2025-11-07 08:29:04,203 - INFO - USB printer enabled
2025-11-07 08:29:04,214 - INFO - Fallback printer initialized.
2025-11-07 08:29:05,776 - INFO - OLED: 192.168.99.31 |  |  | 
2025-11-07 08:29:05,778 - INFO - {
  "device_id": 1,
  "member_id": 0,
  "compliment_id": 0,
  "ticket_code": "PRK20251107082858503",
  "start_time": "2025-11-07 08:28:58",
  "foto": null,
  "plat": "B2741KYD",
  "status": "Online",
  "type_transaction": "ticket",
  "jenis_kendaraan": "Motor",
  "updated_at": "2025-11-07T01:28:58.000000Z",
  "created_at": "2025-11-07T01:28:58.000000Z",
  "id": 13,
  "device_name": "IN MOTOR"
}
2025-11-07 08:29:07,524 - INFO - OLED: 192.168.99.31 |  |  | 
2025-11-07 08:29:09,083 - INFO - === SELESAI print, akan cut ===
2025-11-07 08:29:10,819 - INFO - OLED: 192.168.99.31 | Success print ticket |  | 
2025-11-07 08:29:11,020 - INFO - Success print ticket (Online)
2025-11-07 08:29:12,722 - INFO - OLED: 192.168.99.31 | Success print | Online ticket | 
2025-11-07 08:29:12,736 - INFO - Closing Usb connection to printer (1155, 22339)
2025-11-07 08:29:12,742 - INFO - Validasi sukses, Buka Palang.
2025-11-07 08:29:14,444 - INFO - OLED: 192.168.99.31 | Validate success | Gate opened | 
2025-11-07 08:29:14,652 - INFO - ✅ Coil 0 set to ON
2025-11-07 08:29:15,683 - INFO - ⚪ Kendaraan meninggalkan loop sensor
2025-11-07 08:29:16,581 - INFO - OLED: 192.168.99.31 |  |  | 
2025-11-07 08:29:16,794 - INFO - Proses Tiket sukses. Sistem menunggu kendaraan pergi.
2025-11-07 08:29:17,074 - INFO - OLED: 192.168.99.31 | Vehicle not detected |  | 
2025-11-07 08:29:17,226 - INFO - OLED: 192.168.99.31 | Success print | Waiting vehicle entered | 
2025-11-07 08:31:24,435 - INFO - Raspberry PI IP: 192.168.99.31
2025-11-07 08:31:24,437 - INFO - 
🚀 Memulai setup dari flash disk...
2025-11-07 08:31:24,438 - INFO - OLED (unavailable): 192.168.99.31 |  |  | 
2025-11-07 08:31:24,439 - INFO - Memindai drive removable (flash disk)...
2025-11-07 08:31:24,440 - INFO - OLED (unavailable): 192.168.99.31 |  |  | 
2025-11-07 08:31:24,443 - INFO - Drive (Linux fallback) terdeteksi: ['/media/pi/D066-6CE3']
2025-11-07 08:31:24,444 - INFO - OLED (unavailable): 192.168.99.31 |  |  | 
2025-11-07 08:31:24,445 - INFO - Drive final ditemukan: ['/media/pi/D066-6CE3']
2025-11-07 08:31:24,446 - INFO - OLED (unavailable): 192.168.99.31 |  |  | 
2025-11-07 08:31:24,447 - INFO - Mencari file .env di: /media/pi/D066-6CE3/.env
2025-11-07 08:31:24,447 - INFO - OLED (unavailable): 192.168.99.31 |  |  | 
2025-11-07 08:31:24,448 - INFO - ✅ File .env ditemukan di: /media/pi/D066-6CE3
2025-11-07 08:31:24,450 - INFO - OLED (unavailable): 192.168.99.31 |  |  | 
2025-11-07 08:31:24,453 - INFO - ✅ BERHASIL: File .env disalin ke ./.env
2025-11-07 08:31:24,454 - INFO - OLED (unavailable): 192.168.99.31 |  |  | 
2025-11-07 08:31:24,454 - INFO - Memuat variabel dari ./.env...
2025-11-07 08:31:24,455 - INFO - OLED (unavailable): 192.168.99.31 |  |  | 
2025-11-07 08:31:24,478 - INFO - ✅ Variabel lingkungan (environment) berhasil dimuat.
2025-11-07 08:31:24,480 - INFO - OLED (unavailable): 192.168.99.31 |  |  | 
2025-11-07 08:31:24,481 - INFO - Variabel 'BACKGROUND_IMAGE' ditemukan: parking.jpg
2025-11-07 08:31:24,481 - INFO - OLED (unavailable): 192.168.99.31 |  |  | 
2025-11-07 08:31:24,483 - INFO - Mencari file aset di: /media/pi/D066-6CE3/parking.jpg
2025-11-07 08:31:24,483 - INFO - OLED (unavailable): 192.168.99.31 |  |  | 
2025-11-07 08:31:24,504 - INFO - ✅ BERHASIL: File 'parking.jpg' disalin ke ./assets/parking.jpg
2025-11-07 08:31:24,505 - INFO - OLED (unavailable): 192.168.99.31 |  |  | 
2025-11-07 08:31:24,505 - INFO - 
Setup dari flash disk selesai.
2025-11-07 08:31:24,506 - INFO - OLED (unavailable): 192.168.99.31 |  |  | 
2025-11-07 08:31:24,745 - INFO - ✅ OLED display initialized successfully
2025-11-07 08:31:26,871 - INFO - ✅ Connected to None:None
2025-11-07 08:31:27,013 - INFO - OLED: 192.168.99.31 |  |  | 
2025-11-07 08:31:27,021 - INFO - ✅ Emoney reader connected
2025-11-07 08:31:27,198 - INFO - ✅ LPR connected
2025-11-07 08:31:27,217 - INFO - ✅ RFID reader connected
2025-11-07 08:31:29,984 - INFO - OLED: 192.168.99.31 | Emoney not connected |  | 
2025-11-07 08:31:30,142 - INFO - OLED: 192.168.99.31 |  |  | 
2025-11-07 08:31:30,146 - INFO - OLED: 192.168.99.31 | RFID Connected |  | 
2025-11-07 08:31:40,016 - INFO - 🚗 Kendaraan terdeteksi: SPIN001
2025-11-07 08:31:41,382 - INFO - OLED: 192.168.99.31 | Vehicle detected | None | 
2025-11-07 08:31:43,427 - INFO - Sistem SIBUK oleh Tombol Tiket. Tipe: SPIN001
2025-11-07 08:31:44,965 - INFO - OLED: 192.168.99.31 | Button pressed | Handle print ticket | 
2025-11-07 08:31:44,969 - INFO - 🎟️ Tombol tiket ditekan untuk Tipe: SPIN001
2025-11-07 08:31:46,653 - INFO - OLED: 192.168.99.31 |  |  | 
2025-11-07 08:31:46,656 - INFO - ✅ PROSES TIKET DIMULAI...
2025-11-07 08:31:48,401 - INFO - OLED: 192.168.99.31 | Process print ticket |  | 
2025-11-07 08:31:48,947 - INFO - Validasi Online Sukses. Memulai print...
2025-11-07 08:31:50,525 - INFO - OLED: 192.168.99.31 | Process print | Online ticket | 
2025-11-07 08:31:51,430 - INFO - Error initializing printer (utama): Device not found (Unable to open USB printer on ('0x0483', '0x0483'):
USB device not found (Device ('0x0483', '0x0483') not found or cable not plugged in.))
2025-11-07 08:31:53,011 - INFO - OLED: 192.168.99.31 | Error init printer |  | 
2025-11-07 08:31:53,250 - INFO - USB printer enabled
2025-11-07 08:31:53,255 - INFO - Fallback printer initialized.
2025-11-07 08:31:54,860 - INFO - OLED: 192.168.99.31 |  |  | 
2025-11-07 08:31:54,863 - INFO - {
  "device_id": 1,
  "member_id": 0,
  "compliment_id": 0,
  "ticket_code": "PRK20251107083148450",
  "start_time": "2025-11-07 08:31:48",
  "foto": null,
  "plat": "B2741KYD",
  "status": "Online",
  "type_transaction": "ticket",
  "jenis_kendaraan": "Motor",
  "updated_at": "2025-11-07T01:31:48.000000Z",
  "created_at": "2025-11-07T01:31:48.000000Z",
  "id": 14,
  "device_name": "IN MOTOR"
}
2025-11-07 08:31:56,580 - INFO - OLED: 192.168.99.31 |  |  | 
2025-11-07 08:31:58,355 - INFO - === SELESAI print, akan cut ===
2025-11-07 08:31:59,858 - INFO - OLED: 192.168.99.31 | Success print ticket |  | 
2025-11-07 08:32:00,054 - INFO - Success print ticket (Online)
2025-11-07 08:32:01,646 - INFO - OLED: 192.168.99.31 | Success print | Online ticket | 
2025-11-07 08:32:01,654 - INFO - Closing Usb connection to printer (1155, 22339)
2025-11-07 08:32:01,666 - INFO - Validasi sukses, Buka Palang.
2025-11-07 08:32:03,040 - INFO - OLED: 192.168.99.31 | Validate success | Gate opened | 
2025-11-07 08:32:03,406 - INFO - ✅ Coil 0 set to ON
2025-11-07 08:32:05,326 - INFO - OLED: 192.168.99.31 |  |  | 
2025-11-07 08:32:05,332 - INFO - Proses Tiket sukses. Sistem menunggu kendaraan pergi.
2025-11-07 08:32:05,696 - INFO - OLED: 192.168.99.31 | Success print | Waiting vehicle entered | 
2025-11-07 08:34:14,195 - INFO - Raspberry PI IP: 192.168.99.31
2025-11-07 08:34:14,196 - INFO - 
🚀 Memulai setup dari flash disk...
2025-11-07 08:34:14,197 - INFO - OLED (unavailable): 192.168.99.31 |  |  | 
2025-11-07 08:34:14,198 - INFO - Memindai drive removable (flash disk)...
2025-11-07 08:34:14,199 - INFO - OLED (unavailable): 192.168.99.31 |  |  | 
2025-11-07 08:34:14,202 - INFO - Drive (Linux fallback) terdeteksi: ['/media/pi/D066-6CE3']
2025-11-07 08:34:14,203 - INFO - OLED (unavailable): 192.168.99.31 |  |  | 
2025-11-07 08:34:14,204 - INFO - Drive final ditemukan: ['/media/pi/D066-6CE3']
2025-11-07 08:34:14,205 - INFO - OLED (unavailable): 192.168.99.31 |  |  | 
2025-11-07 08:34:14,206 - INFO - Mencari file .env di: /media/pi/D066-6CE3/.env
2025-11-07 08:34:14,207 - INFO - OLED (unavailable): 192.168.99.31 |  |  | 
2025-11-07 08:34:14,209 - INFO - ✅ File .env ditemukan di: /media/pi/D066-6CE3
2025-11-07 08:34:14,210 - INFO - OLED (unavailable): 192.168.99.31 |  |  | 
2025-11-07 08:34:14,213 - INFO - ✅ BERHASIL: File .env disalin ke ./.env
2025-11-07 08:34:14,214 - INFO - OLED (unavailable): 192.168.99.31 |  |  | 
2025-11-07 08:34:14,214 - INFO - Memuat variabel dari ./.env...
2025-11-07 08:34:14,215 - INFO - OLED (unavailable): 192.168.99.31 |  |  | 
2025-11-07 08:34:14,238 - INFO - ✅ Variabel lingkungan (environment) berhasil dimuat.
2025-11-07 08:34:14,239 - INFO - OLED (unavailable): 192.168.99.31 |  |  | 
2025-11-07 08:34:14,240 - INFO - Variabel 'BACKGROUND_IMAGE' ditemukan: parking.jpg
2025-11-07 08:34:14,240 - INFO - OLED (unavailable): 192.168.99.31 |  |  | 
2025-11-07 08:34:14,241 - INFO - Mencari file aset di: /media/pi/D066-6CE3/parking.jpg
2025-11-07 08:34:14,242 - INFO - OLED (unavailable): 192.168.99.31 |  |  | 
2025-11-07 08:34:14,263 - INFO - ✅ BERHASIL: File 'parking.jpg' disalin ke ./assets/parking.jpg
2025-11-07 08:34:14,265 - INFO - OLED (unavailable): 192.168.99.31 |  |  | 
2025-11-07 08:34:14,266 - INFO - 
Setup dari flash disk selesai.
2025-11-07 08:34:14,268 - INFO - OLED (unavailable): 192.168.99.31 |  |  | 
2025-11-07 08:34:14,500 - INFO - ✅ OLED display initialized successfully
2025-11-07 08:34:16,656 - INFO - ✅ Connected to None:None
2025-11-07 08:34:16,808 - INFO - OLED: 192.168.99.31 |  |  | 
2025-11-07 08:34:16,988 - INFO - 🚗 Kendaraan terdeteksi: SPIN001
2025-11-07 08:34:16,989 - INFO - ✅ Emoney reader connected
2025-11-07 08:34:16,996 - INFO - ✅ LPR connected
2025-11-07 08:34:17,011 - INFO - ✅ RFID reader connected
2025-11-07 08:34:20,468 - INFO - OLED: 192.168.99.31 | Emoney not connected |  | 
2025-11-07 08:34:20,633 - INFO - OLED: 192.168.99.31 | Vehicle detected | None | 
2025-11-07 08:34:20,637 - INFO - OLED: 192.168.99.31 |  |  | 
2025-11-07 08:34:20,651 - INFO - OLED: 192.168.99.31 | RFID Connected |  | 
2025-11-07 08:35:16,674 - INFO - ⚪ Kendaraan meninggalkan loop sensor
2025-11-07 08:35:18,405 - INFO - OLED: 192.168.99.31 | Vehicle not detected |  | 
2025-11-07 08:36:13,123 - INFO - Raspberry PI IP: 192.168.99.31
2025-11-07 08:36:13,124 - INFO - 
🚀 Memulai setup dari flash disk...
2025-11-07 08:36:13,126 - INFO - OLED (unavailable): 192.168.99.31 |  |  | 
2025-11-07 08:36:13,127 - INFO - Memindai drive removable (flash disk)...
2025-11-07 08:36:13,128 - INFO - OLED (unavailable): 192.168.99.31 |  |  | 
2025-11-07 08:36:13,132 - INFO - Drive (Linux fallback) terdeteksi: ['/media/pi/D066-6CE3']
2025-11-07 08:36:13,135 - INFO - OLED (unavailable): 192.168.99.31 |  |  | 
2025-11-07 08:36:13,136 - INFO - Drive final ditemukan: ['/media/pi/D066-6CE3']
2025-11-07 08:36:13,137 - INFO - OLED (unavailable): 192.168.99.31 |  |  | 
2025-11-07 08:36:13,138 - INFO - Mencari file .env di: /media/pi/D066-6CE3/.env
2025-11-07 08:36:13,138 - INFO - OLED (unavailable): 192.168.99.31 |  |  | 
2025-11-07 08:36:13,139 - INFO - ✅ File .env ditemukan di: /media/pi/D066-6CE3
2025-11-07 08:36:13,140 - INFO - OLED (unavailable): 192.168.99.31 |  |  | 
2025-11-07 08:36:13,143 - INFO - ✅ BERHASIL: File .env disalin ke ./.env
2025-11-07 08:36:13,144 - INFO - OLED (unavailable): 192.168.99.31 |  |  | 
2025-11-07 08:36:13,145 - INFO - Memuat variabel dari ./.env...
2025-11-07 08:36:13,146 - INFO - OLED (unavailable): 192.168.99.31 |  |  | 
2025-11-07 08:36:13,174 - INFO - ✅ Variabel lingkungan (environment) berhasil dimuat.
2025-11-07 08:36:13,176 - INFO - OLED (unavailable): 192.168.99.31 |  |  | 
2025-11-07 08:36:13,177 - INFO - Variabel 'BACKGROUND_IMAGE' ditemukan: parking.jpg
2025-11-07 08:36:13,178 - INFO - OLED (unavailable): 192.168.99.31 |  |  | 
2025-11-07 08:36:13,180 - INFO - Mencari file aset di: /media/pi/D066-6CE3/parking.jpg
2025-11-07 08:36:13,181 - INFO - OLED (unavailable): 192.168.99.31 |  |  | 
2025-11-07 08:36:13,204 - INFO - ✅ BERHASIL: File 'parking.jpg' disalin ke ./assets/parking.jpg
2025-11-07 08:36:13,205 - INFO - OLED (unavailable): 192.168.99.31 |  |  | 
2025-11-07 08:36:13,205 - INFO - 
Setup dari flash disk selesai.
2025-11-07 08:36:13,206 - INFO - OLED (unavailable): 192.168.99.31 |  |  | 
2025-11-07 08:36:13,459 - INFO - ✅ OLED display initialized successfully
2025-11-07 08:36:15,580 - INFO - ✅ Connected to None:None
2025-11-07 08:36:15,723 - INFO - OLED: 192.168.99.31 |  |  | 
2025-11-07 08:36:15,730 - INFO - ✅ Emoney reader connected
2025-11-07 08:36:15,732 - INFO - ✅ RFID reader connected
2025-11-07 08:36:15,941 - INFO - ✅ LPR connected
2025-11-07 08:36:18,785 - INFO - OLED: 192.168.99.31 | RFID Connected |  | 
2025-11-07 08:36:18,998 - INFO - OLED: 192.168.99.31 |  |  | 
2025-11-07 08:36:19,189 - INFO - OLED: 192.168.99.31 | Emoney not connected |  | 
2025-11-07 08:37:43,144 - INFO - Raspberry PI IP: 192.168.99.31
2025-11-07 08:37:43,145 - INFO - 
🚀 Memulai setup dari flash disk...
2025-11-07 08:37:43,146 - INFO - OLED (unavailable): 192.168.99.31 |  |  | 
2025-11-07 08:37:43,147 - INFO - Memindai drive removable (flash disk)...
2025-11-07 08:37:43,148 - INFO - OLED (unavailable): 192.168.99.31 |  |  | 
2025-11-07 08:37:43,151 - INFO - Drive (Linux fallback) terdeteksi: ['/media/pi/D066-6CE3']
2025-11-07 08:37:43,152 - INFO - OLED (unavailable): 192.168.99.31 |  |  | 
2025-11-07 08:37:43,153 - INFO - Drive final ditemukan: ['/media/pi/D066-6CE3']
2025-11-07 08:37:43,154 - INFO - OLED (unavailable): 192.168.99.31 |  |  | 
2025-11-07 08:37:43,155 - INFO - Mencari file .env di: /media/pi/D066-6CE3/.env
2025-11-07 08:37:43,156 - INFO - OLED (unavailable): 192.168.99.31 |  |  | 
2025-11-07 08:37:43,157 - INFO - ✅ File .env ditemukan di: /media/pi/D066-6CE3
2025-11-07 08:37:43,158 - INFO - OLED (unavailable): 192.168.99.31 |  |  | 
2025-11-07 08:37:43,161 - INFO - ✅ BERHASIL: File .env disalin ke ./.env
2025-11-07 08:37:43,162 - INFO - OLED (unavailable): 192.168.99.31 |  |  | 
2025-11-07 08:37:43,163 - INFO - Memuat variabel dari ./.env...
2025-11-07 08:37:43,164 - INFO - OLED (unavailable): 192.168.99.31 |  |  | 
2025-11-07 08:37:43,199 - INFO - ✅ Variabel lingkungan (environment) berhasil dimuat.
2025-11-07 08:37:43,200 - INFO - OLED (unavailable): 192.168.99.31 |  |  | 
2025-11-07 08:37:43,201 - INFO - Variabel 'BACKGROUND_IMAGE' ditemukan: parking.jpg
2025-11-07 08:37:43,202 - INFO - OLED (unavailable): 192.168.99.31 |  |  | 
2025-11-07 08:37:43,204 - INFO - Mencari file aset di: /media/pi/D066-6CE3/parking.jpg
2025-11-07 08:37:43,205 - INFO - OLED (unavailable): 192.168.99.31 |  |  | 
2025-11-07 08:37:43,226 - INFO - ✅ BERHASIL: File 'parking.jpg' disalin ke ./assets/parking.jpg
2025-11-07 08:37:43,228 - INFO - OLED (unavailable): 192.168.99.31 |  |  | 
2025-11-07 08:37:43,229 - INFO - 
Setup dari flash disk selesai.
2025-11-07 08:37:43,231 - INFO - OLED (unavailable): 192.168.99.31 |  |  | 
2025-11-07 08:37:43,466 - INFO - ✅ OLED display initialized successfully
2025-11-07 08:37:45,611 - INFO - ✅ Connected to None:None
2025-11-07 08:37:45,753 - INFO - OLED: 192.168.99.31 |  |  | 
2025-11-07 08:37:45,761 - INFO - ✅ Emoney reader connected
2025-11-07 08:37:45,762 - INFO - ✅ RFID reader connected
2025-11-07 08:37:45,965 - INFO - ✅ LPR connected
2025-11-07 08:37:48,820 - INFO - OLED: 192.168.99.31 | Emoney not connected |  | 
2025-11-07 08:37:49,023 - INFO - OLED: 192.168.99.31 |  |  | 
2025-11-07 08:37:49,031 - INFO - OLED: 192.168.99.31 | RFID Connected |  | 
2025-11-07 08:38:07,590 - INFO - 🚗 Kendaraan terdeteksi: SPIN001
2025-11-07 08:38:09,025 - INFO - OLED: 192.168.99.31 | Vehicle detected | None | 
2025-11-07 08:38:14,146 - INFO - Sistem SIBUK oleh Tombol Tiket. Tipe: SPIN001
2025-11-07 08:38:15,696 - INFO - OLED: 192.168.99.31 | Button pressed | Handle print ticket | 
2025-11-07 08:38:15,700 - INFO - 🎟️ Tombol tiket ditekan untuk Tipe: SPIN001
2025-11-07 08:38:17,338 - INFO - OLED: 192.168.99.31 |  |  | 
2025-11-07 08:38:17,342 - INFO - ✅ PROSES TIKET DIMULAI...
2025-11-07 08:38:19,067 - INFO - OLED: 192.168.99.31 | Process print ticket |  | 
2025-11-07 08:38:19,501 - INFO - Validasi Online Sukses. Memulai print...
2025-11-07 08:38:20,899 - INFO - OLED: 192.168.99.31 | Process print | Online ticket | 
2025-11-07 08:38:21,081 - INFO - Error initializing printer (utama): invalid literal for int() with base 10: '0x0483'
2025-11-07 08:38:22,666 - INFO - OLED: 192.168.99.31 | Error init printer |  | 
2025-11-07 08:38:23,952 - INFO - USB printer enabled
2025-11-07 08:38:23,959 - INFO - Fallback printer initialized.
2025-11-07 08:38:25,573 - INFO - OLED: 192.168.99.31 |  |  | 
2025-11-07 08:38:25,575 - INFO - {
  "device_id": 1,
  "member_id": 0,
  "compliment_id": 0,
  "ticket_code": "PRK20251107083819178",
  "start_time": "2025-11-07 08:38:19",
  "foto": null,
  "plat": "B2741KYD",
  "status": "Online",
  "type_transaction": "ticket",
  "jenis_kendaraan": "Motor",
  "updated_at": "2025-11-07T01:38:19.000000Z",
  "created_at": "2025-11-07T01:38:19.000000Z",
  "id": 15,
  "device_name": "IN MOTOR"
}
2025-11-07 08:38:27,009 - INFO - OLED: 192.168.99.31 |  |  | 
2025-11-07 08:38:28,461 - INFO - === SELESAI print, akan cut ===
2025-11-07 08:38:30,018 - INFO - OLED: 192.168.99.31 | Success print ticket |  | 
2025-11-07 08:38:30,221 - INFO - Success print ticket (Online)
2025-11-07 08:38:31,983 - INFO - OLED: 192.168.99.31 | Success print | Online ticket | 
2025-11-07 08:38:31,985 - INFO - Closing Usb connection to printer (1155, 22339)
2025-11-07 08:38:31,988 - INFO - Validasi sukses, Buka Palang.
2025-11-07 08:38:33,741 - INFO - OLED: 192.168.99.31 | Validate success | Gate opened | 
2025-11-07 08:38:33,930 - INFO - ✅ Coil 0 set to ON
2025-11-07 08:38:35,353 - INFO - OLED: 192.168.99.31 |  |  | 
2025-11-07 08:38:35,547 - INFO - Proses Tiket sukses. Sistem menunggu kendaraan pergi.
2025-11-07 08:38:35,848 - INFO - OLED: 192.168.99.31 | Success print | Waiting vehicle entered | 
2025-11-07 08:38:44,054 - INFO - ⚪ Kendaraan meninggalkan loop sensor
2025-11-07 08:38:44,319 - INFO - OLED: 192.168.99.31 | Vehicle not detected |  | 
2025-11-07 08:42:26,023 - INFO - Raspberry PI IP: 192.168.99.31
2025-11-07 08:42:26,024 - INFO - 
🚀 Memulai setup dari flash disk...
2025-11-07 08:42:26,026 - INFO - OLED (unavailable): 192.168.99.31 |  |  | 
2025-11-07 08:42:26,026 - INFO - Memindai drive removable (flash disk)...
2025-11-07 08:42:26,027 - INFO - OLED (unavailable): 192.168.99.31 |  |  | 
2025-11-07 08:42:26,030 - INFO - Drive (Linux fallback) terdeteksi: ['/media/pi/D066-6CE3']
2025-11-07 08:42:26,031 - INFO - OLED (unavailable): 192.168.99.31 |  |  | 
2025-11-07 08:42:26,032 - INFO - Drive final ditemukan: ['/media/pi/D066-6CE3']
2025-11-07 08:42:26,033 - INFO - OLED (unavailable): 192.168.99.31 |  |  | 
2025-11-07 08:42:26,034 - INFO - Mencari file .env di: /media/pi/D066-6CE3/.env
2025-11-07 08:42:26,035 - INFO - OLED (unavailable): 192.168.99.31 |  |  | 
2025-11-07 08:42:26,036 - INFO - ✅ File .env ditemukan di: /media/pi/D066-6CE3
2025-11-07 08:42:26,037 - INFO - OLED (unavailable): 192.168.99.31 |  |  | 
2025-11-07 08:42:26,039 - INFO - ✅ BERHASIL: File .env disalin ke ./.env
2025-11-07 08:42:26,040 - INFO - OLED (unavailable): 192.168.99.31 |  |  | 
2025-11-07 08:42:26,041 - INFO - Memuat variabel dari ./.env...
2025-11-07 08:42:26,042 - INFO - OLED (unavailable): 192.168.99.31 |  |  | 
2025-11-07 08:42:26,063 - INFO - ✅ Variabel lingkungan (environment) berhasil dimuat.
2025-11-07 08:42:26,065 - INFO - OLED (unavailable): 192.168.99.31 |  |  | 
2025-11-07 08:42:26,067 - INFO - Variabel 'BACKGROUND_IMAGE' ditemukan: parking.jpg
2025-11-07 08:42:26,068 - INFO - OLED (unavailable): 192.168.99.31 |  |  | 
2025-11-07 08:42:26,069 - INFO - Mencari file aset di: /media/pi/D066-6CE3/parking.jpg
2025-11-07 08:42:26,069 - INFO - OLED (unavailable): 192.168.99.31 |  |  | 
2025-11-07 08:42:26,090 - INFO - ✅ BERHASIL: File 'parking.jpg' disalin ke ./assets/parking.jpg
2025-11-07 08:42:26,091 - INFO - OLED (unavailable): 192.168.99.31 |  |  | 
2025-11-07 08:42:26,092 - INFO - 
Setup dari flash disk selesai.
2025-11-07 08:42:26,093 - INFO - OLED (unavailable): 192.168.99.31 |  |  | 
2025-11-07 08:42:26,325 - INFO - ✅ OLED display initialized successfully
2025-11-07 08:42:28,445 - INFO - ✅ Connected to None:None
2025-11-07 08:42:28,592 - INFO - OLED: 192.168.99.31 |  |  | 
2025-11-07 08:42:28,601 - INFO - ✅ Emoney reader connected
2025-11-07 08:42:28,610 - INFO - ✅ RFID reader connected
2025-11-07 08:42:28,973 - INFO - ✅ LPR connected
2025-11-07 08:42:31,852 - INFO - OLED: 192.168.99.31 | Emoney not connected |  | 
2025-11-07 08:42:31,857 - INFO - OLED: 192.168.99.31 | RFID Connected |  | 
2025-11-07 08:42:31,862 - INFO - OLED: 192.168.99.31 |  |  | 
2025-11-07 08:43:06,465 - INFO - Raspberry PI IP: 192.168.99.31
2025-11-07 08:43:06,466 - INFO - 
🚀 Memulai setup dari flash disk...
2025-11-07 08:43:06,467 - INFO - OLED (unavailable): 192.168.99.31 |  |  | 
2025-11-07 08:43:06,468 - INFO - Memindai drive removable (flash disk)...
2025-11-07 08:43:06,469 - INFO - OLED (unavailable): 192.168.99.31 |  |  | 
2025-11-07 08:43:06,472 - INFO - Drive (Linux fallback) terdeteksi: ['/media/pi/D066-6CE3']
2025-11-07 08:43:06,473 - INFO - OLED (unavailable): 192.168.99.31 |  |  | 
2025-11-07 08:43:06,474 - INFO - Drive final ditemukan: ['/media/pi/D066-6CE3']
2025-11-07 08:43:06,475 - INFO - OLED (unavailable): 192.168.99.31 |  |  | 
2025-11-07 08:43:06,476 - INFO - Mencari file .env di: /media/pi/D066-6CE3/.env
2025-11-07 08:43:06,477 - INFO - OLED (unavailable): 192.168.99.31 |  |  | 
2025-11-07 08:43:06,477 - INFO - ✅ File .env ditemukan di: /media/pi/D066-6CE3
2025-11-07 08:43:06,478 - INFO - OLED (unavailable): 192.168.99.31 |  |  | 
2025-11-07 08:43:06,482 - INFO - ✅ BERHASIL: File .env disalin ke ./.env
2025-11-07 08:43:06,483 - INFO - OLED (unavailable): 192.168.99.31 |  |  | 
2025-11-07 08:43:06,484 - INFO - Memuat variabel dari ./.env...
2025-11-07 08:43:06,485 - INFO - OLED (unavailable): 192.168.99.31 |  |  | 
2025-11-07 08:43:06,506 - INFO - ✅ Variabel lingkungan (environment) berhasil dimuat.
2025-11-07 08:43:06,508 - INFO - OLED (unavailable): 192.168.99.31 |  |  | 
2025-11-07 08:43:06,509 - INFO - Variabel 'BACKGROUND_IMAGE' ditemukan: parking.jpg
2025-11-07 08:43:06,510 - INFO - OLED (unavailable): 192.168.99.31 |  |  | 
2025-11-07 08:43:06,511 - INFO - Mencari file aset di: /media/pi/D066-6CE3/parking.jpg
2025-11-07 08:43:06,511 - INFO - OLED (unavailable): 192.168.99.31 |  |  | 
2025-11-07 08:43:06,532 - INFO - ✅ BERHASIL: File 'parking.jpg' disalin ke ./assets/parking.jpg
2025-11-07 08:43:06,533 - INFO - OLED (unavailable): 192.168.99.31 |  |  | 
2025-11-07 08:43:06,534 - INFO - 
Setup dari flash disk selesai.
2025-11-07 08:43:06,534 - INFO - OLED (unavailable): 192.168.99.31 |  |  | 
2025-11-07 08:43:06,767 - INFO - ✅ OLED display initialized successfully
2025-11-07 08:43:08,891 - INFO - ✅ Connected to None:None
2025-11-07 08:43:09,035 - INFO - OLED: 192.168.99.31 |  |  | 
2025-11-07 08:43:09,044 - INFO - ✅ RFID reader connected
2025-11-07 08:43:09,045 - INFO - ✅ Emoney reader connected
2025-11-07 08:43:09,219 - INFO - ✅ LPR connected
2025-11-07 08:43:12,304 - INFO - OLED: 192.168.99.31 |  |  | 
2025-11-07 08:43:12,307 - INFO - OLED: 192.168.99.31 | RFID Connected |  | 
2025-11-07 08:43:12,319 - INFO - OLED: 192.168.99.31 | Emoney connected |  | 
2025-11-07 08:43:22,168 - INFO - 🚗 Kendaraan terdeteksi: SPIN001
2025-11-07 08:43:23,758 - INFO - OLED: 192.168.99.31 | Vehicle detected | None | 
2025-11-07 08:43:29,268 - INFO - Sistem SIBUK oleh Tombol Tiket. Tipe: SPIN001
2025-11-07 08:43:31,008 - INFO - OLED: 192.168.99.31 | Button pressed | Handle print ticket | 
2025-11-07 08:43:31,017 - INFO - 🎟️ Tombol tiket ditekan untuk Tipe: SPIN001
2025-11-07 08:43:32,524 - INFO - OLED: 192.168.99.31 |  |  | 
2025-11-07 08:43:32,527 - INFO - ✅ PROSES TIKET DIMULAI...
2025-11-07 08:43:34,091 - INFO - OLED: 192.168.99.31 | Process print ticket |  | 
2025-11-07 08:43:34,495 - INFO - Validasi Online Sukses. Memulai print...
2025-11-07 08:43:36,200 - INFO - OLED: 192.168.99.31 | Process print | Online ticket | 
2025-11-07 08:43:36,202 - INFO - Error initializing printer (utama): invalid literal for int() with base 10: '0x0483'
2025-11-07 08:43:37,797 - INFO - OLED: 192.168.99.31 | Error init printer |  | 
2025-11-07 08:43:39,020 - INFO - USB printer enabled
2025-11-07 08:43:39,028 - INFO - Fallback printer initialized.
2025-11-07 08:43:40,612 - INFO - OLED: 192.168.99.31 |  |  | 
2025-11-07 08:43:40,614 - INFO - {
  "device_id": 1,
  "member_id": 0,
  "compliment_id": 0,
  "ticket_code": "PRK20251107084334830",
  "start_time": "2025-11-07 08:43:34",
  "foto": null,
  "plat": "B2741KYD",
  "status": "Online",
  "type_transaction": "ticket",
  "jenis_kendaraan": "Motor",
  "updated_at": "2025-11-07T01:43:34.000000Z",
  "created_at": "2025-11-07T01:43:34.000000Z",
  "id": 16,
  "device_name": "IN MOTOR"
}
2025-11-07 08:43:42,023 - INFO - OLED: 192.168.99.31 |  |  | 
2025-11-07 08:43:43,633 - INFO - === SELESAI print, akan cut ===
2025-11-07 08:43:45,576 - INFO - OLED: 192.168.99.31 | Success print ticket |  | 
2025-11-07 08:43:45,942 - INFO - Success print ticket (Online)
2025-11-07 08:43:47,628 - INFO - OLED: 192.168.99.31 | Success print | Online ticket | 
2025-11-07 08:43:47,631 - INFO - Closing Usb connection to printer (1155, 22339)
2025-11-07 08:43:47,635 - INFO - Validasi sukses, Buka Palang.
2025-11-07 08:43:49,335 - INFO - OLED: 192.168.99.31 | Validate success | Gate opened | 
2025-11-07 08:43:49,534 - INFO - ✅ Coil 0 set to ON
2025-11-07 08:43:50,924 - INFO - OLED: 192.168.99.31 |  |  | 
2025-11-07 08:43:51,112 - INFO - Proses Tiket sukses. Sistem menunggu kendaraan pergi.
2025-11-07 08:43:51,391 - INFO - OLED: 192.168.99.31 | Success print | Waiting vehicle entered | 
2025-11-07 08:47:02,679 - INFO - Raspberry PI IP: 192.168.99.31
2025-11-07 08:47:02,681 - INFO - 
🚀 Memulai setup dari flash disk...
2025-11-07 08:47:02,681 - INFO - OLED (unavailable): 192.168.99.31 |  |  | 
2025-11-07 08:47:02,682 - INFO - Memindai drive removable (flash disk)...
2025-11-07 08:47:02,683 - INFO - OLED (unavailable): 192.168.99.31 |  |  | 
2025-11-07 08:47:02,686 - INFO - Drive (Linux fallback) terdeteksi: ['/media/pi/D066-6CE3']
2025-11-07 08:47:02,687 - INFO - OLED (unavailable): 192.168.99.31 |  |  | 
2025-11-07 08:47:02,688 - INFO - Drive final ditemukan: ['/media/pi/D066-6CE3']
2025-11-07 08:47:02,689 - INFO - OLED (unavailable): 192.168.99.31 |  |  | 
2025-11-07 08:47:02,689 - INFO - Mencari file .env di: /media/pi/D066-6CE3/.env
2025-11-07 08:47:02,690 - INFO - OLED (unavailable): 192.168.99.31 |  |  | 
2025-11-07 08:47:02,691 - INFO - ✅ File .env ditemukan di: /media/pi/D066-6CE3
2025-11-07 08:47:02,692 - INFO - OLED (unavailable): 192.168.99.31 |  |  | 
2025-11-07 08:47:02,695 - INFO - ✅ BERHASIL: File .env disalin ke ./.env
2025-11-07 08:47:02,696 - INFO - OLED (unavailable): 192.168.99.31 |  |  | 
2025-11-07 08:47:02,698 - INFO - Memuat variabel dari ./.env...
2025-11-07 08:47:02,699 - INFO - OLED (unavailable): 192.168.99.31 |  |  | 
2025-11-07 08:47:02,722 - INFO - ✅ Variabel lingkungan (environment) berhasil dimuat.
2025-11-07 08:47:02,724 - INFO - OLED (unavailable): 192.168.99.31 |  |  | 
2025-11-07 08:47:02,724 - INFO - Variabel 'BACKGROUND_IMAGE' ditemukan: parking.jpg
2025-11-07 08:47:02,725 - INFO - OLED (unavailable): 192.168.99.31 |  |  | 
2025-11-07 08:47:02,726 - INFO - Mencari file aset di: /media/pi/D066-6CE3/parking.jpg
2025-11-07 08:47:02,727 - INFO - OLED (unavailable): 192.168.99.31 |  |  | 
2025-11-07 08:47:02,748 - INFO - ✅ BERHASIL: File 'parking.jpg' disalin ke ./assets/parking.jpg
2025-11-07 08:47:02,749 - INFO - OLED (unavailable): 192.168.99.31 |  |  | 
2025-11-07 08:47:02,750 - INFO - 
Setup dari flash disk selesai.
2025-11-07 08:47:02,750 - INFO - OLED (unavailable): 192.168.99.31 |  |  | 
2025-11-07 08:47:02,983 - INFO - ✅ OLED display initialized successfully
2025-11-07 08:47:05,111 - INFO - ✅ Connected to None:None
2025-11-07 08:47:05,256 - INFO - OLED: 192.168.99.31 |  |  | 
2025-11-07 08:47:05,263 - INFO - ✅ Emoney reader connected
2025-11-07 08:47:05,265 - INFO - ✅ RFID reader connected
2025-11-07 08:47:05,443 - INFO - ✅ LPR connected
2025-11-07 08:47:05,445 - INFO - 🚗 Kendaraan terdeteksi: SPIN001
2025-11-07 08:47:08,757 - INFO - OLED: 192.168.99.31 |  |  | 
2025-11-07 08:47:08,765 - INFO - OLED: 192.168.99.31 | RFID Connected |  | 
2025-11-07 08:47:08,767 - INFO - OLED: 192.168.99.31 | Vehicle detected | None | 
2025-11-07 08:47:08,775 - INFO - OLED: 192.168.99.31 | Emoney connected |  | 
2025-11-07 08:47:32,340 - INFO - Sistem SIBUK oleh Tombol Tiket. Tipe: SPIN001
2025-11-07 08:47:34,059 - INFO - OLED: 192.168.99.31 | Button pressed | Handle print ticket | 
2025-11-07 08:47:34,068 - INFO - 🎟️ Tombol tiket ditekan untuk Tipe: SPIN001
2025-11-07 08:47:35,623 - INFO - OLED: 192.168.99.31 |  |  | 
2025-11-07 08:47:35,626 - INFO - ✅ PROSES TIKET DIMULAI...
2025-11-07 08:47:37,211 - INFO - OLED: 192.168.99.31 | Process print ticket |  | 
2025-11-07 08:47:37,794 - INFO - Validasi Online Sukses. Memulai print...
2025-11-07 08:47:39,319 - INFO - OLED: 192.168.99.31 | Process print | Online ticket | 
2025-11-07 08:47:39,321 - INFO - Error initializing printer (utama): invalid literal for int() with base 10: '0x0483'
2025-11-07 08:47:40,681 - INFO - OLED: 192.168.99.31 | Error init printer |  | 
2025-11-07 08:47:42,089 - INFO - USB printer enabled
2025-11-07 08:47:42,098 - INFO - Fallback printer initialized.
2025-11-07 08:47:43,814 - INFO - OLED: 192.168.99.31 |  |  | 
2025-11-07 08:47:43,817 - INFO - {
  "device_id": 1,
  "member_id": 0,
  "compliment_id": 0,
  "ticket_code": "PRK20251107084737161",
  "start_time": "2025-11-07 08:47:37",
  "foto": null,
  "plat": "B2741KYD",
  "status": "Online",
  "type_transaction": "ticket",
  "jenis_kendaraan": "Motor",
  "updated_at": "2025-11-07T01:47:37.000000Z",
  "created_at": "2025-11-07T01:47:37.000000Z",
  "id": 17,
  "device_name": "IN MOTOR"
}
2025-11-07 08:47:45,536 - INFO - OLED: 192.168.99.31 |  |  | 
2025-11-07 08:47:47,126 - INFO - === SELESAI print, akan cut ===
2025-11-07 08:47:48,683 - INFO - OLED: 192.168.99.31 | Success print ticket |  | 
2025-11-07 08:47:48,875 - INFO - Success print ticket (Online)
2025-11-07 08:47:50,439 - INFO - OLED: 192.168.99.31 | Success print | Online ticket | 
2025-11-07 08:47:50,441 - INFO - Closing Usb connection to printer (1155, 22339)
2025-11-07 08:47:50,446 - INFO - Validasi sukses, Buka Palang.
2025-11-07 08:47:52,023 - INFO - OLED: 192.168.99.31 | Validate success | Gate opened | 
2025-11-07 08:47:52,229 - INFO - ✅ Coil 0 set to ON
2025-11-07 08:47:53,610 - INFO - OLED: 192.168.99.31 |  |  | 
2025-11-07 08:47:53,615 - INFO - Proses Tiket sukses. Sistem menunggu kendaraan pergi.
2025-11-07 08:47:53,901 - INFO - OLED: 192.168.99.31 | Success print | Waiting vehicle entered | 
2025-11-07 08:49:22,222 - INFO - Raspberry PI IP: 192.168.99.31
2025-11-07 08:49:22,224 - INFO - 
🚀 Memulai setup dari flash disk...
2025-11-07 08:49:22,225 - INFO - OLED (unavailable): 192.168.99.31 |  |  | 
2025-11-07 08:49:22,225 - INFO - Memindai drive removable (flash disk)...
2025-11-07 08:49:22,226 - INFO - OLED (unavailable): 192.168.99.31 |  |  | 
2025-11-07 08:49:22,230 - INFO - Drive (Linux fallback) terdeteksi: ['/media/pi/D066-6CE3']
2025-11-07 08:49:22,231 - INFO - OLED (unavailable): 192.168.99.31 |  |  | 
2025-11-07 08:49:22,231 - INFO - Drive final ditemukan: ['/media/pi/D066-6CE3']
2025-11-07 08:49:22,232 - INFO - OLED (unavailable): 192.168.99.31 |  |  | 
2025-11-07 08:49:22,233 - INFO - Mencari file .env di: /media/pi/D066-6CE3/.env
2025-11-07 08:49:22,234 - INFO - OLED (unavailable): 192.168.99.31 |  |  | 
2025-11-07 08:49:22,235 - INFO - ✅ File .env ditemukan di: /media/pi/D066-6CE3
2025-11-07 08:49:22,236 - INFO - OLED (unavailable): 192.168.99.31 |  |  | 
2025-11-07 08:49:22,239 - INFO - ✅ BERHASIL: File .env disalin ke ./.env
2025-11-07 08:49:22,240 - INFO - OLED (unavailable): 192.168.99.31 |  |  | 
2025-11-07 08:49:22,240 - INFO - Memuat variabel dari ./.env...
2025-11-07 08:49:22,241 - INFO - OLED (unavailable): 192.168.99.31 |  |  | 
2025-11-07 08:49:22,263 - INFO - ✅ Variabel lingkungan (environment) berhasil dimuat.
2025-11-07 08:49:22,264 - INFO - OLED (unavailable): 192.168.99.31 |  |  | 
2025-11-07 08:49:22,266 - INFO - Variabel 'BACKGROUND_IMAGE' ditemukan: parking.jpg
2025-11-07 08:49:22,267 - INFO - OLED (unavailable): 192.168.99.31 |  |  | 
2025-11-07 08:49:22,268 - INFO - Mencari file aset di: /media/pi/D066-6CE3/parking.jpg
2025-11-07 08:49:22,269 - INFO - OLED (unavailable): 192.168.99.31 |  |  | 
2025-11-07 08:49:22,290 - INFO - ✅ BERHASIL: File 'parking.jpg' disalin ke ./assets/parking.jpg
2025-11-07 08:49:22,291 - INFO - OLED (unavailable): 192.168.99.31 |  |  | 
2025-11-07 08:49:22,292 - INFO - 
Setup dari flash disk selesai.
2025-11-07 08:49:22,293 - INFO - OLED (unavailable): 192.168.99.31 |  |  | 
2025-11-07 08:49:22,534 - INFO - ✅ OLED display initialized successfully
2025-11-07 08:49:24,667 - INFO - ✅ Connected to None:None
2025-11-07 08:49:24,808 - INFO - OLED: 192.168.99.31 |  |  | 
2025-11-07 08:49:24,819 - INFO - ✅ Emoney reader connected
2025-11-07 08:49:24,828 - INFO - ✅ RFID reader connected
2025-11-07 08:49:24,829 - INFO - ✅ LPR connected
2025-11-07 08:49:25,002 - INFO - 🚗 Kendaraan terdeteksi: SPIN001
2025-11-07 08:49:28,641 - INFO - OLED: 192.168.99.31 | Emoney connected |  | 
2025-11-07 08:49:28,853 - INFO - OLED: 192.168.99.31 | RFID Connected |  | 
2025-11-07 08:49:29,065 - INFO - OLED: 192.168.99.31 | Vehicle detected | None | 
2025-11-07 08:49:29,067 - INFO - OLED: 192.168.99.31 |  |  | 
2025-11-07 08:49:38,693 - INFO - Sistem SIBUK oleh Tombol Tiket. Tipe: SPIN001
2025-11-07 08:49:40,584 - INFO - OLED: 192.168.99.31 | Button pressed | Handle print ticket | 
2025-11-07 08:49:40,600 - INFO - 🎟️ Tombol tiket ditekan untuk Tipe: SPIN001
2025-11-07 08:49:42,166 - INFO - OLED: 192.168.99.31 |  |  | 
2025-11-07 08:49:42,351 - INFO - ✅ PROSES TIKET DIMULAI...
2025-11-07 08:49:44,058 - INFO - OLED: 192.168.99.31 | Process print ticket |  | 
2025-11-07 08:49:44,598 - INFO - Validasi Online Sukses. Memulai print...
2025-11-07 08:49:46,185 - INFO - OLED: 192.168.99.31 | Process print | Online ticket | 
2025-11-07 08:49:46,967 - INFO - Error initializing printer (utama): Device not found (Unable to open USB printer on ('0x0483', '0x5743'):
USB device not found (Device ('0x0483', '0x5743') not found or cable not plugged in.))
2025-11-07 08:49:48,369 - INFO - OLED: 192.168.99.31 | Error init printer |  | 
2025-11-07 08:49:48,889 - INFO - USB printer enabled
2025-11-07 08:49:48,892 - INFO - Fallback printer initialized.
2025-11-07 08:49:50,262 - INFO - OLED: 192.168.99.31 |  |  | 
2025-11-07 08:49:50,265 - INFO - {
  "device_id": 1,
  "member_id": 0,
  "compliment_id": 0,
  "ticket_code": "PRK20251107084944430",
  "start_time": "2025-11-07 08:49:44",
  "foto": null,
  "plat": "B2741KYD",
  "status": "Online",
  "type_transaction": "ticket",
  "jenis_kendaraan": "Motor",
  "updated_at": "2025-11-07T01:49:44.000000Z",
  "created_at": "2025-11-07T01:49:44.000000Z",
  "id": 18,
  "device_name": "IN MOTOR"
}
2025-11-07 08:49:52,226 - INFO - OLED: 192.168.99.31 |  |  | 
2025-11-07 08:49:53,508 - INFO - === SELESAI print, akan cut ===
2025-11-07 08:49:55,014 - INFO - OLED: 192.168.99.31 | Success print ticket |  | 
2025-11-07 08:49:55,369 - INFO - Success print ticket (Online)
2025-11-07 08:49:56,966 - INFO - OLED: 192.168.99.31 | Success print | Online ticket | 
2025-11-07 08:49:57,144 - INFO - Closing Usb connection to printer (1155, 22339)
2025-11-07 08:49:57,154 - INFO - Validasi sukses, Buka Palang.
2025-11-07 08:49:58,749 - INFO - OLED: 192.168.99.31 | Validate success | Gate opened | 
2025-11-07 08:49:58,947 - INFO - ✅ Coil 0 set to ON
2025-11-07 08:50:00,510 - INFO - OLED: 192.168.99.31 |  |  | 
2025-11-07 08:50:00,691 - INFO - Proses Tiket sukses. Sistem menunggu kendaraan pergi.
2025-11-07 08:50:00,980 - INFO - OLED: 192.168.99.31 | Success print | Waiting vehicle entered | 
2025-11-07 08:50:37,643 - INFO - ⚪ Kendaraan meninggalkan loop sensor
2025-11-07 08:50:37,886 - INFO - OLED: 192.168.99.31 | Vehicle not detected |  | 
2025-11-07 08:55:54,585 - INFO - Raspberry PI IP: 192.168.99.31
2025-11-07 08:55:54,587 - INFO - 
🚀 Memulai setup dari flash disk...
2025-11-07 08:55:54,588 - INFO - OLED (unavailable): 192.168.99.31 |  |  | 
2025-11-07 08:55:54,589 - INFO - Memindai drive removable (flash disk)...
2025-11-07 08:55:54,590 - INFO - OLED (unavailable): 192.168.99.31 |  |  | 
2025-11-07 08:55:54,593 - INFO - Drive (Linux fallback) terdeteksi: ['/media/pi/D066-6CE3']
2025-11-07 08:55:54,594 - INFO - OLED (unavailable): 192.168.99.31 |  |  | 
2025-11-07 08:55:54,595 - INFO - Drive final ditemukan: ['/media/pi/D066-6CE3']
2025-11-07 08:55:54,595 - INFO - OLED (unavailable): 192.168.99.31 |  |  | 
2025-11-07 08:55:54,596 - INFO - Mencari file .env di: /media/pi/D066-6CE3/.env
2025-11-07 08:55:54,598 - INFO - OLED (unavailable): 192.168.99.31 |  |  | 
2025-11-07 08:55:54,599 - INFO - ✅ File .env ditemukan di: /media/pi/D066-6CE3
2025-11-07 08:55:54,600 - INFO - OLED (unavailable): 192.168.99.31 |  |  | 
2025-11-07 08:55:54,603 - INFO - ✅ BERHASIL: File .env disalin ke ./.env
2025-11-07 08:55:54,604 - INFO - OLED (unavailable): 192.168.99.31 |  |  | 
2025-11-07 08:55:54,604 - INFO - Memuat variabel dari ./.env...
2025-11-07 08:55:54,605 - INFO - OLED (unavailable): 192.168.99.31 |  |  | 
2025-11-07 08:55:54,627 - INFO - ✅ Variabel lingkungan (environment) berhasil dimuat.
2025-11-07 08:55:54,628 - INFO - OLED (unavailable): 192.168.99.31 |  |  | 
2025-11-07 08:55:54,629 - INFO - Variabel 'BACKGROUND_IMAGE' ditemukan: parking.jpg
2025-11-07 08:55:54,630 - INFO - OLED (unavailable): 192.168.99.31 |  |  | 
2025-11-07 08:55:54,631 - INFO - Mencari file aset di: /media/pi/D066-6CE3/parking.jpg
2025-11-07 08:55:54,632 - INFO - OLED (unavailable): 192.168.99.31 |  |  | 
2025-11-07 08:55:54,653 - INFO - ✅ BERHASIL: File 'parking.jpg' disalin ke ./assets/parking.jpg
2025-11-07 08:55:54,654 - INFO - OLED (unavailable): 192.168.99.31 |  |  | 
2025-11-07 08:55:54,656 - INFO - 
Setup dari flash disk selesai.
2025-11-07 08:55:54,657 - INFO - OLED (unavailable): 192.168.99.31 |  |  | 
2025-11-07 08:55:54,659 - INFO - Printer Config (Integers): VENDOR=1155, PRODUCT=22339
2025-11-07 08:55:54,659 - INFO - OLED (unavailable): 192.168.99.31 |  |  | 
2025-11-07 08:55:54,892 - INFO - ✅ OLED display initialized successfully
2025-11-07 08:55:57,009 - INFO - ✅ Connected to None:None
2025-11-07 08:55:57,159 - INFO - OLED: 192.168.99.31 |  |  | 
2025-11-07 08:55:57,166 - INFO - ✅ LPR connected
2025-11-07 08:55:57,168 - INFO - ✅ RFID reader connected
2025-11-07 08:55:57,169 - INFO - ✅ Emoney reader connected
2025-11-07 08:56:00,412 - INFO - OLED: 192.168.99.31 | RFID Connected |  | 
2025-11-07 08:56:00,606 - INFO - OLED: 192.168.99.31 |  |  | 
2025-11-07 08:56:00,766 - INFO - OLED: 192.168.99.31 | Emoney connected |  | 
2025-11-07 08:56:44,928 - INFO - 🚗 Kendaraan terdeteksi: SPIN001
2025-11-07 08:56:46,373 - INFO - OLED: 192.168.99.31 | Vehicle detected | None | 
2025-11-07 08:56:51,084 - INFO - Sistem SIBUK oleh Tombol Tiket. Tipe: SPIN001
2025-11-07 08:56:52,465 - INFO - OLED: 192.168.99.31 | Button pressed | Handle print ticket | 
2025-11-07 08:56:52,468 - INFO - 🎟️ Tombol tiket ditekan untuk Tipe: SPIN001
2025-11-07 08:56:54,121 - INFO - OLED: 192.168.99.31 |  |  | 
2025-11-07 08:56:54,123 - INFO - ✅ PROSES TIKET DIMULAI...
2025-11-07 08:56:55,848 - INFO - OLED: 192.168.99.31 | Process print ticket |  | 
2025-11-07 08:56:56,545 - INFO - Validasi Online Sukses. Memulai print...
2025-11-07 08:56:58,261 - INFO - OLED: 192.168.99.31 | Process print | Online ticket | 
2025-11-07 08:57:00,084 - INFO - USB printer enabled
2025-11-07 08:57:01,269 - INFO - === SELESAI print, akan cut ===
2025-11-07 08:57:02,898 - INFO - OLED: 192.168.99.31 | Success print ticket |  | 
2025-11-07 08:57:03,091 - INFO - Success print ticket (Online)
2025-11-07 08:57:04,848 - INFO - OLED: 192.168.99.31 | Success print | Online ticket | 
2025-11-07 08:57:05,058 - INFO - Closing Usb connection to printer (1155, 22339)
2025-11-07 08:57:05,067 - INFO - Validasi sukses, Buka Palang.
2025-11-07 08:57:06,810 - INFO - OLED: 192.168.99.31 | Validate success | Gate opened | 
2025-11-07 08:57:06,991 - INFO - ✅ Coil 0 set to ON
2025-11-07 08:57:08,543 - INFO - OLED: 192.168.99.31 |  |  | 
2025-11-07 08:57:08,755 - INFO - Proses Tiket sukses. Sistem menunggu kendaraan pergi.
2025-11-07 08:57:09,106 - INFO - OLED: 192.168.99.31 | Success print | Waiting vehicle entered | 
2025-11-07 08:57:48,871 - INFO - ⚪ Kendaraan meninggalkan loop sensor
2025-11-07 08:57:49,157 - INFO - OLED: 192.168.99.31 | Vehicle not detected |  | 
2025-11-07 08:59:17,066 - INFO - Raspberry PI IP: 192.168.99.31
2025-11-07 08:59:17,068 - INFO - 
🚀 Memulai setup dari flash disk...
2025-11-07 08:59:17,068 - INFO - OLED (unavailable): 192.168.99.31 |  |  | 
2025-11-07 08:59:17,069 - INFO - Memindai drive removable (flash disk)...
2025-11-07 08:59:17,070 - INFO - OLED (unavailable): 192.168.99.31 |  |  | 
2025-11-07 08:59:17,073 - INFO - Drive (Linux fallback) terdeteksi: ['/media/pi/D066-6CE3']
2025-11-07 08:59:17,074 - INFO - OLED (unavailable): 192.168.99.31 |  |  | 
2025-11-07 08:59:17,075 - INFO - Drive final ditemukan: ['/media/pi/D066-6CE3']
2025-11-07 08:59:17,076 - INFO - OLED (unavailable): 192.168.99.31 |  |  | 
2025-11-07 08:59:17,077 - INFO - Mencari file .env di: /media/pi/D066-6CE3/.env
2025-11-07 08:59:17,078 - INFO - OLED (unavailable): 192.168.99.31 |  |  | 
2025-11-07 08:59:17,079 - INFO - ✅ File .env ditemukan di: /media/pi/D066-6CE3
2025-11-07 08:59:17,080 - INFO - OLED (unavailable): 192.168.99.31 |  |  | 
2025-11-07 08:59:17,083 - INFO - ✅ BERHASIL: File .env disalin ke ./.env
2025-11-07 08:59:17,084 - INFO - OLED (unavailable): 192.168.99.31 |  |  | 
2025-11-07 08:59:17,085 - INFO - Memuat variabel dari ./.env...
2025-11-07 08:59:17,085 - INFO - OLED (unavailable): 192.168.99.31 |  |  | 
2025-11-07 08:59:17,107 - INFO - ✅ Variabel lingkungan (environment) berhasil dimuat.
2025-11-07 08:59:17,109 - INFO - OLED (unavailable): 192.168.99.31 |  |  | 
2025-11-07 08:59:17,111 - INFO - Variabel 'BACKGROUND_IMAGE' ditemukan: parking.jpg
2025-11-07 08:59:17,112 - INFO - OLED (unavailable): 192.168.99.31 |  |  | 
2025-11-07 08:59:17,113 - INFO - Mencari file aset di: /media/pi/D066-6CE3/parking.jpg
2025-11-07 08:59:17,113 - INFO - OLED (unavailable): 192.168.99.31 |  |  | 
2025-11-07 08:59:17,134 - INFO - ✅ BERHASIL: File 'parking.jpg' disalin ke ./assets/parking.jpg
2025-11-07 08:59:17,135 - INFO - OLED (unavailable): 192.168.99.31 |  |  | 
2025-11-07 08:59:17,136 - INFO - 
Setup dari flash disk selesai.
2025-11-07 08:59:17,136 - INFO - OLED (unavailable): 192.168.99.31 |  |  | 
2025-11-07 08:59:17,137 - INFO - Printer Config (Integers): VENDOR=1155, PRODUCT=22339
2025-11-07 08:59:17,138 - INFO - OLED (unavailable): 192.168.99.31 |  |  | 
2025-11-07 08:59:17,390 - INFO - ✅ OLED display initialized successfully
2025-11-07 08:59:19,486 - INFO - ✅ Connected to None:None
2025-11-07 08:59:19,633 - INFO - OLED: 192.168.99.31 |  |  | 
2025-11-07 08:59:19,642 - INFO - ✅ Emoney reader connected
2025-11-07 08:59:19,643 - INFO - ✅ RFID reader connected
2025-11-07 08:59:19,818 - INFO - ✅ LPR connected
2025-11-07 08:59:22,749 - INFO - OLED: 192.168.99.31 | RFID Connected |  | 
2025-11-07 08:59:22,926 - INFO - OLED: 192.168.99.31 |  |  | 
2025-11-07 08:59:22,941 - INFO - OLED: 192.168.99.31 | Emoney connected |  | 
2025-11-07 08:59:31,716 - INFO - 🚗 Kendaraan terdeteksi: SPIN001
2025-11-07 08:59:33,061 - INFO - OLED: 192.168.99.31 | Vehicle detected | None | 
2025-11-07 08:59:38,009 - INFO - Sistem SIBUK oleh Tombol Tiket. Tipe: SPIN001
2025-11-07 08:59:39,407 - INFO - OLED: 192.168.99.31 | Button pressed | Handle print ticket | 
2025-11-07 08:59:39,410 - INFO - 🎟️ Tombol tiket ditekan untuk Tipe: SPIN001
2025-11-07 08:59:41,092 - INFO - OLED: 192.168.99.31 |  |  | 
2025-11-07 08:59:41,272 - INFO - ✅ PROSES TIKET DIMULAI...
2025-11-07 08:59:42,646 - INFO - OLED: 192.168.99.31 | Process print ticket |  | 
2025-11-07 08:59:43,373 - INFO - Validasi Online Sukses. Memulai print...
2025-11-07 08:59:44,956 - INFO - OLED: 192.168.99.31 | Process print | Online ticket | 
2025-11-07 08:59:46,159 - INFO - USB printer enabled
2025-11-07 08:59:47,318 - INFO - === SELESAI print, akan cut ===
2025-11-07 08:59:48,887 - INFO - OLED: 192.168.99.31 | Success print ticket |  | 
2025-11-07 08:59:49,081 - INFO - Success print ticket (Online)
2025-11-07 08:59:50,656 - INFO - OLED: 192.168.99.31 | Success print | Online ticket | 
2025-11-07 08:59:50,658 - INFO - Closing Usb connection to printer (1155, 22339)
2025-11-07 08:59:50,835 - INFO - Validasi sukses, Buka Palang.
2025-11-07 08:59:52,089 - INFO - OLED: 192.168.99.31 | Validate success | Gate opened | 
2025-11-07 08:59:52,455 - INFO - ✅ Coil 0 set to ON
2025-11-07 08:59:53,891 - INFO - OLED: 192.168.99.31 |  |  | 
2025-11-07 08:59:53,897 - INFO - Proses Tiket sukses. Sistem menunggu kendaraan pergi.
2025-11-07 08:59:54,176 - INFO - OLED: 192.168.99.31 | Success print | Waiting vehicle entered | 
2025-11-07 08:59:57,996 - INFO - ⚪ Kendaraan meninggalkan loop sensor
2025-11-07 08:59:58,225 - INFO - OLED: 192.168.99.31 | Vehicle not detected |  | 
2025-11-07 08:59:58,226 - INFO - ✅ Sistem SIAP kembali (Kendaraan Pergi).
2025-11-07 08:59:59,789 - INFO - OLED: 192.168.99.31 | System ready |  | 
2025-11-07 09:00:09,505 - INFO - 🚗 Kendaraan terdeteksi: SPIN001
2025-11-07 09:00:11,249 - INFO - OLED: 192.168.99.31 | Vehicle detected | None | 
2025-11-07 09:00:15,876 - INFO - Sistem SIBUK oleh E-Money. Tipe: SPIN001
2025-11-07 09:00:17,411 - INFO - OLED: 192.168.99.31 | Emoney process |  | 
2025-11-07 09:00:18,602 - INFO - Processs emoney
2025-11-07 09:00:20,310 - INFO - OLED: 192.168.99.31 | Process emoney data |  | 
2025-11-07 09:00:20,313 - INFO - 57
2025-11-07 09:00:22,028 - INFO - OLED: 192.168.99.31 |  |  | 
2025-11-07 09:00:22,030 - INFO - LRC True
2025-11-07 09:00:23,742 - INFO - OLED: 192.168.99.31 |  |  | 
2025-11-07 09:00:23,744 - INFO - eMoney Mandiri Card
2025-11-07 09:00:25,435 - INFO - OLED: 192.168.99.31 |  |  | 
2025-11-07 09:00:25,436 - INFO - UID card
2025-11-07 09:00:27,093 - INFO - OLED: 192.168.99.31 |  |  | 
2025-11-07 09:00:27,101 - INFO - 0000006FEB850E
2025-11-07 09:00:28,630 - INFO - OLED: 192.168.99.31 |  |  | 
2025-11-07 09:00:28,633 - INFO - Card balance and card number is valid
2025-11-07 09:00:30,044 - INFO - OLED: 192.168.99.31 |  |  | 
2025-11-07 09:00:30,045 - INFO - Card no
2025-11-07 09:00:31,422 - INFO - OLED: 192.168.99.31 |  |  | 
2025-11-07 09:00:31,423 - INFO - 6032982803626199
2025-11-07 09:00:32,988 - INFO - OLED: 192.168.99.31 |  |  | 
2025-11-07 09:00:32,989 - INFO - balance
2025-11-07 09:00:33,674 - INFO - Tombol ditekan, tapi sistem SIBUK. Abaikan.
2025-11-07 09:00:35,099 - INFO - OLED: 192.168.99.31 |  |  | 
2025-11-07 09:00:35,273 - INFO - 8980
2025-11-07 09:00:36,033 - INFO - OLED: 192.168.99.31 | Button pressed only |  | 
2025-11-07 09:00:37,065 - INFO - OLED: 192.168.99.31 |  |  | 
2025-11-07 09:00:37,235 - INFO - EMoney Detected: 02 - 6032982803626199
2025-11-07 09:00:38,035 - INFO - OLED: 192.168.99.31 |  |  | 
2025-11-07 09:00:39,432 - INFO - ✅ Coil 0 set to ON
2025-11-07 09:00:41,190 - INFO - OLED: 192.168.99.31 |  |  | 
2025-11-07 09:00:41,208 - INFO - [Trigger] Ticket data written to ticket_data.json
2025-11-07 09:00:42,931 - INFO - OLED: 192.168.99.31 |  |  | 
2025-11-07 09:00:42,939 - INFO - Proses E-Money sukses. Sistem menunggu kendaraan pergi.
2025-11-07 09:00:43,251 - INFO - OLED: 192.168.99.31 | Emoney success | Waiting vehicle entered | 
2025-11-07 09:02:06,523 - INFO - Raspberry PI IP: 192.168.99.31
2025-11-07 09:02:06,525 - INFO - 
🚀 Memulai setup dari flash disk...
2025-11-07 09:02:06,526 - INFO - OLED (unavailable): 192.168.99.31 |  |  | 
2025-11-07 09:02:06,527 - INFO - Memindai drive removable (flash disk)...
2025-11-07 09:02:06,528 - INFO - OLED (unavailable): 192.168.99.31 |  |  | 
2025-11-07 09:02:06,531 - INFO - Drive (Linux fallback) terdeteksi: ['/media/pi/D066-6CE3']
2025-11-07 09:02:06,532 - INFO - OLED (unavailable): 192.168.99.31 |  |  | 
2025-11-07 09:02:06,533 - INFO - Drive final ditemukan: ['/media/pi/D066-6CE3']
2025-11-07 09:02:06,534 - INFO - OLED (unavailable): 192.168.99.31 |  |  | 
2025-11-07 09:02:06,534 - INFO - Mencari file .env di: /media/pi/D066-6CE3/.env
2025-11-07 09:02:06,535 - INFO - OLED (unavailable): 192.168.99.31 |  |  | 
2025-11-07 09:02:06,536 - INFO - ✅ File .env ditemukan di: /media/pi/D066-6CE3
2025-11-07 09:02:06,537 - INFO - OLED (unavailable): 192.168.99.31 |  |  | 
2025-11-07 09:02:06,540 - INFO - ✅ BERHASIL: File .env disalin ke ./.env
2025-11-07 09:02:06,541 - INFO - OLED (unavailable): 192.168.99.31 |  |  | 
2025-11-07 09:02:06,542 - INFO - Memuat variabel dari ./.env...
2025-11-07 09:02:06,542 - INFO - OLED (unavailable): 192.168.99.31 |  |  | 
2025-11-07 09:02:06,563 - INFO - ✅ Variabel lingkungan (environment) berhasil dimuat.
2025-11-07 09:02:06,565 - INFO - OLED (unavailable): 192.168.99.31 |  |  | 
2025-11-07 09:02:06,566 - INFO - Variabel 'BACKGROUND_IMAGE' ditemukan: parking.jpg
2025-11-07 09:02:06,567 - INFO - OLED (unavailable): 192.168.99.31 |  |  | 
2025-11-07 09:02:06,568 - INFO - Mencari file aset di: /media/pi/D066-6CE3/parking.jpg
2025-11-07 09:02:06,569 - INFO - OLED (unavailable): 192.168.99.31 |  |  | 
2025-11-07 09:02:06,591 - INFO - ✅ BERHASIL: File 'parking.jpg' disalin ke ./assets/parking.jpg
2025-11-07 09:02:06,592 - INFO - OLED (unavailable): 192.168.99.31 |  |  | 
2025-11-07 09:02:06,592 - INFO - 
Setup dari flash disk selesai.
2025-11-07 09:02:06,593 - INFO - OLED (unavailable): 192.168.99.31 |  |  | 
2025-11-07 09:02:06,593 - INFO - Printer Config (Integers): VENDOR=1155, PRODUCT=22339
2025-11-07 09:02:06,594 - INFO - OLED (unavailable): 192.168.99.31 |  |  | 
2025-11-07 09:02:06,832 - INFO - ✅ OLED display initialized successfully
2025-11-07 09:02:09,017 - INFO - ✅ Connected to None:None
2025-11-07 09:02:09,171 - INFO - OLED: 192.168.99.31 |  |  | 
2025-11-07 09:02:09,179 - INFO - ✅ LPR connected
2025-11-07 09:02:09,180 - INFO - ✅ Emoney reader connected
2025-11-07 09:02:09,349 - INFO - 🚗 Kendaraan terdeteksi: SPIN001
2025-11-07 09:02:09,542 - INFO - ✅ RFID reader connected
2025-11-07 09:02:12,788 - INFO - OLED: 192.168.99.31 |  |  | 
2025-11-07 09:02:13,167 - INFO - OLED: 192.168.99.31 | Emoney connected |  | 
2025-11-07 09:02:13,176 - INFO - OLED: 192.168.99.31 | Vehicle detected | None | 
2025-11-07 09:02:13,182 - INFO - OLED: 192.168.99.31 | RFID Connected |  | 
2025-11-07 09:02:25,605 - INFO - ⚪ Kendaraan meninggalkan loop sensor
2025-11-07 09:02:27,169 - INFO - OLED: 192.168.99.31 | Vehicle not detected |  | 
2025-11-07 09:02:27,857 - INFO - 🚗 Kendaraan terdeteksi: SPIN001
2025-11-07 09:02:29,403 - INFO - OLED: 192.168.99.31 | Vehicle detected | None | 
2025-11-07 09:02:33,140 - INFO - Sistem SIBUK oleh E-Money. Tipe: SPIN001
2025-11-07 09:02:34,871 - INFO - OLED: 192.168.99.31 | Emoney process |  | 
2025-11-07 09:02:36,111 - INFO - Processs emoney
2025-11-07 09:02:37,683 - INFO - OLED: 192.168.99.31 | Process emoney data |  | 
2025-11-07 09:02:37,687 - INFO - 57
2025-11-07 09:02:39,270 - INFO - OLED: 192.168.99.31 |  |  | 
2025-11-07 09:02:39,272 - INFO - LRC True
2025-11-07 09:02:41,196 - INFO - OLED: 192.168.99.31 |  |  | 
2025-11-07 09:02:41,199 - INFO - eMoney Mandiri Card
2025-11-07 09:02:42,933 - INFO - OLED: 192.168.99.31 |  |  | 
2025-11-07 09:02:42,936 - INFO - UID card
2025-11-07 09:02:44,722 - INFO - OLED: 192.168.99.31 |  |  | 
2025-11-07 09:02:44,724 - INFO - 0000006FEB850E
2025-11-07 09:02:46,321 - INFO - OLED: 192.168.99.31 |  |  | 
2025-11-07 09:02:46,324 - INFO - Card balance and card number is valid
2025-11-07 09:02:48,250 - INFO - OLED: 192.168.99.31 |  |  | 
2025-11-07 09:02:48,260 - INFO - Card no
2025-11-07 09:02:50,104 - INFO - OLED: 192.168.99.31 |  |  | 
2025-11-07 09:02:50,106 - INFO - 6032982803626199
2025-11-07 09:02:51,822 - INFO - OLED: 192.168.99.31 |  |  | 
2025-11-07 09:02:51,825 - INFO - balance
2025-11-07 09:02:53,371 - INFO - OLED: 192.168.99.31 |  |  | 
2025-11-07 09:02:53,373 - INFO - 8980
2025-11-07 09:02:55,069 - INFO - OLED: 192.168.99.31 |  |  | 
2025-11-07 09:02:55,071 - INFO - EMoney Detected: 02 - 6032982803626199
2025-11-07 09:02:56,711 - INFO - OLED: 192.168.99.31 |  |  | 
2025-11-07 09:02:59,101 - INFO - Sistem SIAP kembali (dari E-Money GAGAL).
2025-11-07 09:03:00,535 - INFO - OLED: 192.168.99.31 | System ready |  | 
2025-11-07 09:04:00,661 - INFO - Raspberry PI IP: 192.168.99.31
2025-11-07 09:04:00,663 - INFO - 
🚀 Memulai setup dari flash disk...
2025-11-07 09:04:00,664 - INFO - OLED (unavailable): 192.168.99.31 |  |  | 
2025-11-07 09:04:00,664 - INFO - Memindai drive removable (flash disk)...
2025-11-07 09:04:00,665 - INFO - OLED (unavailable): 192.168.99.31 |  |  | 
2025-11-07 09:04:00,669 - INFO - Drive (Linux fallback) terdeteksi: ['/media/pi/D066-6CE3']
2025-11-07 09:04:00,670 - INFO - OLED (unavailable): 192.168.99.31 |  |  | 
2025-11-07 09:04:00,670 - INFO - Drive final ditemukan: ['/media/pi/D066-6CE3']
2025-11-07 09:04:00,671 - INFO - OLED (unavailable): 192.168.99.31 |  |  | 
2025-11-07 09:04:00,672 - INFO - Mencari file .env di: /media/pi/D066-6CE3/.env
2025-11-07 09:04:00,673 - INFO - OLED (unavailable): 192.168.99.31 |  |  | 
2025-11-07 09:04:00,674 - INFO - ✅ File .env ditemukan di: /media/pi/D066-6CE3
2025-11-07 09:04:00,675 - INFO - OLED (unavailable): 192.168.99.31 |  |  | 
2025-11-07 09:04:00,677 - INFO - ✅ BERHASIL: File .env disalin ke ./.env
2025-11-07 09:04:00,678 - INFO - OLED (unavailable): 192.168.99.31 |  |  | 
2025-11-07 09:04:00,679 - INFO - Memuat variabel dari ./.env...
2025-11-07 09:04:00,680 - INFO - OLED (unavailable): 192.168.99.31 |  |  | 
2025-11-07 09:04:00,704 - INFO - ✅ Variabel lingkungan (environment) berhasil dimuat.
2025-11-07 09:04:00,706 - INFO - OLED (unavailable): 192.168.99.31 |  |  | 
2025-11-07 09:04:00,707 - INFO - Variabel 'BACKGROUND_IMAGE' ditemukan: parking.jpg
2025-11-07 09:04:00,708 - INFO - OLED (unavailable): 192.168.99.31 |  |  | 
2025-11-07 09:04:00,709 - INFO - Mencari file aset di: /media/pi/D066-6CE3/parking.jpg
2025-11-07 09:04:00,710 - INFO - OLED (unavailable): 192.168.99.31 |  |  | 
2025-11-07 09:04:00,733 - INFO - ✅ BERHASIL: File 'parking.jpg' disalin ke ./assets/parking.jpg
2025-11-07 09:04:00,734 - INFO - OLED (unavailable): 192.168.99.31 |  |  | 
2025-11-07 09:04:00,736 - INFO - 
Setup dari flash disk selesai.
2025-11-07 09:04:00,738 - INFO - OLED (unavailable): 192.168.99.31 |  |  | 
2025-11-07 09:04:00,740 - INFO - Printer Config (Integers): VENDOR=1155, PRODUCT=22339
2025-11-07 09:04:00,742 - INFO - OLED (unavailable): 192.168.99.31 |  |  | 
2025-11-07 09:04:00,987 - INFO - ✅ OLED display initialized successfully
2025-11-07 09:04:03,106 - INFO - ✅ Connected to None:None
2025-11-07 09:04:03,249 - INFO - OLED: 192.168.99.31 |  |  | 
2025-11-07 09:04:03,259 - INFO - ✅ LPR connected
2025-11-07 09:04:03,261 - INFO - ✅ Emoney reader connected
2025-11-07 09:04:03,433 - INFO - 🚗 Kendaraan terdeteksi: SPIN001
2025-11-07 09:04:03,446 - INFO - [RFID Error] [Errno 71] Protokol error
2025-11-07 09:04:06,980 - INFO - OLED: 192.168.99.31 |  |  | 
2025-11-07 09:04:06,991 - INFO - OLED: 192.168.99.31 | Vehicle detected | None | 
2025-11-07 09:04:07,004 - INFO - OLED: 192.168.99.31 |  |  | 
2025-11-07 09:04:07,217 - INFO - OLED: 192.168.99.31 | Emoney connected |  | 
2025-11-07 09:04:07,596 - INFO - ✅ RFID reader connected
2025-11-07 09:04:09,316 - INFO - OLED: 192.168.99.31 | RFID Connected |  | 
2025-11-07 09:04:19,930 - INFO - Sistem SIBUK oleh E-Money. Tipe: SPIN001
2025-11-07 09:04:21,321 - INFO - OLED: 192.168.99.31 | Emoney process |  | 
2025-11-07 09:04:22,329 - INFO - Processs emoney
2025-11-07 09:04:24,066 - INFO - OLED: 192.168.99.31 | Process emoney data |  | 
2025-11-07 09:04:24,068 - INFO - 57
2025-11-07 09:04:25,760 - INFO - OLED: 192.168.99.31 |  |  | 
2025-11-07 09:04:25,762 - INFO - LRC True
2025-11-07 09:04:27,458 - INFO - OLED: 192.168.99.31 |  |  | 
2025-11-07 09:04:27,465 - INFO - eMoney Mandiri Card
2025-11-07 09:04:29,033 - INFO - ⚪ Kendaraan meninggalkan loop sensor
2025-11-07 09:04:29,035 - INFO - OLED: 192.168.99.31 |  |  | 
2025-11-07 09:04:29,050 - INFO - UID card
2025-11-07 09:04:31,622 - INFO - OLED: 192.168.99.31 |  |  | 
2025-11-07 09:04:31,624 - INFO - 0000006FEB850E
2025-11-07 09:04:31,627 - INFO - OLED: 192.168.99.31 | Vehicle not detected |  | 
2025-11-07 09:04:31,636 - INFO - ✅ Sistem SIAP kembali (Kendaraan Pergi).
2025-11-07 09:04:34,173 - INFO - OLED: 192.168.99.31 |  |  | 
2025-11-07 09:04:34,176 - INFO - Card balance and card number is valid
2025-11-07 09:04:34,177 - INFO - OLED: 192.168.99.31 | System ready |  | 
2025-11-07 09:04:34,900 - INFO - 🚗 Kendaraan terdeteksi: SPIN001
2025-11-07 09:04:36,587 - INFO - OLED: 192.168.99.31 |  |  | 
2025-11-07 09:04:36,590 - INFO - Card no
2025-11-07 09:04:37,454 - INFO - OLED: 192.168.99.31 | Vehicle detected | None | 
2025-11-07 09:04:38,709 - INFO - OLED: 192.168.99.31 |  |  | 
2025-11-07 09:04:38,711 - INFO - 6032982803626199
2025-11-07 09:04:40,476 - INFO - OLED: 192.168.99.31 |  |  | 
2025-11-07 09:04:40,480 - INFO - balance
2025-11-07 09:04:42,180 - INFO - OLED: 192.168.99.31 |  |  | 
2025-11-07 09:04:42,182 - INFO - 8980
2025-11-07 09:04:43,903 - INFO - OLED: 192.168.99.31 |  |  | 
2025-11-07 09:04:43,907 - INFO - EMoney Detected: 02 - 6032982803626199
2025-11-07 09:04:45,578 - INFO - OLED: 192.168.99.31 |  |  | 
2025-11-07 09:04:46,170 - INFO - ✅ Coil 0 set to ON
2025-11-07 09:04:47,913 - INFO - OLED: 192.168.99.31 |  |  | 
2025-11-07 09:04:47,925 - INFO - [Trigger] Ticket data written to ticket_data.json
2025-11-07 09:04:49,669 - INFO - OLED: 192.168.99.31 |  |  | 
2025-11-07 09:04:49,675 - INFO - Proses E-Money sukses. Sistem menunggu kendaraan pergi.
2025-11-07 09:04:49,967 - INFO - OLED: 192.168.99.31 | Emoney success | Waiting vehicle entered | 
2025-11-07 09:05:13,703 - INFO - Raspberry PI IP: 192.168.99.31
2025-11-07 09:05:13,705 - INFO - 
🚀 Memulai setup dari flash disk...
2025-11-07 09:05:13,706 - INFO - OLED (unavailable): 192.168.99.31 |  |  | 
2025-11-07 09:05:13,707 - INFO - Memindai drive removable (flash disk)...
2025-11-07 09:05:13,708 - INFO - OLED (unavailable): 192.168.99.31 |  |  | 
2025-11-07 09:05:13,712 - INFO - Drive (Linux fallback) terdeteksi: ['/media/pi/D066-6CE3']
2025-11-07 09:05:13,713 - INFO - OLED (unavailable): 192.168.99.31 |  |  | 
2025-11-07 09:05:13,714 - INFO - Drive final ditemukan: ['/media/pi/D066-6CE3']
2025-11-07 09:05:13,715 - INFO - OLED (unavailable): 192.168.99.31 |  |  | 
2025-11-07 09:05:13,716 - INFO - Mencari file .env di: /media/pi/D066-6CE3/.env
2025-11-07 09:05:13,717 - INFO - OLED (unavailable): 192.168.99.31 |  |  | 
2025-11-07 09:05:13,717 - INFO - ✅ File .env ditemukan di: /media/pi/D066-6CE3
2025-11-07 09:05:13,719 - INFO - OLED (unavailable): 192.168.99.31 |  |  | 
2025-11-07 09:05:13,722 - INFO - ✅ BERHASIL: File .env disalin ke ./.env
2025-11-07 09:05:13,722 - INFO - OLED (unavailable): 192.168.99.31 |  |  | 
2025-11-07 09:05:13,723 - INFO - Memuat variabel dari ./.env...
2025-11-07 09:05:13,724 - INFO - OLED (unavailable): 192.168.99.31 |  |  | 
2025-11-07 09:05:13,747 - INFO - ✅ Variabel lingkungan (environment) berhasil dimuat.
2025-11-07 09:05:13,748 - INFO - OLED (unavailable): 192.168.99.31 |  |  | 
2025-11-07 09:05:13,749 - INFO - Variabel 'BACKGROUND_IMAGE' ditemukan: parking.jpg
2025-11-07 09:05:13,749 - INFO - OLED (unavailable): 192.168.99.31 |  |  | 
2025-11-07 09:05:13,750 - INFO - Mencari file aset di: /media/pi/D066-6CE3/parking.jpg
2025-11-07 09:05:13,750 - INFO - OLED (unavailable): 192.168.99.31 |  |  | 
2025-11-07 09:05:13,771 - INFO - ✅ BERHASIL: File 'parking.jpg' disalin ke ./assets/parking.jpg
2025-11-07 09:05:13,773 - INFO - OLED (unavailable): 192.168.99.31 |  |  | 
2025-11-07 09:05:13,774 - INFO - 
Setup dari flash disk selesai.
2025-11-07 09:05:13,776 - INFO - OLED (unavailable): 192.168.99.31 |  |  | 
2025-11-07 09:05:13,777 - INFO - Printer Config (Integers): VENDOR=1155, PRODUCT=22339
2025-11-07 09:05:13,778 - INFO - OLED (unavailable): 192.168.99.31 |  |  | 
2025-11-07 09:05:14,021 - INFO - ✅ OLED display initialized successfully
2025-11-07 09:05:16,363 - INFO - ✅ Connected to None:None
2025-11-07 09:05:16,503 - INFO - OLED: 192.168.99.31 |  |  | 
2025-11-07 09:05:16,510 - INFO - ✅ Emoney reader connected
2025-11-07 09:05:16,512 - INFO - ✅ RFID reader connected
2025-11-07 09:05:16,512 - INFO - ✅ LPR connected
2025-11-07 09:05:16,690 - INFO - 🚗 Kendaraan terdeteksi: SPIN001
2025-11-07 09:05:20,435 - INFO - OLED: 192.168.99.31 | Emoney connected |  | 
2025-11-07 09:05:20,655 - INFO - OLED: 192.168.99.31 | RFID Connected |  | 
2025-11-07 09:05:20,871 - INFO - OLED: 192.168.99.31 | Vehicle detected | None | 
2025-11-07 09:05:20,875 - INFO - OLED: 192.168.99.31 |  |  | 
2025-11-07 09:06:30,206 - INFO - Raspberry PI IP: 192.168.99.31
2025-11-07 09:06:30,208 - INFO - 
🚀 Memulai setup dari flash disk...
2025-11-07 09:06:30,209 - INFO - OLED (unavailable): 192.168.99.31 |  |  | 
2025-11-07 09:06:30,209 - INFO - Memindai drive removable (flash disk)...
2025-11-07 09:06:30,210 - INFO - OLED (unavailable): 192.168.99.31 |  |  | 
2025-11-07 09:06:30,213 - INFO - Drive (Linux fallback) terdeteksi: ['/media/pi/D066-6CE3']
2025-11-07 09:06:30,214 - INFO - OLED (unavailable): 192.168.99.31 |  |  | 
2025-11-07 09:06:30,215 - INFO - Drive final ditemukan: ['/media/pi/D066-6CE3']
2025-11-07 09:06:30,216 - INFO - OLED (unavailable): 192.168.99.31 |  |  | 
2025-11-07 09:06:30,217 - INFO - Mencari file .env di: /media/pi/D066-6CE3/.env
2025-11-07 09:06:30,218 - INFO - OLED (unavailable): 192.168.99.31 |  |  | 
2025-11-07 09:06:30,219 - INFO - ✅ File .env ditemukan di: /media/pi/D066-6CE3
2025-11-07 09:06:30,220 - INFO - OLED (unavailable): 192.168.99.31 |  |  | 
2025-11-07 09:06:30,226 - INFO - ✅ BERHASIL: File .env disalin ke ./.env
2025-11-07 09:06:30,227 - INFO - OLED (unavailable): 192.168.99.31 |  |  | 
2025-11-07 09:06:30,228 - INFO - Memuat variabel dari ./.env...
2025-11-07 09:06:30,228 - INFO - OLED (unavailable): 192.168.99.31 |  |  | 
2025-11-07 09:06:30,260 - INFO - ✅ Variabel lingkungan (environment) berhasil dimuat.
2025-11-07 09:06:30,261 - INFO - OLED (unavailable): 192.168.99.31 |  |  | 
2025-11-07 09:06:30,262 - INFO - Variabel 'BACKGROUND_IMAGE' ditemukan: parking.jpg
2025-11-07 09:06:30,262 - INFO - OLED (unavailable): 192.168.99.31 |  |  | 
2025-11-07 09:06:30,263 - INFO - Mencari file aset di: /media/pi/D066-6CE3/parking.jpg
2025-11-07 09:06:30,264 - INFO - OLED (unavailable): 192.168.99.31 |  |  | 
2025-11-07 09:06:30,287 - INFO - ✅ BERHASIL: File 'parking.jpg' disalin ke ./assets/parking.jpg
2025-11-07 09:06:30,288 - INFO - OLED (unavailable): 192.168.99.31 |  |  | 
2025-11-07 09:06:30,289 - INFO - 
Setup dari flash disk selesai.
2025-11-07 09:06:30,290 - INFO - OLED (unavailable): 192.168.99.31 |  |  | 
2025-11-07 09:06:30,291 - INFO - Printer Config (Integers): VENDOR=1155, PRODUCT=22339
2025-11-07 09:06:30,292 - INFO - OLED (unavailable): 192.168.99.31 |  |  | 
2025-11-07 09:06:30,527 - INFO - ✅ OLED display initialized successfully
2025-11-07 09:06:32,657 - INFO - ✅ Connected to None:None
2025-11-07 09:06:32,806 - INFO - OLED: 192.168.99.31 |  |  | 
2025-11-07 09:06:32,814 - INFO - ✅ Emoney reader connected
2025-11-07 09:06:32,816 - INFO - ✅ RFID reader connected
2025-11-07 09:06:32,816 - INFO - ✅ LPR connected
2025-11-07 09:06:33,007 - INFO - 🚗 Kendaraan terdeteksi: SPIN001
2025-11-07 09:06:36,733 - INFO - OLED: 192.168.99.31 | Emoney connected |  | 
2025-11-07 09:06:36,735 - INFO - OLED: 192.168.99.31 | RFID Connected |  | 
2025-11-07 09:06:36,745 - INFO - OLED: 192.168.99.31 |  |  | 
2025-11-07 09:06:36,928 - INFO - OLED: 192.168.99.31 | Vehicle detected | None | 
2025-11-07 09:06:46,076 - INFO - ⚪ Kendaraan meninggalkan loop sensor
2025-11-07 09:06:47,696 - INFO - OLED: 192.168.99.31 | Vehicle not detected |  | 
2025-11-07 09:06:51,897 - INFO - 🚗 Kendaraan terdeteksi: SPIN001
2025-11-07 09:06:53,442 - INFO - OLED: 192.168.99.31 | Vehicle detected | None | 
2025-11-07 09:06:57,750 - INFO - Sistem SIBUK oleh E-Money. Tipe: SPIN001
2025-11-07 09:06:59,538 - INFO - OLED: 192.168.99.31 | Emoney process |  | 
2025-11-07 09:07:00,576 - INFO - Processs emoney
2025-11-07 09:07:01,817 - INFO - License Plate Detected: B1497PRT  
2025-11-07 09:07:02,366 - INFO - OLED: 192.168.99.31 | Process emoney data |  | 
2025-11-07 09:07:02,379 - INFO - 57
2025-11-07 09:07:04,459 - INFO - OLED: 192.168.99.31 |  |  | 
2025-11-07 09:07:04,462 - INFO - LPR: File lpr saved successfully
2025-11-07 09:07:05,022 - INFO - OLED: 192.168.99.31 |  |  | 
2025-11-07 09:07:05,029 - INFO - LRC True
2025-11-07 09:07:07,285 - INFO - OLED: 192.168.99.31 |  |  | 
2025-11-07 09:07:07,806 - INFO - OLED: 192.168.99.31 |  |  | 
2025-11-07 09:07:07,808 - INFO - eMoney Mandiri Card
2025-11-07 09:07:09,324 - INFO - OLED: 192.168.99.31 |  |  | 
2025-11-07 09:07:09,327 - INFO - UID card
2025-11-07 09:07:10,711 - INFO - OLED: 192.168.99.31 |  |  | 
2025-11-07 09:07:10,713 - INFO - 0000006FEB850E
2025-11-07 09:07:12,439 - INFO - OLED: 192.168.99.31 |  |  | 
2025-11-07 09:07:12,441 - INFO - Card balance and card number is valid
2025-11-07 09:07:13,846 - INFO - OLED: 192.168.99.31 |  |  | 
2025-11-07 09:07:13,847 - INFO - Card no
2025-11-07 09:07:15,370 - INFO - OLED: 192.168.99.31 |  |  | 
2025-11-07 09:07:15,371 - INFO - 6032982803626199
2025-11-07 09:07:16,763 - INFO - OLED: 192.168.99.31 |  |  | 
2025-11-07 09:07:16,766 - INFO - balance
2025-11-07 09:07:18,127 - INFO - OLED: 192.168.99.31 |  |  | 
2025-11-07 09:07:18,130 - INFO - 8980
2025-11-07 09:07:19,496 - INFO - OLED: 192.168.99.31 |  |  | 
2025-11-07 09:07:19,679 - INFO - EMoney Detected: 02 - 6032982803626199
2025-11-07 09:07:21,273 - INFO - OLED: 192.168.99.31 |  |  | 
2025-11-07 09:07:22,706 - INFO - Sistem SIAP kembali (dari E-Money GAGAL).
2025-11-07 09:07:24,436 - INFO - OLED: 192.168.99.31 | System ready |  | 
2025-11-07 09:07:57,401 - INFO - ⚪ Kendaraan meninggalkan loop sensor
2025-11-07 09:07:58,819 - INFO - OLED: 192.168.99.31 | Vehicle not detected |  | 
2025-11-07 09:08:00,350 - INFO - 🚗 Kendaraan terdeteksi: SPIN001
2025-11-07 09:08:01,759 - INFO - OLED: 192.168.99.31 | Vehicle detected | None | 
2025-11-07 09:08:07,277 - INFO - Sistem SIBUK oleh E-Money. Tipe: SPIN001
2025-11-07 09:08:08,816 - INFO - OLED: 192.168.99.31 | Emoney process |  | 
2025-11-07 09:08:09,860 - INFO - Processs emoney
2025-11-07 09:08:11,413 - INFO - OLED: 192.168.99.31 | Process emoney data |  | 
2025-11-07 09:08:11,416 - INFO - 57
2025-11-07 09:08:13,331 - INFO - OLED: 192.168.99.31 |  |  | 
2025-11-07 09:08:13,341 - INFO - LRC True
2025-11-07 09:08:14,937 - INFO - OLED: 192.168.99.31 |  |  | 
2025-11-07 09:08:14,939 - INFO - eMoney Mandiri Card
2025-11-07 09:08:16,456 - INFO - OLED: 192.168.99.31 |  |  | 
2025-11-07 09:08:16,457 - INFO - UID card
2025-11-07 09:08:17,983 - INFO - OLED: 192.168.99.31 |  |  | 
2025-11-07 09:08:18,158 - INFO - 0000006FEB850E
2025-11-07 09:08:19,688 - INFO - OLED: 192.168.99.31 |  |  | 
2025-11-07 09:08:19,690 - INFO - Card balance and card number is valid
2025-11-07 09:08:21,241 - INFO - OLED: 192.168.99.31 |  |  | 
2025-11-07 09:08:21,245 - INFO - Card no
2025-11-07 09:08:22,971 - INFO - OLED: 192.168.99.31 |  |  | 
2025-11-07 09:08:22,972 - INFO - 6032982803626199
2025-11-07 09:08:24,551 - INFO - OLED: 192.168.99.31 |  |  | 
2025-11-07 09:08:24,553 - INFO - balance
2025-11-07 09:08:26,109 - INFO - OLED: 192.168.99.31 |  |  | 
2025-11-07 09:08:26,112 - INFO - 8980
2025-11-07 09:08:27,666 - INFO - OLED: 192.168.99.31 |  |  | 
2025-11-07 09:08:27,668 - INFO - EMoney Detected: 02 - 6032982803626199
2025-11-07 09:08:29,049 - INFO - OLED: 192.168.99.31 |  |  | 
2025-11-07 09:08:30,005 - INFO - ✅ Coil 0 set to ON
2025-11-07 09:08:31,668 - INFO - OLED: 192.168.99.31 |  |  | 
2025-11-07 09:08:31,676 - INFO - [Trigger] Ticket data written to ticket_data.json
2025-11-07 09:08:33,259 - INFO - OLED: 192.168.99.31 |  |  | 
2025-11-07 09:08:33,268 - INFO - Proses E-Money sukses. Sistem menunggu kendaraan pergi.
2025-11-07 09:08:33,567 - INFO - OLED: 192.168.99.31 | Emoney success | Waiting vehicle entered | 
2025-11-07 09:09:05,506 - INFO - ⚪ Kendaraan meninggalkan loop sensor
2025-11-07 09:09:05,759 - INFO - OLED: 192.168.99.31 | Vehicle not detected |  | 
2025-11-07 09:09:05,760 - INFO - ✅ Sistem SIAP kembali (Kendaraan Pergi).
2025-11-07 09:09:07,330 - INFO - OLED: 192.168.99.31 | System ready |  | 
2025-11-07 09:09:46,618 - INFO - 🚗 Kendaraan terdeteksi: SPIN001
2025-11-07 09:09:48,008 - INFO - OLED: 192.168.99.31 | Vehicle detected | None | 
2025-11-07 09:09:51,668 - INFO - Sistem SIBUK oleh E-Money. Tipe: SPIN001
2025-11-07 09:09:53,041 - INFO - OLED: 192.168.99.31 | Emoney process |  | 
2025-11-07 09:09:54,360 - INFO - Processs emoney
2025-11-07 09:09:55,919 - INFO - OLED: 192.168.99.31 | Process emoney data |  | 
2025-11-07 09:09:55,921 - INFO - 57
2025-11-07 09:09:57,657 - INFO - OLED: 192.168.99.31 |  |  | 
2025-11-07 09:09:57,663 - INFO - LRC True
2025-11-07 09:09:59,252 - INFO - OLED: 192.168.99.31 |  |  | 
2025-11-07 09:09:59,253 - INFO - eMoney Mandiri Card
2025-11-07 09:10:00,851 - INFO - OLED: 192.168.99.31 |  |  | 
2025-11-07 09:10:01,050 - INFO - UID card
2025-11-07 09:10:02,637 - INFO - OLED: 192.168.99.31 |  |  | 
2025-11-07 09:10:02,819 - INFO - 0000006FEB850E
2025-11-07 09:10:04,550 - INFO - OLED: 192.168.99.31 |  |  | 
2025-11-07 09:10:04,553 - INFO - Card balance and card number is valid
2025-11-07 09:10:06,073 - INFO - OLED: 192.168.99.31 |  |  | 
2025-11-07 09:10:06,075 - INFO - Card no
2025-11-07 09:10:07,833 - INFO - OLED: 192.168.99.31 |  |  | 
2025-11-07 09:10:07,835 - INFO - 6032982803626199
2025-11-07 09:10:09,347 - INFO - OLED: 192.168.99.31 |  |  | 
2025-11-07 09:10:09,554 - INFO - balance
2025-11-07 09:10:11,307 - INFO - OLED: 192.168.99.31 |  |  | 
2025-11-07 09:10:11,308 - INFO - 8980
2025-11-07 09:10:12,856 - INFO - OLED: 192.168.99.31 |  |  | 
2025-11-07 09:10:12,858 - INFO - EMoney Detected: 02 - 6032982803626199
2025-11-07 09:10:14,516 - INFO - OLED: 192.168.99.31 |  |  | 
2025-11-07 09:10:15,073 - INFO - ✅ Coil 0 set to ON
2025-11-07 09:10:16,583 - INFO - OLED: 192.168.99.31 |  |  | 
2025-11-07 09:10:16,587 - INFO - [Trigger] Ticket data written to ticket_data.json
2025-11-07 09:10:18,301 - INFO - OLED: 192.168.99.31 |  |  | 
2025-11-07 09:10:18,306 - INFO - Proses E-Money sukses. Sistem menunggu kendaraan pergi.
2025-11-07 09:10:18,554 - INFO - OLED: 192.168.99.31 | Emoney success | Waiting vehicle entered | 
2025-11-07 09:11:36,131 - INFO - Raspberry PI IP: 192.168.99.31
2025-11-07 09:11:36,133 - INFO - 
🚀 Memulai setup dari flash disk...
2025-11-07 09:11:36,134 - INFO - OLED (unavailable): 192.168.99.31 |  |  | 
2025-11-07 09:11:36,135 - INFO - Memindai drive removable (flash disk)...
2025-11-07 09:11:36,135 - INFO - OLED (unavailable): 192.168.99.31 |  |  | 
2025-11-07 09:11:36,139 - INFO - Drive (Linux fallback) terdeteksi: ['/media/pi/D066-6CE3']
2025-11-07 09:11:36,140 - INFO - OLED (unavailable): 192.168.99.31 |  |  | 
2025-11-07 09:11:36,141 - INFO - Drive final ditemukan: ['/media/pi/D066-6CE3']
2025-11-07 09:11:36,141 - INFO - OLED (unavailable): 192.168.99.31 |  |  | 
2025-11-07 09:11:36,142 - INFO - Mencari file .env di: /media/pi/D066-6CE3/.env
2025-11-07 09:11:36,143 - INFO - OLED (unavailable): 192.168.99.31 |  |  | 
2025-11-07 09:11:36,144 - INFO - ✅ File .env ditemukan di: /media/pi/D066-6CE3
2025-11-07 09:11:36,145 - INFO - OLED (unavailable): 192.168.99.31 |  |  | 
2025-11-07 09:11:36,148 - INFO - ✅ BERHASIL: File .env disalin ke ./.env
2025-11-07 09:11:36,149 - INFO - OLED (unavailable): 192.168.99.31 |  |  | 
2025-11-07 09:11:36,150 - INFO - Memuat variabel dari ./.env...
2025-11-07 09:11:36,150 - INFO - OLED (unavailable): 192.168.99.31 |  |  | 
2025-11-07 09:11:36,172 - INFO - ✅ Variabel lingkungan (environment) berhasil dimuat.
2025-11-07 09:11:36,173 - INFO - OLED (unavailable): 192.168.99.31 |  |  | 
2025-11-07 09:11:36,175 - INFO - Variabel 'BACKGROUND_IMAGE' ditemukan: parking.jpg
2025-11-07 09:11:36,176 - INFO - OLED (unavailable): 192.168.99.31 |  |  | 
2025-11-07 09:11:36,178 - INFO - Mencari file aset di: /media/pi/D066-6CE3/parking.jpg
2025-11-07 09:11:36,179 - INFO - OLED (unavailable): 192.168.99.31 |  |  | 
2025-11-07 09:11:36,236 - INFO - ✅ BERHASIL: File 'parking.jpg' disalin ke ./assets/parking.jpg
2025-11-07 09:11:36,239 - INFO - OLED (unavailable): 192.168.99.31 |  |  | 
2025-11-07 09:11:36,240 - INFO - 
Setup dari flash disk selesai.
2025-11-07 09:11:36,243 - INFO - OLED (unavailable): 192.168.99.31 |  |  | 
2025-11-07 09:11:36,244 - INFO - Printer Config (Integers): VENDOR=1155, PRODUCT=22339
2025-11-07 09:11:36,245 - INFO - OLED (unavailable): 192.168.99.31 |  |  | 
2025-11-07 09:11:36,481 - INFO - ✅ OLED display initialized successfully
2025-11-07 09:11:38,643 - INFO - ✅ Connected to None:None
2025-11-07 09:11:38,793 - INFO - OLED: 192.168.99.31 |  |  | 
2025-11-07 09:11:38,800 - INFO - ✅ Emoney reader connected
2025-11-07 09:11:38,804 - INFO - ✅ RFID reader connected
2025-11-07 09:11:38,989 - INFO - ✅ LPR connected
2025-11-07 09:11:41,784 - INFO - OLED: 192.168.99.31 | Emoney connected |  | 
2025-11-07 09:11:41,979 - INFO - OLED: 192.168.99.31 |  |  | 
2025-11-07 09:11:42,161 - INFO - OLED: 192.168.99.31 | RFID Connected |  | 
2025-11-07 09:11:49,209 - INFO - 🚗 Kendaraan terdeteksi: SPIN001
2025-11-07 09:11:50,939 - INFO - OLED: 192.168.99.31 | Vehicle detected | None | 
2025-11-07 09:11:52,798 - INFO - Sistem SIBUK oleh E-Money. Tipe: SPIN001
2025-11-07 09:11:54,518 - INFO - OLED: 192.168.99.31 | Emoney process |  | 
2025-11-07 09:11:55,569 - INFO - Processs emoney
2025-11-07 09:11:56,984 - INFO - OLED: 192.168.99.31 | Process emoney data |  | 
2025-11-07 09:11:56,986 - INFO - 57
2025-11-07 09:11:58,546 - INFO - OLED: 192.168.99.31 |  |  | 
2025-11-07 09:11:58,548 - INFO - EMoney Detected: 02 - 6032982803626199
2025-11-07 09:12:00,126 - INFO - OLED: 192.168.99.31 |  |  | 
2025-11-07 09:12:01,239 - INFO - ✅ Coil 0 set to ON
2025-11-07 09:12:02,801 - INFO - OLED: 192.168.99.31 |  |  | 
2025-11-07 09:12:02,807 - INFO - [Trigger] Ticket data written to ticket_data.json
2025-11-07 09:12:04,533 - INFO - OLED: 192.168.99.31 |  |  | 
2025-11-07 09:12:04,538 - INFO - Proses E-Money sukses. Sistem menunggu kendaraan pergi.
2025-11-07 09:12:04,841 - INFO - OLED: 192.168.99.31 | Emoney success | Waiting vehicle entered | 
2025-11-07 09:13:33,916 - INFO - Raspberry PI IP: 192.168.99.31
2025-11-07 09:13:33,918 - INFO - OLED (unavailable): 192.168.99.31 |  |  | 
2025-11-07 09:13:33,919 - INFO - OLED (unavailable): 192.168.99.31 |  |  | 
2025-11-07 09:13:33,922 - INFO - OLED (unavailable): 192.168.99.31 |  |  | 
2025-11-07 09:13:33,923 - INFO - OLED (unavailable): 192.168.99.31 |  |  | 
2025-11-07 09:13:33,924 - INFO - OLED (unavailable): 192.168.99.31 |  |  | 
2025-11-07 09:13:33,925 - INFO - OLED (unavailable): 192.168.99.31 |  |  | 
2025-11-07 09:13:33,928 - INFO - OLED (unavailable): 192.168.99.31 |  |  | 
2025-11-07 09:13:33,929 - INFO - OLED (unavailable): 192.168.99.31 |  |  | 
2025-11-07 09:13:33,950 - INFO - OLED (unavailable): 192.168.99.31 |  |  | 
2025-11-07 09:13:33,951 - INFO - OLED (unavailable): 192.168.99.31 |  |  | 
2025-11-07 09:13:33,953 - INFO - OLED (unavailable): 192.168.99.31 |  |  | 
2025-11-07 09:13:33,975 - INFO - OLED (unavailable): 192.168.99.31 |  |  | 
2025-11-07 09:13:33,976 - INFO - OLED (unavailable): 192.168.99.31 |  |  | 
2025-11-07 09:13:33,977 - INFO - OLED (unavailable): 192.168.99.31 |  |  | 
2025-11-07 09:13:34,201 - INFO - ✅ OLED display initialized successfully
2025-11-07 09:13:36,470 - INFO - OLED: 192.168.99.31 |  |  | 
2025-11-07 09:13:40,068 - INFO - OLED: 192.168.99.31 | Emoney connected |  | 
2025-11-07 09:13:40,252 - INFO - OLED: 192.168.99.31 | RFID Connected |  | 
2025-11-07 09:13:40,270 - INFO - OLED: 192.168.99.31 |  |  | 
2025-11-07 09:13:40,273 - INFO - OLED: 192.168.99.31 | Vehicle detected | None | 
2025-11-07 09:13:53,185 - INFO - OLED: 192.168.99.31 | Emoney process |  | 
2025-11-07 09:13:55,743 - INFO - OLED: 192.168.99.31 | Process emoney data |  | 
2025-11-07 09:13:57,412 - INFO - OLED: 192.168.99.31 |  |  | 
2025-11-07 09:13:59,939 - INFO - OLED: 192.168.99.31 |  |  | 
2025-11-07 09:14:01,761 - INFO - OLED: 192.168.99.31 |  |  | 
2025-11-07 09:14:02,076 - INFO - OLED: 192.168.99.31 | Emoney success | Waiting vehicle entered | 
2025-11-07 09:16:26,705 - INFO - Raspberry PI IP: 192.168.99.31
2025-11-07 09:16:26,707 - INFO - OLED (unavailable): 192.168.99.31 |  |  | 
2025-11-07 09:16:26,708 - INFO - OLED (unavailable): 192.168.99.31 |  |  | 
2025-11-07 09:16:26,711 - INFO - OLED (unavailable): 192.168.99.31 |  |  | 
2025-11-07 09:16:26,712 - INFO - OLED (unavailable): 192.168.99.31 |  |  | 
2025-11-07 09:16:26,713 - INFO - OLED (unavailable): 192.168.99.31 |  |  | 
2025-11-07 09:16:26,714 - INFO - OLED (unavailable): 192.168.99.31 |  |  | 
2025-11-07 09:16:26,717 - INFO - OLED (unavailable): 192.168.99.31 |  |  | 
2025-11-07 09:16:26,718 - INFO - OLED (unavailable): 192.168.99.31 |  |  | 
2025-11-07 09:16:26,741 - INFO - OLED (unavailable): 192.168.99.31 |  |  | 
2025-11-07 09:16:26,743 - INFO - OLED (unavailable): 192.168.99.31 |  |  | 
2025-11-07 09:16:26,744 - INFO - OLED (unavailable): 192.168.99.31 |  |  | 
2025-11-07 09:16:26,765 - INFO - OLED (unavailable): 192.168.99.31 |  |  | 
2025-11-07 09:16:26,766 - INFO - OLED (unavailable): 192.168.99.31 |  |  | 
2025-11-07 09:16:26,766 - INFO - OLED (unavailable): 192.168.99.31 |  |  | 
2025-11-07 09:16:27,009 - INFO - ✅ OLED display initialized successfully
2025-11-07 09:16:29,271 - INFO - OLED: 192.168.99.31 |  |  | 
2025-11-07 09:16:32,759 - INFO - OLED: 192.168.99.31 | RFID Connected |  | 
2025-11-07 09:16:32,955 - INFO - OLED: 192.168.99.31 | Emoney connected |  | 
2025-11-07 09:16:32,964 - INFO - OLED: 192.168.99.31 | Vehicle detected | None | 
2025-11-07 09:16:32,975 - INFO - OLED: 192.168.99.31 |  |  | 
2025-11-07 09:16:44,259 - INFO - OLED: Process emoney data |  |  | 
2025-11-07 09:16:47,352 - INFO - OLED: 192.168.99.31 | System ready |  | 
2025-11-07 09:17:04,583 - INFO - OLED: Process emoney data |  |  | 
2025-11-07 09:17:06,838 - INFO - OLED: 192.168.99.31 |  |  | 
2025-11-07 09:17:08,826 - INFO - OLED: 192.168.99.31 |  |  | 
2025-11-07 09:17:09,350 - INFO - OLED: 192.168.99.31 | Emoney success | Waiting vehicle entered | 
2025-11-07 09:17:39,013 - INFO - Raspberry PI IP: 192.168.99.31
2025-11-07 09:17:39,015 - INFO - OLED (unavailable): 192.168.99.31 |  |  | 
2025-11-07 09:17:39,015 - INFO - OLED (unavailable): 192.168.99.31 |  |  | 
2025-11-07 09:17:39,019 - INFO - OLED (unavailable): 192.168.99.31 |  |  | 
2025-11-07 09:17:39,020 - INFO - OLED (unavailable): 192.168.99.31 |  |  | 
2025-11-07 09:17:39,021 - INFO - OLED (unavailable): 192.168.99.31 |  |  | 
2025-11-07 09:17:39,021 - INFO - OLED (unavailable): 192.168.99.31 |  |  | 
2025-11-07 09:17:39,024 - INFO - OLED (unavailable): 192.168.99.31 |  |  | 
2025-11-07 09:17:39,025 - INFO - OLED (unavailable): 192.168.99.31 |  |  | 
2025-11-07 09:17:39,046 - INFO - OLED (unavailable): 192.168.99.31 |  |  | 
2025-11-07 09:17:39,047 - INFO - OLED (unavailable): 192.168.99.31 |  |  | 
2025-11-07 09:17:39,048 - INFO - OLED (unavailable): 192.168.99.31 |  |  | 
2025-11-07 09:17:39,071 - INFO - OLED (unavailable): 192.168.99.31 |  |  | 
2025-11-07 09:17:39,073 - INFO - OLED (unavailable): 192.168.99.31 |  |  | 
2025-11-07 09:17:39,074 - INFO - OLED (unavailable): 192.168.99.31 |  |  | 
2025-11-07 09:17:39,328 - INFO - ✅ OLED display initialized successfully
2025-11-07 09:17:41,561 - INFO - OLED: 192.168.99.31 |  |  | 
2025-11-07 09:17:45,726 - INFO - OLED: 192.168.99.31 | RFID Connected |  | 
2025-11-07 09:17:45,729 - INFO - OLED: 192.168.99.31 |  |  | 
2025-11-07 09:17:45,732 - INFO - OLED: 192.168.99.31 | Vehicle detected | None | 
2025-11-07 09:17:45,744 - INFO - OLED: 192.168.99.31 | Emoney connected |  | 
2025-11-07 09:17:51,405 - INFO - OLED: Process emoney data |  |  | 
2025-11-07 09:17:53,878 - INFO - OLED: 192.168.99.31 |  |  | 
2025-11-07 09:17:55,875 - INFO - OLED: 192.168.99.31 |  |  | 
2025-11-07 09:17:56,195 - INFO - OLED: 192.168.99.31 | Emoney success | Waiting vehicle entered | 
2025-11-07 09:19:39,116 - INFO - Raspberry PI IP: 192.168.99.31
2025-11-07 09:19:39,117 - INFO - OLED (unavailable): 192.168.99.31 |  |  | 
2025-11-07 09:19:39,118 - INFO - OLED (unavailable): 192.168.99.31 |  |  | 
2025-11-07 09:19:39,121 - INFO - OLED (unavailable): 192.168.99.31 |  |  | 
2025-11-07 09:19:39,122 - INFO - OLED (unavailable): 192.168.99.31 |  |  | 
2025-11-07 09:19:39,123 - INFO - OLED (unavailable): 192.168.99.31 |  |  | 
2025-11-07 09:19:39,124 - INFO - OLED (unavailable): 192.168.99.31 |  |  | 
2025-11-07 09:19:39,127 - INFO - OLED (unavailable): 192.168.99.31 |  |  | 
2025-11-07 09:19:39,127 - INFO - OLED (unavailable): 192.168.99.31 |  |  | 
2025-11-07 09:19:39,148 - INFO - OLED (unavailable): 192.168.99.31 |  |  | 
2025-11-07 09:19:39,150 - INFO - OLED (unavailable): 192.168.99.31 |  |  | 
2025-11-07 09:19:39,151 - INFO - OLED (unavailable): 192.168.99.31 |  |  | 
2025-11-07 09:19:39,173 - INFO - OLED (unavailable): 192.168.99.31 |  |  | 
2025-11-07 09:19:39,174 - INFO - OLED (unavailable): 192.168.99.31 |  |  | 
2025-11-07 09:19:39,175 - INFO - OLED (unavailable): 192.168.99.31 |  |  | 
2025-11-07 09:19:39,401 - INFO - ✅ OLED display initialized successfully
2025-11-07 09:19:41,651 - INFO - OLED: 192.168.99.31 |  |  | 
2025-11-07 09:19:44,751 - INFO - OLED: 192.168.99.31 | Emoney connected |  | 
2025-11-07 09:19:45,077 - INFO - OLED: 192.168.99.31 | RFID Connected |  | 
2025-11-07 09:19:45,090 - INFO - OLED: 192.168.99.31 |  |  | 
2025-11-07 09:19:45,302 - INFO - OLED: 192.168.99.31 | Vehicle detected | None | 
2025-11-07 09:20:02,643 - INFO - OLED: 192.168.99.31 |  |  | 
2025-11-07 09:20:04,084 - INFO - OLED: 192.168.99.31 |  |  | 
2025-11-07 09:20:04,560 - INFO - OLED: 192.168.99.31 | Emoney success | Waiting vehicle entered | 
2025-11-07 09:20:15,642 - INFO - OLED: 192.168.99.31 | Vehicle not detected |  | 
2025-11-07 09:20:17,245 - INFO - OLED: 192.168.99.31 | System ready |  | 
2025-11-07 09:20:19,301 - INFO - OLED: 192.168.99.31 | Vehicle detected | None | 
2025-11-07 09:20:22,510 - INFO - OLED: 192.168.99.31 | Button pressed | Handle print ticket | 
2025-11-07 09:20:24,201 - INFO - OLED: 192.168.99.31 |  |  | 
2025-11-07 09:20:25,897 - INFO - OLED: 192.168.99.31 | Process print ticket |  | 
2025-11-07 09:20:27,867 - INFO - OLED: 192.168.99.31 | Process print | Online ticket | 
2025-11-07 09:20:28,936 - INFO - USB printer enabled
2025-11-07 09:20:31,473 - INFO - OLED: 192.168.99.31 | Success print ticket |  | 
2025-11-07 09:20:33,347 - INFO - OLED: 192.168.99.31 | Success print | Online ticket | 
2025-11-07 09:20:33,349 - INFO - Closing Usb connection to printer (1155, 22339)
2025-11-07 09:20:34,904 - INFO - OLED: 192.168.99.31 | Validate success | Gate opened | 
2025-11-07 09:20:36,742 - INFO - OLED: 192.168.99.31 |  |  | 
2025-11-07 09:20:37,018 - INFO - OLED: 192.168.99.31 | Success print | Waiting vehicle entered | 
2025-11-07 09:22:02,483 - INFO - Raspberry PI IP: 192.168.99.31
2025-11-07 09:22:02,484 - INFO - OLED (unavailable): 192.168.99.31 |  |  | 
2025-11-07 09:22:02,485 - INFO - OLED (unavailable): 192.168.99.31 |  |  | 
2025-11-07 09:22:02,488 - INFO - OLED (unavailable): 192.168.99.31 |  |  | 
2025-11-07 09:22:02,489 - INFO - OLED (unavailable): 192.168.99.31 |  |  | 
2025-11-07 09:22:02,490 - INFO - OLED (unavailable): 192.168.99.31 |  |  | 
2025-11-07 09:22:02,491 - INFO - OLED (unavailable): 192.168.99.31 |  |  | 
2025-11-07 09:22:02,494 - INFO - OLED (unavailable): 192.168.99.31 |  |  | 
2025-11-07 09:22:02,494 - INFO - OLED (unavailable): 192.168.99.31 |  |  | 
2025-11-07 09:22:02,517 - INFO - OLED (unavailable): 192.168.99.31 |  |  | 
2025-11-07 09:22:02,518 - INFO - OLED (unavailable): 192.168.99.31 |  |  | 
2025-11-07 09:22:02,520 - INFO - OLED (unavailable): 192.168.99.31 |  |  | 
2025-11-07 09:22:02,544 - INFO - OLED (unavailable): 192.168.99.31 |  |  | 
2025-11-07 09:22:02,546 - INFO - OLED (unavailable): 192.168.99.31 |  |  | 
2025-11-07 09:22:02,547 - INFO - OLED (unavailable): 192.168.99.31 |  |  | 
2025-11-07 09:22:02,800 - INFO - ✅ OLED display initialized successfully
2025-11-07 09:22:05,041 - INFO - OLED: 192.168.99.31 |  |  | 
2025-11-07 09:22:08,632 - INFO - OLED: 192.168.99.31 | RFID Connected |  | 
2025-11-07 09:22:08,639 - INFO - OLED: 192.168.99.31 |  |  | 
2025-11-07 09:22:08,863 - INFO - OLED: 192.168.99.31 | Emoney connected |  | 
2025-11-07 09:22:58,085 - INFO - OLED: 192.168.99.31 |  |  | 
2025-11-07 09:22:59,972 - INFO - OLED: 192.168.99.31 | Process print ticket |  | 
2025-11-07 09:23:01,948 - INFO - OLED: 192.168.99.31 | Process print | Online ticket | 
2025-11-07 09:23:03,263 - INFO - USB printer enabled
2025-11-07 09:23:05,831 - INFO - OLED: 192.168.99.31 | Success print ticket |  | 
2025-11-07 09:23:07,407 - INFO - OLED: 192.168.99.31 | Success print | Online ticket | 
2025-11-07 09:23:07,411 - INFO - Closing Usb connection to printer (1155, 22339)
2025-11-07 09:23:09,212 - INFO - OLED: 192.168.99.31 | Validate success | Gate opened | 
2025-11-07 09:23:11,002 - INFO - OLED: 192.168.99.31 |  |  | 
2025-11-07 09:23:11,518 - INFO - OLED: 192.168.99.31 | Success print | Waiting vehicle entered | 
2025-11-07 09:24:29,848 - INFO - Raspberry PI IP: 192.168.99.31
2025-11-07 09:24:29,849 - INFO - OLED (unavailable): 192.168.99.31 |  |  | 
2025-11-07 09:24:29,850 - INFO - OLED (unavailable): 192.168.99.31 |  |  | 
2025-11-07 09:24:29,853 - INFO - OLED (unavailable): 192.168.99.31 |  |  | 
2025-11-07 09:24:29,854 - INFO - OLED (unavailable): 192.168.99.31 |  |  | 
2025-11-07 09:24:29,855 - INFO - OLED (unavailable): 192.168.99.31 |  |  | 
2025-11-07 09:24:29,856 - INFO - OLED (unavailable): 192.168.99.31 |  |  | 
2025-11-07 09:24:29,859 - INFO - OLED (unavailable): 192.168.99.31 |  |  | 
2025-11-07 09:24:29,860 - INFO - OLED (unavailable): 192.168.99.31 |  |  | 
2025-11-07 09:24:29,890 - INFO - OLED (unavailable): 192.168.99.31 |  |  | 
2025-11-07 09:24:29,890 - INFO - OLED (unavailable): 192.168.99.31 |  |  | 
2025-11-07 09:24:29,891 - INFO - OLED (unavailable): 192.168.99.31 |  |  | 
2025-11-07 09:24:29,913 - INFO - OLED (unavailable): 192.168.99.31 |  |  | 
2025-11-07 09:24:29,914 - INFO - OLED (unavailable): 192.168.99.31 |  |  | 
2025-11-07 09:24:29,914 - INFO - OLED (unavailable): 192.168.99.31 |  |  | 
2025-11-07 09:24:30,164 - INFO - ✅ OLED display initialized successfully
2025-11-07 09:24:32,485 - INFO - OLED: 192.168.99.31 |  |  | 
2025-11-07 09:24:36,187 - INFO - OLED: 192.168.99.31 | RFID Connected |  | 
2025-11-07 09:24:36,407 - INFO - OLED: 192.168.99.31 |  |  | 
2025-11-07 09:24:36,413 - INFO - OLED: 192.168.99.31 | Emoney connected |  | 
2025-11-07 09:24:41,457 - INFO - USB printer enabled
2025-11-07 09:24:44,369 - INFO - OLED: 192.168.99.31 | Success print ticket |  | 
2025-11-07 09:24:44,377 - INFO - Closing Usb connection to printer (1155, 22339)
2025-11-07 09:24:46,329 - INFO - OLED: 192.168.99.31 |  |  | 
2025-11-07 09:24:46,619 - INFO - OLED: 192.168.99.31 | Validate success | Gate opened | 
2025-11-07 09:24:46,875 - INFO - OLED: 192.168.99.31 | Success print | Waiting vehicle entered | 
2025-11-07 09:24:58,522 - INFO - OLED: 192.168.99.31 | System ready |  | 
2025-11-07 09:25:02,026 - INFO - USB printer enabled
2025-11-07 09:25:04,378 - INFO - OLED: 192.168.99.31 | Success print ticket |  | 
2025-11-07 09:25:04,383 - INFO - Closing Usb connection to printer (1155, 22339)
2025-11-07 09:25:06,106 - INFO - OLED: 192.168.99.31 |  |  | 
2025-11-07 09:25:06,461 - INFO - OLED: 192.168.99.31 | Validate success | Gate opened | 
2025-11-07 09:25:06,778 - INFO - OLED: 192.168.99.31 | Success print | Waiting vehicle entered | 
2025-11-07 09:27:04,400 - INFO - Raspberry PI IP: 192.168.99.31
2025-11-07 09:27:04,401 - INFO - OLED (unavailable): 192.168.99.31 |  |  | 
2025-11-07 09:27:04,402 - INFO - OLED (unavailable): 192.168.99.31 |  |  | 
2025-11-07 09:27:04,406 - INFO - OLED (unavailable): 192.168.99.31 |  |  | 
2025-11-07 09:27:04,407 - INFO - OLED (unavailable): 192.168.99.31 |  |  | 
2025-11-07 09:27:04,408 - INFO - OLED (unavailable): 192.168.99.31 |  |  | 
2025-11-07 09:27:04,409 - INFO - OLED (unavailable): 192.168.99.31 |  |  | 
2025-11-07 09:27:04,412 - INFO - OLED (unavailable): 192.168.99.31 |  |  | 
2025-11-07 09:27:04,413 - INFO - OLED (unavailable): 192.168.99.31 |  |  | 
2025-11-07 09:27:04,434 - INFO - OLED (unavailable): 192.168.99.31 |  |  | 
2025-11-07 09:27:04,435 - INFO - OLED (unavailable): 192.168.99.31 |  |  | 
2025-11-07 09:27:04,436 - INFO - OLED (unavailable): 192.168.99.31 |  |  | 
2025-11-07 09:27:04,458 - INFO - OLED (unavailable): 192.168.99.31 |  |  | 
2025-11-07 09:27:04,459 - INFO - OLED (unavailable): 192.168.99.31 |  |  | 
2025-11-07 09:27:04,459 - INFO - OLED (unavailable): 192.168.99.31 |  |  | 
2025-11-07 09:27:04,705 - INFO - ✅ OLED display initialized successfully
2025-11-07 09:27:07,000 - INFO - OLED: 192.168.99.31 |  |  | 
2025-11-07 09:27:10,386 - INFO - OLED: 192.168.99.31 | RFID Connected |  | 
2025-11-07 09:27:10,396 - INFO - OLED: 192.168.99.31 | Emoney connected |  | 
2025-11-07 09:27:10,590 - INFO - OLED: 192.168.99.31 |  |  | 
2025-11-07 09:27:15,953 - INFO - USB printer enabled
2025-11-07 09:27:18,566 - INFO - OLED: 192.168.99.31 | Success print ticket |  | 
2025-11-07 09:27:18,568 - INFO - Closing Usb connection to printer (1155, 22339)
2025-11-07 09:27:20,301 - INFO - OLED: 192.168.99.31 |  |  | 
2025-11-07 09:27:20,686 - INFO - OLED: 192.168.99.31 | Validate success | Gate opened | 
2025-11-07 09:27:20,996 - INFO - OLED: 192.168.99.31 | Success print | Waiting vehicle entered | 
2025-11-07 09:28:14,687 - INFO - Raspberry PI IP: 192.168.99.31
2025-11-07 09:28:14,688 - INFO - OLED (unavailable): 192.168.99.31 |  |  | 
2025-11-07 09:28:14,689 - INFO - OLED (unavailable): 192.168.99.31 |  |  | 
2025-11-07 09:28:14,693 - INFO - OLED (unavailable): 192.168.99.31 |  |  | 
2025-11-07 09:28:14,694 - INFO - OLED (unavailable): 192.168.99.31 |  |  | 
2025-11-07 09:28:14,695 - INFO - OLED (unavailable): 192.168.99.31 |  |  | 
2025-11-07 09:28:14,695 - INFO - OLED (unavailable): 192.168.99.31 |  |  | 
2025-11-07 09:28:14,698 - INFO - OLED (unavailable): 192.168.99.31 |  |  | 
2025-11-07 09:28:14,699 - INFO - OLED (unavailable): 192.168.99.31 |  |  | 
2025-11-07 09:28:14,723 - INFO - OLED (unavailable): 192.168.99.31 |  |  | 
2025-11-07 09:28:14,725 - INFO - OLED (unavailable): 192.168.99.31 |  |  | 
2025-11-07 09:28:14,726 - INFO - OLED (unavailable): 192.168.99.31 |  |  | 
2025-11-07 09:28:14,749 - INFO - OLED (unavailable): 192.168.99.31 |  |  | 
2025-11-07 09:28:14,751 - INFO - OLED (unavailable): 192.168.99.31 |  |  | 
2025-11-07 09:28:14,752 - INFO - OLED (unavailable): 192.168.99.31 |  |  | 
2025-11-07 09:28:14,996 - INFO - ✅ OLED display initialized successfully
2025-11-07 09:28:17,358 - INFO - OLED: 192.168.99.31 |  |  | 
2025-11-07 09:28:20,420 - INFO - OLED: 192.168.99.31 | Emoney connected |  | 
2025-11-07 09:28:20,432 - INFO - OLED: 192.168.99.31 |  |  | 
2025-11-07 09:28:20,679 - INFO - OLED: 192.168.99.31 | RFID Connected |  | 
2025-11-07 09:30:09,457 - INFO - Raspberry PI IP: 192.168.99.31
2025-11-07 09:30:09,458 - INFO - OLED (unavailable): 192.168.99.31 |  |  | 
2025-11-07 09:30:09,459 - INFO - OLED (unavailable): 192.168.99.31 |  |  | 
2025-11-07 09:30:09,462 - INFO - OLED (unavailable): 192.168.99.31 |  |  | 
2025-11-07 09:30:09,463 - INFO - OLED (unavailable): 192.168.99.31 |  |  | 
2025-11-07 09:30:09,464 - INFO - OLED (unavailable): 192.168.99.31 |  |  | 
2025-11-07 09:30:09,465 - INFO - OLED (unavailable): 192.168.99.31 |  |  | 
2025-11-07 09:30:09,468 - INFO - OLED (unavailable): 192.168.99.31 |  |  | 
2025-11-07 09:30:09,469 - INFO - OLED (unavailable): 192.168.99.31 |  |  | 
2025-11-07 09:30:09,490 - INFO - OLED (unavailable): 192.168.99.31 |  |  | 
2025-11-07 09:30:09,491 - INFO - OLED (unavailable): 192.168.99.31 |  |  | 
2025-11-07 09:30:09,494 - INFO - OLED (unavailable): 192.168.99.31 |  |  | 
2025-11-07 09:30:09,515 - INFO - OLED (unavailable): 192.168.99.31 |  |  | 
2025-11-07 09:30:09,516 - INFO - OLED (unavailable): 192.168.99.31 |  |  | 
2025-11-07 09:30:09,517 - INFO - OLED (unavailable): 192.168.99.31 |  |  | 
2025-11-07 09:30:09,771 - INFO - ✅ OLED display initialized successfully
2025-11-07 09:30:12,086 - INFO - OLED: 192.168.99.31 |  |  | 
2025-11-07 09:30:32,403 - INFO - OLED: 192.168.99.31 |  |  | 
2025-11-07 09:30:33,163 - INFO - USB printer enabled
2025-11-07 09:30:34,142 - INFO - Closing Usb connection to printer (1155, 22339)
2025-11-07 09:30:35,802 - INFO - OLED: 192.168.99.31 |  |  | 
2025-11-07 09:30:36,112 - INFO - OLED: 192.168.99.31 | Validate success | Gate opened | 
2025-11-07 09:30:36,422 - INFO - OLED: 192.168.99.31 | Success print | Waiting vehicle entered | 
2025-11-07 09:30:38,110 - INFO - OLED: 192.168.99.31 |  |  | 
2025-11-07 09:32:21,197 - INFO - Raspberry PI IP: 192.168.99.31
2025-11-07 09:32:21,495 - INFO - ✅ OLED display initialized successfully
2025-11-07 09:32:52,561 - INFO - USB printer enabled
2025-11-07 09:32:53,715 - INFO - Closing Usb connection to printer (1155, 22339)
2025-11-07 09:33:19,824 - INFO - Raspberry PI IP: 192.168.99.31
2025-11-07 09:33:20,113 - INFO - ✅ OLED display initialized successfully
2025-11-07 09:33:43,845 - INFO - USB printer enabled
2025-11-07 09:33:45,125 - INFO - Closing Usb connection to printer (1155, 22339)
2025-11-07 09:34:18,123 - INFO - USB printer enabled
2025-11-07 09:34:19,461 - INFO - Closing Usb connection to printer (1155, 22339)
2025-11-07 09:34:33,303 - INFO - USB printer enabled
2025-11-07 09:34:34,244 - INFO - Closing Usb connection to printer (1155, 22339)
2025-11-07 09:34:51,085 - INFO - USB printer enabled
2025-11-07 09:34:51,988 - INFO - Closing Usb connection to printer (1155, 22339)
2025-11-07 09:40:15,594 - INFO - Raspberry PI IP: 192.168.99.31
2025-11-07 09:40:15,908 - INFO - ✅ OLED display initialized successfully
2025-11-07 09:40:52,154 - INFO - USB printer enabled
2025-11-07 09:40:53,295 - INFO - Closing Usb connection to printer (1155, 22339)
2025-11-07 09:41:38,008 - INFO - OLED: System Ready |  |  | 
2025-11-07 09:41:50,494 - INFO - OLED: System Ready |  |  | 
2025-11-07 09:44:02,254 - INFO - Raspberry PI IP: 192.168.99.31
2025-11-07 09:44:02,554 - INFO - ✅ OLED display initialized successfully
2025-11-07 09:44:21,104 - INFO - USB printer enabled
2025-11-07 09:44:22,216 - INFO - Closing Usb connection to printer (1155, 22339)
2025-11-07 09:46:07,119 - INFO - OLED: System Ready |  |  | 
2025-11-07 10:00:53,127 - INFO - Raspberry PI IP: 192.168.99.31
2025-11-07 10:00:53,435 - INFO - ✅ OLED display initialized successfully
2025-11-07 10:00:55,785 - INFO - Vehicle detected
2025-11-07 10:00:57,183 - INFO - OLED: 192.168.99.31 | Vehicle detected | SPIN001 | 
2025-11-07 10:01:40,152 - INFO - System ready
2025-11-07 10:01:41,537 - INFO - OLED: 192.168.99.31 | System ready |  | 
2025-11-07 10:01:44,628 - INFO - Vehicle detected
2025-11-07 10:01:46,116 - INFO - OLED: 192.168.99.31 | Vehicle detected | SPIN001 | 
2025-11-07 10:01:50,022 - INFO - Button pressed
2025-11-07 10:01:51,536 - INFO - OLED: 192.168.99.31 | Button pressed |  | 
2025-11-07 10:01:52,070 - INFO - Validate ticket
2025-11-07 10:01:53,511 - INFO - OLED: 192.168.99.31 | Validate ticket |  | 
2025-11-07 10:01:54,556 - INFO - USB printer enabled
2025-11-07 10:01:55,450 - INFO - Closing Usb connection to printer (1155, 22339)
2025-11-07 10:01:55,650 - INFO - Gate opened
2025-11-07 10:01:55,944 - INFO - OLED: 192.168.99.31 | Gate opened |  | 
2025-11-07 10:02:03,476 - INFO - System ready
2025-11-07 10:02:05,129 - INFO - OLED: 192.168.99.31 | System ready |  | 
2025-11-07 10:02:05,132 - INFO - System ready
2025-11-07 10:02:06,699 - INFO - OLED: 192.168.99.31 | System ready |  | 
2025-11-07 10:02:07,368 - INFO - Vehicle detected
2025-11-07 10:02:08,866 - INFO - OLED: 192.168.99.31 | Vehicle detected | SPIN001 | 
2025-11-07 10:02:11,513 - INFO - Validate emoney
2025-11-07 10:02:13,021 - INFO - OLED: 192.168.99.31 | Validate emoney | 6032982803626199 | 
2025-11-07 10:02:13,375 - INFO - Gate opened
2025-11-07 10:02:13,677 - INFO - OLED: 192.168.99.31 | Gate opened |  | 
2025-11-07 10:02:18,541 - INFO - System ready
2025-11-07 10:02:20,343 - INFO - OLED: 192.168.99.31 | System ready |  | 
2025-11-07 10:02:20,346 - INFO - System ready
2025-11-07 10:02:22,077 - INFO - OLED: 192.168.99.31 | System ready |  | 
2025-11-07 10:02:22,784 - INFO - Vehicle detected
2025-11-07 10:02:24,415 - INFO - OLED: 192.168.99.31 | Vehicle detected | SPIN001 | 
2025-11-07 10:02:38,234 - INFO - System ready
2025-11-07 10:02:39,911 - INFO - OLED: 192.168.99.31 | System ready |  | 
2025-11-07 10:05:12,139 - INFO - Raspberry PI IP: 192.168.99.31
2025-11-07 10:05:12,403 - INFO - ✅ OLED display initialized successfully
2025-11-07 10:09:33,043 - INFO - Raspberry PI IP: 192.168.99.31
2025-11-07 10:09:33,684 - INFO - ✅ OLED display initialized successfully
2025-11-07 10:10:20,695 - INFO - Raspberry PI IP: 192.168.99.31
2025-11-07 10:10:21,290 - INFO - ✅ OLED display initialized successfully
2025-11-07 10:17:20,786 - INFO - Raspberry PI IP: 192.168.99.31
2025-11-07 10:17:21,444 - INFO - ✅ OLED display initialized successfully
2026-03-09 10:16:24,110 - INFO - [MainThread] - Logging configured.
2026-03-09 10:16:24,140 - INFO - [MainThread] - System IP Address: 192.168.99.31
2026-03-09 10:16:24,735 - INFO - [MainThread] - ✅ OLED display initialized successfully
2026-03-09 10:16:27,024 - INFO - [MainThread] - OLED: System booting..., , 
2026-03-09 10:16:27,174 - INFO - [MainThread] - OLED: 192.168.99.31 | System booting... |  | 
2026-03-09 10:16:27,179 - INFO - [MainThread] - Modbus client connected.
2026-03-09 10:16:27,183 - INFO - [MainThread] - OLED: System ready, , 
2026-03-09 10:16:27,329 - INFO - [MainThread] - OLED: 192.168.99.31 | System ready |  | 
2026-03-09 10:16:57,322 - INFO - [ModbusInputThread] - Vehicle detected: SPIN001
2026-03-09 10:16:57,341 - INFO - [ModbusInputThread] - OLED: Vehicle detected, SPIN001, 
2026-03-09 10:16:59,172 - INFO - [ModbusInputThread] - OLED: 192.168.99.31 | Vehicle detected | SPIN001 | 
2026-03-09 10:17:02,835 - INFO - [EMoneyThread] - E-Money card detected: 6032982702270560
2026-03-09 10:17:03,764 - INFO - [EMoneyThread] - Coil 0 set to ON
2026-03-09 10:17:03,775 - INFO - [EMoneyThread] - Transaction data saved for ticket: PRK20260309101703835
2026-03-09 10:17:03,852 - INFO - [EMoneyThread] - OLED: Gate opened, , 
2026-03-09 10:17:04,281 - INFO - [EMoneyThread] - OLED: 192.168.99.31 | Gate opened |  | 
2026-03-09 10:17:04,283 - INFO - [EMoneyThread] - E-Money transaction successful. Awaiting vehicle to leave.
2026-03-09 10:17:19,337 - INFO - [ModbusInputThread] - Vehicle has left the sensor loop.
2026-03-09 10:19:15,509 - INFO - [MainThread] - Logging configured.
2026-03-09 10:19:15,533 - INFO - [MainThread] - System IP Address: 192.168.99.31
2026-03-09 10:19:15,837 - INFO - [MainThread] - ✅ OLED display initialized successfully
2026-03-09 10:19:18,069 - INFO - [MainThread] - OLED: System booting..., , 
2026-03-09 10:19:18,234 - INFO - [MainThread] - OLED: 192.168.99.31 | System booting... |  | 
2026-03-09 10:19:18,238 - INFO - [MainThread] - Modbus client connected.
2026-03-09 10:19:18,243 - INFO - [MainThread] - OLED: System ready, , 
2026-03-09 10:19:18,392 - INFO - [MainThread] - OLED: 192.168.99.31 | System ready |  | 
2026-03-09 10:36:50,504 - INFO - [MainThread] - Logging configured.
2026-03-09 10:36:50,536 - INFO - [MainThread] - System IP Address: 192.168.99.31
2026-03-09 10:36:50,814 - INFO - [MainThread] - ✅ OLED display initialized successfully
2026-03-09 10:36:53,038 - INFO - [MainThread] - OLED: System booting..., , 
2026-03-09 10:36:53,195 - INFO - [MainThread] - OLED: 192.168.99.31 | System booting... |  | 
2026-03-09 10:36:53,200 - INFO - [MainThread] - Modbus client connected.
2026-03-09 10:36:53,206 - INFO - [MainThread] - OLED: System ready, , 
2026-03-09 10:36:53,368 - INFO - [MainThread] - OLED: 192.168.99.31 | System ready |  | 
2026-03-09 10:37:11,843 - INFO - [ModbusInputThread] - Vehicle detected: SPIN001
2026-03-09 10:37:11,845 - INFO - [ModbusInputThread] - OLED: Vehicle detected, SPIN001, 
2026-03-09 10:37:13,928 - INFO - [ModbusInputThread] - OLED: 192.168.99.31 | Vehicle detected | SPIN001 | 
2026-03-09 10:37:17,571 - INFO - [ModbusInputThread] - Ticket button pressed, starting transaction.
2026-03-09 10:37:18,042 - INFO - [TicketHandler] - Online ticket validation successful.
2026-03-09 10:37:18,044 - INFO - [TicketHandler] - OLED: Validate ticket, , 
2026-03-09 10:37:19,916 - INFO - [TicketHandler] - OLED: 192.168.99.31 | Validate ticket |  | 
2026-03-09 10:37:19,925 - INFO - [TicketHandler] - Transaction data saved for ticket: PRK20260309103717581
2026-03-09 10:37:21,091 - WARNING - [ModbusInputThread] - Button pressed, but system is busy or no vehicle detected.
2026-03-09 10:37:21,521 - INFO - [TicketHandler] - USB printer enabled
2026-03-09 10:37:21,527 - INFO - [TicketHandler] - Primary printer initialized.
2026-03-09 10:37:22,845 - INFO - [TicketHandler] - Closing Usb connection to printer (1155, 22339)
2026-03-09 10:37:23,041 - INFO - [TicketHandler] - Coil 0 set to ON
2026-03-09 10:37:23,109 - INFO - [TicketHandler] - OLED: Gate opened, , 
2026-03-09 10:37:23,597 - INFO - [TicketHandler] - OLED: 192.168.99.31 | Gate opened |  | 
2026-03-09 10:37:23,600 - INFO - [TicketHandler] - Ticket transaction successful. Awaiting vehicle to leave.
2026-03-09 10:37:40,277 - INFO - [ModbusInputThread] - Vehicle has left the sensor loop.
2026-03-09 10:42:27,341 - INFO - [MainThread] - Logging configured.
2026-03-09 10:42:27,366 - INFO - [MainThread] - System IP Address: 192.168.99.31
2026-03-09 10:42:27,658 - INFO - [MainThread] - ✅ OLED display initialized successfully
2026-03-09 10:42:29,879 - INFO - [MainThread] - OLED: System booting..., , 
2026-03-09 10:42:30,032 - INFO - [MainThread] - OLED: 192.168.99.31 | System booting... |  | 
2026-03-09 10:42:30,037 - INFO - [MainThread] - Modbus client connected.
2026-03-09 10:42:30,051 - INFO - [MainThread] - OLED: System ready, , 
2026-03-09 10:42:30,205 - INFO - [MainThread] - OLED: 192.168.99.31 | System ready |  | 
2026-03-09 10:42:48,804 - INFO - [ModbusInputThread] - Vehicle detected: SPIN001
2026-03-09 10:42:48,813 - INFO - [ModbusInputThread] - OLED: Vehicle detected, SPIN001, 
2026-03-09 10:42:50,878 - INFO - [ModbusInputThread] - OLED: 192.168.99.31 | Vehicle detected | SPIN001 | 
2026-03-09 10:43:00,163 - INFO - [ModbusInputThread] - Ticket button pressed, starting transaction.
2026-03-09 10:43:01,081 - INFO - [TicketHandler] - Online ticket validation successful.
2026-03-09 10:43:01,100 - INFO - [TicketHandler] - OLED: Validate ticket, , 
2026-03-09 10:43:03,180 - INFO - [TicketHandler] - OLED: 192.168.99.31 | Validate ticket |  | 
2026-03-09 10:43:03,487 - INFO - [TicketHandler] - Transaction data saved for ticket: PRK20260309104300577
2026-03-09 10:43:05,066 - INFO - [TicketHandler] - USB printer enabled
2026-03-09 10:43:05,077 - INFO - [TicketHandler] - Primary printer initialized.
2026-03-09 10:43:06,728 - INFO - [TicketHandler] - Closing Usb connection to printer (1155, 22339)
2026-03-09 10:43:06,981 - INFO - [TicketHandler] - Coil 0 set to ON
2026-03-09 10:43:07,222 - INFO - [TicketHandler] - OLED: Gate opened, , 
2026-03-09 10:43:07,656 - INFO - [TicketHandler] - OLED: 192.168.99.31 | Gate opened |  | 
2026-03-09 10:43:07,658 - INFO - [TicketHandler] - Ticket transaction successful. Awaiting vehicle to leave.
2026-03-09 10:43:15,313 - INFO - [ModbusInputThread] - Vehicle has left the sensor loop.
2026-03-09 10:43:15,317 - INFO - [ModbusInputThread] - OLED: System ready, , 
2026-03-09 10:43:17,262 - INFO - [ModbusInputThread] - OLED: 192.168.99.31 | System ready |  | 
2026-03-09 10:43:17,532 - INFO - [ModbusInputThread] - Coil 0 set to OFF
2026-03-09 10:43:17,536 - INFO - [ModbusInputThread] - System state has been reset. Reason: System ready
2026-03-09 10:44:15,116 - INFO - [MainThread] - Logging configured.
2026-03-09 10:44:15,143 - INFO - [MainThread] - System IP Address: 192.168.99.31
2026-03-09 10:44:15,429 - INFO - [MainThread] - ✅ OLED display initialized successfully
2026-03-09 10:44:17,721 - INFO - [MainThread] - OLED: System booting..., , 
2026-03-09 10:44:17,875 - INFO - [MainThread] - OLED: 192.168.99.31 | System booting... |  | 
2026-03-09 10:44:17,880 - INFO - [MainThread] - Modbus client connected.
2026-03-09 10:44:17,885 - INFO - [MainThread] - OLED: System ready, , 
2026-03-09 10:44:18,035 - INFO - [MainThread] - OLED: 192.168.99.31 | System ready |  | 
2026-03-09 10:44:27,523 - INFO - [ModbusInputThread] - Vehicle detected: SPIN001
2026-03-09 10:44:27,530 - INFO - [ModbusInputThread] - OLED: Vehicle detected, SPIN001, 
2026-03-09 10:44:29,544 - INFO - [ModbusInputThread] - OLED: 192.168.99.31 | Vehicle detected | SPIN001 | 
2026-03-09 10:44:30,440 - INFO - [ModbusInputThread] - Ticket button pressed, starting transaction.
2026-03-09 10:44:30,730 - INFO - [TicketHandler] - Online ticket validation successful.
2026-03-09 10:44:30,738 - INFO - [TicketHandler] - OLED: Validate ticket, , 
2026-03-09 10:44:32,782 - INFO - [TicketHandler] - OLED: 192.168.99.31 | Validate ticket |  | 
2026-03-09 10:44:32,794 - INFO - [TicketHandler] - Transaction data saved for ticket: PRK20260309104430450
2026-03-09 10:44:34,261 - INFO - [TicketHandler] - USB printer enabled
2026-03-09 10:44:34,270 - INFO - [TicketHandler] - Primary printer initialized.
2026-03-09 10:44:35,702 - INFO - [TicketHandler] - Closing Usb connection to printer (1155, 22339)
2026-03-09 10:44:35,944 - INFO - [TicketHandler] - Coil 0 set to ON
2026-03-09 10:44:36,100 - INFO - [TicketHandler] - OLED: Gate opened, , 
2026-03-09 10:44:36,651 - INFO - [TicketHandler] - OLED: 192.168.99.31 | Gate opened |  | 
2026-03-09 10:44:36,654 - INFO - [TicketHandler] - Ticket transaction successful. Awaiting vehicle to leave.
2026-03-09 10:44:39,630 - INFO - [ModbusInputThread] - Vehicle has left the sensor loop.
2026-03-09 10:44:39,632 - INFO - [ModbusInputThread] - OLED: System ready, , 
2026-03-09 10:44:41,784 - INFO - [ModbusInputThread] - OLED: 192.168.99.31 | System ready |  | 
2026-03-09 10:44:42,065 - INFO - [ModbusInputThread] - Coil 0 set to OFF
2026-03-09 10:44:42,070 - INFO - [ModbusInputThread] - System state has been reset. Reason: System ready
2026-03-09 10:45:19,273 - INFO - [ModbusInputThread] - Vehicle detected: SPIN001
2026-03-09 10:45:19,275 - INFO - [ModbusInputThread] - OLED: Vehicle detected, SPIN001, 
2026-03-09 10:45:21,091 - INFO - [ModbusInputThread] - OLED: 192.168.99.31 | Vehicle detected | SPIN001 | 
2026-03-09 10:45:22,820 - INFO - [EMoneyThread] - E-Money card detected: 0145202002307203
2026-03-09 10:45:25,768 - INFO - [EMoneyThread] - OLED: E-Money Gagal, , 
2026-03-09 10:45:26,276 - INFO - [ModbusInputThread] - Vehicle detected: SPIN001
2026-03-09 10:45:26,285 - INFO - [ModbusInputThread] - OLED: Vehicle detected, SPIN001, 
2026-03-09 10:45:28,556 - INFO - [EMoneyThread] - OLED: 192.168.99.31 | E-Money Gagal |  | 
2026-03-09 10:45:29,041 - INFO - [ModbusInputThread] - OLED: 192.168.99.31 | Vehicle detected | SPIN001 | 
2026-03-09 10:45:29,303 - INFO - [EMoneyThread] - Coil 0 set to OFF
2026-03-09 10:45:29,316 - INFO - [EMoneyThread] - System state has been reset. Reason: E-Money Gagal
2026-03-09 10:45:39,961 - INFO - [EMoneyThread] - E-Money card detected: 0145202002307203
2026-03-09 10:45:42,927 - INFO - [EMoneyThread] - OLED: E-Money Gagal, , 
2026-03-09 10:45:43,637 - INFO - [ModbusInputThread] - Vehicle detected: SPIN001
2026-03-09 10:45:43,646 - INFO - [ModbusInputThread] - OLED: Vehicle detected, SPIN001, 
2026-03-09 10:45:45,450 - INFO - [EMoneyThread] - OLED: 192.168.99.31 | E-Money Gagal |  | 
2026-03-09 10:45:46,350 - INFO - [ModbusInputThread] - OLED: 192.168.99.31 | Vehicle detected | SPIN001 | 
2026-03-09 10:45:46,607 - INFO - [EMoneyThread] - Coil 0 set to OFF
2026-03-09 10:45:46,609 - INFO - [EMoneyThread] - System state has been reset. Reason: E-Money Gagal
2026-03-09 10:45:47,076 - INFO - [ModbusInputThread] - Vehicle has left the sensor loop.
2026-03-09 10:45:47,085 - INFO - [ModbusInputThread] - OLED: System ready, , 
2026-03-09 10:45:48,871 - INFO - [ModbusInputThread] - OLED: 192.168.99.31 | System ready |  | 
2026-03-09 10:45:49,129 - INFO - [ModbusInputThread] - Coil 0 set to OFF
2026-03-09 10:45:49,131 - INFO - [ModbusInputThread] - System state has been reset. Reason: System ready
2026-03-09 10:46:24,019 - INFO - [ModbusInputThread] - Vehicle detected: SPIN001
2026-03-09 10:46:24,034 - INFO - [ModbusInputThread] - OLED: Vehicle detected, SPIN001, 
2026-03-09 10:46:26,309 - INFO - [ModbusInputThread] - OLED: 192.168.99.31 | Vehicle detected | SPIN001 | 
2026-03-09 10:46:29,500 - INFO - [EMoneyThread] - E-Money card detected: 0145202002307203
2026-03-09 10:46:30,270 - INFO - [EMoneyThread] - Coil 0 set to ON
2026-03-09 10:46:30,294 - INFO - [EMoneyThread] - Transaction data saved for ticket: PRK20260309104629893
2026-03-09 10:46:30,424 - INFO - [EMoneyThread] - OLED: Gate opened, , 
2026-03-09 10:46:30,865 - INFO - [EMoneyThread] - OLED: 192.168.99.31 | Gate opened |  | 
2026-03-09 10:46:30,867 - INFO - [EMoneyThread] - E-Money transaction successful. Awaiting vehicle to leave.
2026-03-09 10:46:33,760 - INFO - [ModbusInputThread] - Vehicle has left the sensor loop.
2026-03-09 10:46:33,763 - INFO - [ModbusInputThread] - OLED: System ready, , 
2026-03-09 10:46:36,078 - INFO - [ModbusInputThread] - OLED: 192.168.99.31 | System ready |  | 
2026-03-09 10:46:36,340 - INFO - [ModbusInputThread] - Coil 0 set to OFF
2026-03-09 10:46:36,344 - INFO - [ModbusInputThread] - System state has been reset. Reason: System ready
2026-03-09 10:50:53,146 - INFO - [ModbusInputThread] - Vehicle detected: SPIN001
2026-03-09 10:50:53,160 - INFO - [ModbusInputThread] - OLED: Vehicle detected, SPIN001, 
2026-03-09 10:50:55,871 - INFO - [ModbusInputThread] - OLED: 192.168.99.31 | Vehicle detected | SPIN001 | 
2026-03-09 10:50:57,014 - INFO - [EMoneyThread] - OLED: E-Money Gagal, , 
2026-03-09 10:50:57,503 - INFO - [ModbusInputThread] - Vehicle detected: SPIN001
2026-03-09 10:50:57,513 - INFO - [ModbusInputThread] - OLED: Vehicle detected, SPIN001, 
2026-03-09 10:51:00,354 - INFO - [EMoneyThread] - OLED: 192.168.99.31 | E-Money Gagal |  | 
2026-03-09 10:51:01,063 - INFO - [ModbusInputThread] - OLED: 192.168.99.31 | Vehicle detected | SPIN001 | 
2026-03-09 10:51:01,324 - INFO - [EMoneyThread] - Coil 0 set to OFF
2026-03-09 10:51:01,328 - INFO - [EMoneyThread] - System state has been reset. Reason: E-Money Gagal
2026-03-09 10:51:46,914 - INFO - [EMoneyThread] - E-Money card detected: 6013500186902129
2026-03-09 10:51:47,416 - INFO - [EMoneyThread] - Coil 0 set to ON
2026-03-09 10:51:47,436 - INFO - [EMoneyThread] - Transaction data saved for ticket: PRK20260309105146582
2026-03-09 10:51:47,512 - INFO - [EMoneyThread] - OLED: Gate opened, , 
2026-03-09 10:51:48,063 - INFO - [EMoneyThread] - OLED: 192.168.99.31 | Gate opened |  | 
2026-03-09 10:51:48,065 - INFO - [EMoneyThread] - E-Money transaction successful. Awaiting vehicle to leave.
2026-03-09 10:53:12,927 - INFO - [ModbusInputThread] - Vehicle has left the sensor loop.
2026-03-09 10:53:12,932 - INFO - [ModbusInputThread] - OLED: System ready, , 
2026-03-09 10:53:15,064 - INFO - [ModbusInputThread] - OLED: 192.168.99.31 | System ready |  | 
2026-03-09 10:53:15,296 - INFO - [ModbusInputThread] - Coil 0 set to OFF
2026-03-09 10:53:15,301 - INFO - [ModbusInputThread] - System state has been reset. Reason: System ready
2026-03-09 11:13:20,033 - INFO - [MainThread] - Logging configured.
2026-03-09 11:13:20,054 - INFO - [MainThread] - System IP Address: 192.168.99.31
2026-03-09 11:13:20,311 - INFO - [MainThread] - ✅ OLED display initialized successfully
2026-03-09 11:13:22,494 - INFO - [MainThread] - OLED: System booting..., , 
2026-03-09 11:13:22,640 - INFO - [MainThread] - OLED: 192.168.99.31 | System booting... |  | 
2026-03-09 11:13:22,646 - INFO - [MainThread] - Modbus client connected.
2026-03-09 11:13:22,650 - INFO - [MainThread] - OLED: System ready, , 
2026-03-09 11:13:22,797 - INFO - [MainThread] - OLED: 192.168.99.31 | System ready |  | 
2026-03-09 11:16:05,744 - INFO - [MainThread] - Logging configured.
2026-03-09 11:16:05,772 - INFO - [MainThread] - System IP Address: 192.168.99.31
2026-03-09 11:16:06,072 - INFO - [MainThread] - ✅ OLED display initialized successfully
2026-03-09 11:16:09,378 - INFO - [MainThread] - OLED: System booting..., , 
2026-03-09 11:16:09,547 - INFO - [MainThread] - OLED: 192.168.99.31 | System booting... |  | 
2026-03-09 11:16:09,551 - INFO - [MainThread] - Modbus client connected.
2026-03-09 11:16:09,567 - INFO - [MainThread] - OLED: System ready, , 
2026-03-09 11:16:09,754 - INFO - [MainThread] - OLED: 192.168.99.31 | System ready |  | 
2026-03-09 11:16:33,621 - INFO - [ModbusInputThread] - Vehicle detected: SPIN001
2026-03-09 11:16:33,636 - INFO - [ModbusInputThread] - OLED: Vehicle detected, SPIN001, 
2026-03-09 11:16:36,889 - INFO - [ModbusInputThread] - OLED: 192.168.99.31 | Vehicle detected | SPIN001 | 
2026-03-09 11:16:37,988 - INFO - [ModbusInputThread] - Ticket button pressed, starting transaction.
2026-03-09 11:16:38,870 - INFO - [TicketHandler] - Online ticket validation successful.
2026-03-09 11:16:38,872 - INFO - [TicketHandler] - OLED: Validate ticket, , 
2026-03-09 11:16:42,843 - INFO - [TicketHandler] - OLED: 192.168.99.31 | Validate ticket |  | 
2026-03-09 11:16:42,854 - INFO - [TicketHandler] - Transaction data saved for ticket: PRK20260309111638733
2026-03-09 11:16:44,589 - INFO - [TicketHandler] - USB printer enabled
2026-03-09 11:16:44,592 - INFO - [TicketHandler] - Primary printer initialized.
2026-03-09 11:16:45,603 - WARNING - [ModbusInputThread] - Button pressed, but system is busy or no vehicle detected.
2026-03-09 11:16:47,905 - INFO - [TicketHandler] - Closing Usb connection to printer (1155, 22339)
2026-03-09 11:16:48,634 - INFO - [TicketHandler] - Coil 0 set to ON
2026-03-09 11:16:48,757 - INFO - [TicketHandler] - OLED: Gate opened, , 
2026-03-09 11:16:49,317 - INFO - [TicketHandler] - OLED: 192.168.99.31 | Gate opened |  | 
2026-03-09 11:16:49,320 - INFO - [TicketHandler] - Ticket transaction successful. Awaiting vehicle to leave.
2026-03-09 11:16:54,724 - INFO - [ModbusInputThread] - Vehicle has left the sensor loop.
2026-03-09 11:16:54,732 - INFO - [ModbusInputThread] - OLED: System ready, , 
2026-03-09 11:16:56,945 - INFO - [ModbusInputThread] - OLED: 192.168.99.31 | System ready |  | 
2026-03-09 11:16:57,398 - INFO - [ModbusInputThread] - Coil 0 set to OFF
2026-03-09 11:16:57,410 - INFO - [ModbusInputThread] - System state has been reset. Reason: System ready
2026-03-09 11:22:53,256 - INFO - [MainThread] - Logging configured.
2026-03-09 11:22:53,300 - INFO - [MainThread] - System IP Address: 192.168.99.31
2026-03-09 11:22:53,669 - INFO - [MainThread] - ✅ OLED display initialized successfully
2026-03-09 11:22:56,577 - INFO - [MainThread] - OLED: System booting..., , 
2026-03-09 11:22:56,736 - INFO - [MainThread] - OLED: 192.168.99.31 | System booting... |  | 
2026-03-09 11:22:56,742 - INFO - [MainThread] - Modbus client connected.
2026-03-09 11:22:56,760 - INFO - [MainThread] - OLED: System ready, , 
2026-03-09 11:22:56,928 - INFO - [MainThread] - OLED: 192.168.99.31 | System ready |  | 
2026-03-09 11:23:13,864 - INFO - [ModbusInputThread] - Vehicle detected: SPIN001
2026-03-09 11:23:13,869 - INFO - [ModbusInputThread] - OLED: Vehicle detected, SPIN001, 
2026-03-09 11:23:17,879 - INFO - [ModbusInputThread] - OLED: 192.168.99.31 | Vehicle detected | SPIN001 | 
2026-03-09 11:23:19,122 - INFO - [ModbusInputThread] - Ticket button pressed, starting transaction.
2026-03-09 11:23:19,950 - INFO - [TicketHandler] - Online ticket validation successful.
2026-03-09 11:23:20,329 - INFO - [TicketHandler] - OLED: Validate ticket, , 
2026-03-09 11:23:22,882 - INFO - [TicketHandler] - OLED: 192.168.99.31 | Validate ticket |  | 
2026-03-09 11:23:22,893 - INFO - [TicketHandler] - Transaction data saved for ticket: PRK20260309112319676
2026-03-09 11:23:24,763 - INFO - [TicketHandler] - USB printer enabled
2026-03-09 11:23:24,780 - INFO - [TicketHandler] - Primary printer initialized.
2026-03-09 11:23:26,068 - INFO - [TicketHandler] - Closing Usb connection to printer (1155, 22339)
2026-03-09 11:23:28,900 - INFO - [TicketHandler] - Coil 0 set to ON
2026-03-09 11:23:29,014 - INFO - [TicketHandler] - OLED: Gate opened, , 
2026-03-09 11:23:29,474 - INFO - [TicketHandler] - OLED: 192.168.99.31 | Gate opened |  | 
2026-03-09 11:23:29,475 - INFO - [TicketHandler] - Ticket transaction successful. Awaiting vehicle to leave.
2026-03-09 11:23:33,186 - INFO - [ModbusInputThread] - Vehicle has left the sensor loop.
2026-03-09 11:23:33,189 - INFO - [ModbusInputThread] - OLED: System ready, , 
2026-03-09 11:23:36,228 - INFO - [ModbusInputThread] - OLED: 192.168.99.31 | System ready |  | 
2026-03-09 11:23:36,538 - INFO - [ModbusInputThread] - Coil 0 set to OFF
2026-03-09 11:23:36,539 - INFO - [ModbusInputThread] - System state has been reset. Reason: System ready
2026-03-09 11:28:00,412 - INFO - [MainThread] - Logging configured.
2026-03-09 11:28:00,439 - INFO - [MainThread] - System IP Address: 192.168.99.31
2026-03-09 11:28:00,855 - INFO - [MainThread] - ✅ OLED display initialized successfully
2026-03-09 11:28:03,098 - INFO - [MainThread] - OLED: System booting..., , 
2026-03-09 11:28:03,242 - INFO - [MainThread] - OLED: 192.168.99.31 | System booting... |  | 
2026-03-09 11:28:03,248 - INFO - [MainThread] - Modbus client connected.
2026-03-09 11:28:03,252 - INFO - [MainThread] - OLED: System ready, , 
2026-03-09 11:28:03,406 - INFO - [MainThread] - OLED: 192.168.99.31 | System ready |  | 
2026-03-09 11:30:39,712 - INFO - [ModbusInputThread] - Vehicle detected: SPIN001
2026-03-09 11:30:39,718 - INFO - [ModbusInputThread] - OLED: Vehicle detected, SPIN001, 
2026-03-09 11:30:41,595 - INFO - [ModbusInputThread] - OLED: 192.168.99.31 | Vehicle detected | SPIN001 | 
2026-03-09 11:30:44,494 - INFO - [ModbusInputThread] - Ticket button pressed, starting transaction.
2026-03-09 11:30:45,077 - INFO - [TicketHandler] - Online ticket validation successful.
2026-03-09 11:30:45,091 - INFO - [TicketHandler] - OLED: Validate ticket, , 
2026-03-09 11:30:46,959 - INFO - [TicketHandler] - OLED: 192.168.99.31 | Validate ticket |  | 
2026-03-09 11:30:46,964 - INFO - [TicketHandler] - Transaction data saved for ticket: PRK20260309113044311
2026-03-09 11:30:48,281 - INFO - [TicketHandler] - USB printer enabled
2026-03-09 11:30:48,286 - INFO - [TicketHandler] - Primary printer initialized.
2026-03-09 11:30:49,658 - INFO - [TicketHandler] - Closing Usb connection to printer (1155, 22339)
2026-03-09 11:30:49,879 - INFO - [TicketHandler] - Coil 0 set to ON
2026-03-09 11:30:50,003 - INFO - [TicketHandler] - OLED: Gate opened, , 
2026-03-09 11:30:50,465 - INFO - [TicketHandler] - OLED: 192.168.99.31 | Gate opened |  | 
2026-03-09 11:30:50,466 - INFO - [TicketHandler] - Ticket transaction successful. Awaiting vehicle to leave.
2026-03-09 11:30:56,147 - INFO - [ModbusInputThread] - Vehicle has left the sensor loop.
2026-03-09 11:30:56,149 - INFO - [ModbusInputThread] - OLED: System ready, , 
2026-03-09 11:30:57,924 - INFO - [ModbusInputThread] - OLED: 192.168.99.31 | System ready |  | 
2026-03-09 11:30:58,110 - INFO - [ModbusInputThread] - Coil 0 set to OFF
2026-03-09 11:30:58,114 - INFO - [ModbusInputThread] - System state has been reset. Reason: System ready
2026-03-09 11:38:33,146 - INFO - [MainThread] - Logging configured.
2026-03-09 11:38:33,171 - INFO - [MainThread] - System IP Address: 192.168.99.31
2026-03-09 11:38:33,442 - INFO - [MainThread] - ✅ OLED display initialized successfully
2026-03-09 11:38:35,681 - INFO - [MainThread] - OLED: System booting..., , 
2026-03-09 11:38:35,828 - INFO - [MainThread] - OLED: 192.168.99.31 | System booting... |  | 
2026-03-09 11:38:35,834 - INFO - [MainThread] - Modbus client connected.
2026-03-09 11:38:35,838 - INFO - [MainThread] - OLED: System ready, , 
2026-03-09 11:38:35,985 - INFO - [MainThread] - OLED: 192.168.99.31 | System ready |  | 
2026-03-09 11:40:14,047 - INFO - [ModbusInputThread] - Vehicle detected: SPIN001
2026-03-09 11:40:14,052 - INFO - [ModbusInputThread] - OLED: Vehicle detected, SPIN001, 
2026-03-09 11:40:15,673 - INFO - [ModbusInputThread] - OLED: 192.168.99.31 | Vehicle detected | SPIN001 | 
2026-03-09 11:40:27,551 - INFO - [ModbusInputThread] - Vehicle has left the sensor loop.
2026-03-09 11:40:27,566 - INFO - [ModbusInputThread] - OLED: System ready, , 
2026-03-09 11:40:29,476 - INFO - [ModbusInputThread] - OLED: 192.168.99.31 | System ready |  | 
2026-03-09 11:40:29,655 - INFO - [ModbusInputThread] - Coil 0 set to OFF
2026-03-09 11:40:29,658 - INFO - [ModbusInputThread] - System state has been reset. Reason: System ready
2026-03-09 11:40:30,338 - INFO - [ModbusInputThread] - Vehicle detected: SPIN001
2026-03-09 11:40:30,342 - INFO - [ModbusInputThread] - OLED: Vehicle detected, SPIN001, 
2026-03-09 11:40:32,165 - INFO - [ModbusInputThread] - OLED: 192.168.99.31 | Vehicle detected | SPIN001 | 
2026-03-09 11:40:34,390 - INFO - [ModbusInputThread] - Ticket button pressed, starting transaction.
2026-03-09 11:40:34,702 - INFO - [TicketHandler] - Online ticket validation successful.
2026-03-09 11:40:34,704 - INFO - [TicketHandler] - OLED: Validate ticket, , 
2026-03-09 11:40:36,943 - INFO - [TicketHandler] - OLED: 192.168.99.31 | Validate ticket |  | 
2026-03-09 11:40:36,949 - INFO - [TicketHandler] - Transaction data saved for ticket: PRK20260309114034807
2026-03-09 11:40:37,877 - INFO - [TicketHandler] - USB printer enabled
2026-03-09 11:40:37,880 - INFO - [TicketHandler] - Primary printer initialized.
2026-03-09 11:40:39,581 - INFO - [TicketHandler] - Closing Usb connection to printer (1155, 22339)
2026-03-09 11:40:39,775 - INFO - [TicketHandler] - Coil 0 set to ON
2026-03-09 11:40:39,854 - INFO - [TicketHandler] - OLED: Gate opened, , 
2026-03-09 11:40:40,336 - INFO - [TicketHandler] - OLED: 192.168.99.31 | Gate opened |  | 
2026-03-09 11:40:40,339 - INFO - [TicketHandler] - Ticket transaction successful. Awaiting vehicle to leave.
2026-03-09 11:40:44,048 - INFO - [ModbusInputThread] - Vehicle has left the sensor loop.
2026-03-09 11:40:44,059 - INFO - [ModbusInputThread] - OLED: System ready, , 
2026-03-09 11:40:45,852 - INFO - [ModbusInputThread] - OLED: 192.168.99.31 | System ready |  | 
2026-03-09 11:40:46,015 - INFO - [ModbusInputThread] - Coil 0 set to OFF
2026-03-09 11:40:46,024 - INFO - [ModbusInputThread] - System state has been reset. Reason: System ready
2026-03-09 11:47:19,810 - INFO - [MainThread] - Logging configured.
2026-03-09 11:47:19,835 - INFO - [MainThread] - System IP Address: 192.168.99.31
2026-03-09 11:47:20,104 - INFO - [MainThread] - ✅ OLED display initialized successfully
2026-03-09 11:47:22,241 - INFO - [MainThread] - OLED: System booting..., , 
2026-03-09 11:47:22,385 - INFO - [MainThread] - OLED: 192.168.99.31 | System booting... |  | 
2026-03-09 11:47:22,390 - INFO - [MainThread] - Modbus client connected.
2026-03-09 11:47:22,396 - INFO - [MainThread] - OLED: System ready, , 
2026-03-09 11:47:22,560 - INFO - [MainThread] - OLED: 192.168.99.31 | System ready |  | 
2026-03-09 11:48:58,688 - INFO - [ModbusInputThread] - Vehicle detected: SPIN001
2026-03-09 11:48:58,689 - INFO - [ModbusInputThread] - OLED: Vehicle detected, SPIN001, 
2026-03-09 11:49:00,379 - INFO - [ModbusInputThread] - OLED: 192.168.99.31 | Vehicle detected | SPIN001 | 
2026-03-09 11:49:02,004 - INFO - [ModbusInputThread] - Ticket button pressed, starting transaction.
2026-03-09 11:49:02,392 - INFO - [TicketHandler] - Online ticket validation successful.
2026-03-09 11:49:02,394 - INFO - [TicketHandler] - OLED: Validate ticket, , 
2026-03-09 11:49:04,300 - INFO - [TicketHandler] - OLED: 192.168.99.31 | Validate ticket |  | 
2026-03-09 11:49:04,475 - INFO - [TicketHandler] - Transaction data saved for ticket: PRK20260309114902639
2026-03-09 11:49:05,671 - INFO - [TicketHandler] - USB printer enabled
2026-03-09 11:49:05,673 - INFO - [TicketHandler] - Primary printer initialized.
2026-03-09 11:49:07,097 - INFO - [TicketHandler] - Closing Usb connection to printer (1155, 22339)
2026-03-09 11:49:07,351 - INFO - [TicketHandler] - Coil 0 set to ON
2026-03-09 11:49:07,581 - INFO - [TicketHandler] - OLED: Gate opened, , 
2026-03-09 11:49:08,050 - INFO - [TicketHandler] - OLED: 192.168.99.31 | Gate opened |  | 
2026-03-09 11:49:08,052 - INFO - [TicketHandler] - Ticket transaction successful. Awaiting vehicle to leave.
2026-03-09 11:49:19,783 - INFO - [ModbusInputThread] - Vehicle has left the sensor loop.
2026-03-09 11:49:19,788 - INFO - [ModbusInputThread] - OLED: System ready, , 
2026-03-09 11:49:21,690 - INFO - [ModbusInputThread] - OLED: 192.168.99.31 | System ready |  | 
2026-03-09 11:49:21,852 - INFO - [ModbusInputThread] - Coil 0 set to OFF
2026-03-09 11:49:21,856 - INFO - [ModbusInputThread] - System state has been reset. Reason: System ready
2026-03-09 11:56:23,054 - INFO - [MainThread] - Logging configured.
2026-03-09 11:56:23,087 - INFO - [MainThread] - System IP Address: 192.168.99.31
2026-03-09 11:56:23,373 - INFO - [MainThread] - ✅ OLED display initialized successfully
2026-03-09 11:56:25,832 - INFO - [MainThread] - OLED: System booting..., , 
2026-03-09 11:56:25,974 - INFO - [MainThread] - OLED: 192.168.99.31 | System booting... |  | 
2026-03-09 11:56:25,981 - INFO - [MainThread] - Modbus client connected.
2026-03-09 11:56:25,994 - INFO - [MainThread] - OLED: System ready, , 
2026-03-09 11:56:26,154 - INFO - [MainThread] - OLED: 192.168.99.31 | System ready |  | 
2026-03-09 11:58:02,274 - INFO - [ModbusInputThread] - Vehicle detected: SPIN001
2026-03-09 11:58:02,277 - INFO - [ModbusInputThread] - OLED: Vehicle detected, SPIN001, 
2026-03-09 11:58:03,857 - INFO - [ModbusInputThread] - OLED: 192.168.99.31 | Vehicle detected | SPIN001 | 
2026-03-09 11:58:05,239 - INFO - [ModbusInputThread] - Ticket button pressed, starting transaction.
2026-03-09 11:58:05,778 - INFO - [TicketHandler] - Online ticket validation successful.
2026-03-09 11:58:05,781 - INFO - [TicketHandler] - OLED: Validate ticket, , 
2026-03-09 11:58:07,477 - INFO - [TicketHandler] - OLED: 192.168.99.31 | Validate ticket |  | 
2026-03-09 11:58:07,481 - INFO - [TicketHandler] - Transaction data saved for ticket: PRK20260309115805709
2026-03-09 11:58:08,563 - INFO - [TicketHandler] - USB printer enabled
2026-03-09 11:58:08,569 - INFO - [TicketHandler] - Primary printer initialized.
2026-03-09 11:58:10,073 - INFO - [TicketHandler] - Closing Usb connection to printer (1155, 22339)
2026-03-09 11:58:10,274 - INFO - [TicketHandler] - Coil 0 set to ON
2026-03-09 11:58:10,538 - INFO - [TicketHandler] - OLED: Gate opened, , 
2026-03-09 11:58:11,033 - INFO - [TicketHandler] - OLED: 192.168.99.31 | Gate opened |  | 
2026-03-09 11:58:11,061 - INFO - [TicketHandler] - Ticket transaction successful. Awaiting vehicle to leave.
2026-03-09 11:58:19,190 - INFO - [ModbusInputThread] - Vehicle has left the sensor loop.
2026-03-09 11:58:19,192 - INFO - [ModbusInputThread] - OLED: System ready, , 
2026-03-09 11:58:20,897 - INFO - [ModbusInputThread] - OLED: 192.168.99.31 | System ready |  | 
2026-03-09 11:58:21,083 - INFO - [ModbusInputThread] - Coil 0 set to OFF
2026-03-09 11:58:21,093 - INFO - [ModbusInputThread] - System state has been reset. Reason: System ready
2026-03-09 12:01:38,891 - INFO - [ModbusInputThread] - Vehicle detected: SPIN001
2026-03-09 12:01:38,901 - INFO - [ModbusInputThread] - OLED: Vehicle detected, SPIN001, 
2026-03-09 12:01:40,424 - INFO - [ModbusInputThread] - OLED: 192.168.99.31 | Vehicle detected | SPIN001 | 
2026-03-09 12:01:48,414 - INFO - [EMoneyThread] - E-Money card detected: 6013500186902129
2026-03-09 12:01:49,112 - INFO - [EMoneyThread] - Coil 0 set to ON
2026-03-09 12:01:49,130 - INFO - [EMoneyThread] - Transaction data saved for ticket: PRK20260309120148466
2026-03-09 12:01:49,288 - INFO - [EMoneyThread] - OLED: Gate opened, , 
2026-03-09 12:01:49,718 - INFO - [EMoneyThread] - OLED: 192.168.99.31 | Gate opened |  | 
2026-03-09 12:01:49,748 - INFO - [EMoneyThread] - E-Money transaction successful. Awaiting vehicle to leave.
2026-03-09 12:02:17,062 - INFO - [ModbusInputThread] - Vehicle has left the sensor loop.
2026-03-09 12:02:17,065 - INFO - [ModbusInputThread] - OLED: System ready, , 
2026-03-09 12:02:18,446 - INFO - [ModbusInputThread] - OLED: 192.168.99.31 | System ready |  | 
2026-03-09 12:02:18,599 - INFO - [ModbusInputThread] - Coil 0 set to OFF
2026-03-09 12:02:18,607 - INFO - [ModbusInputThread] - System state has been reset. Reason: System ready
2026-03-09 12:04:59,750 - INFO - [MainThread] - Logging configured.
2026-03-09 12:04:59,775 - INFO - [MainThread] - System IP Address: 192.168.99.31
2026-03-09 12:05:00,062 - INFO - [MainThread] - ✅ OLED display initialized successfully
2026-03-09 12:05:02,272 - INFO - [MainThread] - OLED: System booting..., , 
2026-03-09 12:05:02,411 - INFO - [MainThread] - OLED: 192.168.99.31 | System booting... |  | 
2026-03-09 12:05:02,416 - INFO - [MainThread] - Modbus client connected.
2026-03-09 12:05:02,420 - INFO - [MainThread] - OLED: System ready, , 
2026-03-09 12:05:02,562 - INFO - [MainThread] - OLED: 192.168.99.31 | System ready |  | 
2026-03-09 12:12:30,220 - INFO - [ModbusInputThread] - Vehicle detected: SPIN001
2026-03-09 12:12:30,230 - INFO - [ModbusInputThread] - OLED: Vehicle detected, SPIN001, 
2026-03-09 12:12:31,895 - INFO - [ModbusInputThread] - OLED: 192.168.99.31 | Vehicle detected | SPIN001 | 
2026-03-09 12:12:33,354 - INFO - [ModbusInputThread] - Vehicle has left the sensor loop.
2026-03-09 12:12:33,363 - INFO - [ModbusInputThread] - OLED: System ready, , 
2026-03-09 12:12:35,254 - INFO - [ModbusInputThread] - OLED: 192.168.99.31 | System ready |  | 
2026-03-09 12:12:35,407 - INFO - [ModbusInputThread] - Coil 0 set to OFF
2026-03-09 12:12:35,408 - INFO - [ModbusInputThread] - System state has been reset. Reason: System ready
2026-03-09 12:23:04,572 - INFO - [ModbusInputThread] - Vehicle detected: SPIN001
2026-03-09 12:23:04,577 - INFO - [ModbusInputThread] - OLED: Vehicle detected, SPIN001, 
2026-03-09 12:23:06,419 - INFO - [ModbusInputThread] - OLED: 192.168.99.31 | Vehicle detected | SPIN001 | 
2026-03-09 12:23:15,790 - INFO - [ModbusInputThread] - Ticket button pressed, starting transaction.
2026-03-09 12:23:16,137 - INFO - [TicketHandler] - Online ticket validation successful.
2026-03-09 12:23:16,139 - INFO - [TicketHandler] - OLED: Validate ticket, , 
2026-03-09 12:23:17,506 - INFO - [TicketHandler] - OLED: 192.168.99.31 | Validate ticket |  | 
2026-03-09 12:23:17,510 - INFO - [TicketHandler] - Transaction data saved for ticket: PRK20260309122315163
2026-03-09 12:23:18,594 - INFO - [TicketHandler] - USB printer enabled
2026-03-09 12:23:18,598 - INFO - [TicketHandler] - Primary printer initialized.
2026-03-09 12:23:19,871 - INFO - [TicketHandler] - Closing Usb connection to printer (1155, 22339)
2026-03-09 12:23:20,183 - INFO - [TicketHandler] - Coil 0 set to ON
2026-03-09 12:23:20,311 - INFO - [TicketHandler] - OLED: Gate opened, , 
2026-03-09 12:23:20,615 - INFO - [TicketHandler] - OLED: 192.168.99.31 | Gate opened |  | 
2026-03-09 12:23:20,620 - INFO - [TicketHandler] - Ticket transaction successful. Awaiting vehicle to leave.
2026-03-09 12:23:26,462 - INFO - [ModbusInputThread] - Vehicle has left the sensor loop.
2026-03-09 12:23:26,473 - INFO - [ModbusInputThread] - OLED: System ready, , 
2026-03-09 12:23:28,039 - INFO - [ModbusInputThread] - OLED: 192.168.99.31 | System ready |  | 
2026-03-09 12:23:28,221 - INFO - [ModbusInputThread] - Coil 0 set to OFF
2026-03-09 12:23:28,225 - INFO - [ModbusInputThread] - System state has been reset. Reason: System ready
2026-03-09 12:31:12,539 - INFO - [ModbusInputThread] - Vehicle detected: SPIN001
2026-03-09 12:31:12,545 - INFO - [ModbusInputThread] - OLED: Vehicle detected, SPIN001, 
2026-03-09 12:31:14,057 - INFO - [ModbusInputThread] - OLED: 192.168.99.31 | Vehicle detected | SPIN001 | 
2026-03-09 12:31:15,223 - INFO - [RFIDThread] - OLED: RFID Gagal, , 
2026-03-09 12:31:15,572 - INFO - [ModbusInputThread] - Vehicle detected: SPIN001
2026-03-09 12:31:15,581 - INFO - [ModbusInputThread] - OLED: Vehicle detected, SPIN001, 
2026-03-09 12:31:17,412 - INFO - [RFIDThread] - OLED: 192.168.99.31 | RFID Gagal |  | 
2026-03-09 12:31:17,896 - INFO - [ModbusInputThread] - OLED: 192.168.99.31 | Vehicle detected | SPIN001 | 
2026-03-09 12:31:18,070 - INFO - [RFIDThread] - Coil 0 set to OFF
2026-03-09 12:31:18,078 - INFO - [RFIDThread] - System state has been reset. Reason: RFID Gagal
2026-03-09 12:31:22,999 - INFO - [ModbusInputThread] - Ticket button pressed, starting transaction.
2026-03-09 12:31:23,338 - INFO - [TicketHandler] - Online ticket validation successful.
2026-03-09 12:31:23,342 - INFO - [TicketHandler] - OLED: Validate ticket, , 
2026-03-09 12:31:24,911 - INFO - [TicketHandler] - OLED: 192.168.99.31 | Validate ticket |  | 
2026-03-09 12:31:25,081 - INFO - [TicketHandler] - Transaction data saved for ticket: PRK20260309123123974
2026-03-09 12:31:25,426 - INFO - [TicketHandler] - USB printer enabled
2026-03-09 12:31:25,430 - INFO - [TicketHandler] - Primary printer initialized.
2026-03-09 12:31:26,483 - INFO - [TicketHandler] - Closing Usb connection to printer (1155, 22339)
2026-03-09 12:31:26,660 - INFO - [TicketHandler] - Coil 0 set to ON
2026-03-09 12:31:26,737 - INFO - [TicketHandler] - OLED: Gate opened, , 
2026-03-09 12:31:27,181 - INFO - [TicketHandler] - OLED: 192.168.99.31 | Gate opened |  | 
2026-03-09 12:31:27,183 - INFO - [TicketHandler] - Ticket transaction successful. Awaiting vehicle to leave.
2026-03-09 12:31:46,145 - INFO - [ModbusInputThread] - Vehicle has left the sensor loop.
2026-03-09 12:31:46,158 - INFO - [ModbusInputThread] - OLED: System ready, , 
2026-03-09 12:31:48,089 - INFO - [ModbusInputThread] - OLED: 192.168.99.31 | System ready |  | 
2026-03-09 12:31:48,262 - INFO - [ModbusInputThread] - Coil 0 set to OFF
2026-03-09 12:31:48,269 - INFO - [ModbusInputThread] - System state has been reset. Reason: System ready
2026-03-09 12:35:02,767 - INFO - [ModbusInputThread] - Vehicle detected: SPIN001
2026-03-09 12:35:02,777 - INFO - [ModbusInputThread] - OLED: Vehicle detected, SPIN001, 
2026-03-09 12:35:04,278 - INFO - [ModbusInputThread] - OLED: 192.168.99.31 | Vehicle detected | SPIN001 | 
2026-03-09 12:35:04,958 - INFO - [ModbusInputThread] - Ticket button pressed, starting transaction.
2026-03-09 12:35:05,335 - INFO - [TicketHandler] - Online ticket validation successful.
2026-03-09 12:35:05,339 - INFO - [TicketHandler] - OLED: Validate ticket, , 
2026-03-09 12:35:07,012 - INFO - [TicketHandler] - OLED: 192.168.99.31 | Validate ticket |  | 
2026-03-09 12:35:07,019 - INFO - [TicketHandler] - Transaction data saved for ticket: PRK20260309123505223
2026-03-09 12:35:07,533 - INFO - [TicketHandler] - USB printer enabled
2026-03-09 12:35:07,537 - INFO - [TicketHandler] - Primary printer initialized.
2026-03-09 12:35:08,252 - INFO - [TicketHandler] - Closing Usb connection to printer (1155, 22339)
2026-03-09 12:35:08,600 - INFO - [TicketHandler] - Coil 0 set to ON
2026-03-09 12:35:08,719 - INFO - [TicketHandler] - OLED: Gate opened, , 
2026-03-09 12:35:09,094 - INFO - [TicketHandler] - OLED: 192.168.99.31 | Gate opened |  | 
2026-03-09 12:35:09,096 - INFO - [TicketHandler] - Ticket transaction successful. Awaiting vehicle to leave.
2026-03-09 12:35:16,826 - INFO - [ModbusInputThread] - Vehicle has left the sensor loop.
2026-03-09 12:35:16,837 - INFO - [ModbusInputThread] - OLED: System ready, , 
2026-03-09 12:35:18,533 - INFO - [ModbusInputThread] - OLED: 192.168.99.31 | System ready |  | 
2026-03-09 12:35:18,729 - INFO - [ModbusInputThread] - Coil 0 set to OFF
2026-03-09 12:35:18,737 - INFO - [ModbusInputThread] - System state has been reset. Reason: System ready
2026-03-09 12:42:45,054 - INFO - [ModbusInputThread] - Vehicle detected: SPIN001
2026-03-09 12:42:45,062 - INFO - [ModbusInputThread] - OLED: Vehicle detected, SPIN001, 
2026-03-09 12:42:46,627 - INFO - [ModbusInputThread] - OLED: 192.168.99.31 | Vehicle detected | SPIN001 | 
2026-03-09 12:42:54,551 - INFO - [ModbusInputThread] - Ticket button pressed, starting transaction.
2026-03-09 12:42:55,109 - INFO - [TicketHandler] - Online ticket validation successful.
2026-03-09 12:42:55,114 - INFO - [TicketHandler] - OLED: Validate ticket, , 
2026-03-09 12:42:56,562 - INFO - [TicketHandler] - OLED: 192.168.99.31 | Validate ticket |  | 
2026-03-09 12:42:56,740 - INFO - [TicketHandler] - Transaction data saved for ticket: PRK20260309124254719
2026-03-09 12:42:57,228 - INFO - [TicketHandler] - USB printer enabled
2026-03-09 12:42:57,229 - INFO - [TicketHandler] - Primary printer initialized.
2026-03-09 12:42:58,172 - INFO - [TicketHandler] - Closing Usb connection to printer (1155, 22339)
2026-03-09 12:42:58,344 - INFO - [TicketHandler] - Coil 0 set to ON
2026-03-09 12:42:58,526 - INFO - [TicketHandler] - OLED: Gate opened, , 
2026-03-09 12:42:59,205 - INFO - [TicketHandler] - OLED: 192.168.99.31 | Gate opened |  | 
2026-03-09 12:42:59,208 - INFO - [TicketHandler] - Ticket transaction successful. Awaiting vehicle to leave.
2026-03-09 12:43:43,087 - INFO - [ModbusInputThread] - Vehicle has left the sensor loop.
2026-03-09 12:43:43,278 - INFO - [ModbusInputThread] - OLED: System ready, , 
2026-03-09 12:43:45,021 - INFO - [ModbusInputThread] - OLED: 192.168.99.31 | System ready |  | 
2026-03-09 12:43:45,177 - INFO - [ModbusInputThread] - Coil 0 set to OFF
2026-03-09 12:43:45,179 - INFO - [ModbusInputThread] - System state has been reset. Reason: System ready
2026-03-09 12:44:56,312 - INFO - [ModbusInputThread] - Vehicle detected: SPIN001
2026-03-09 12:44:56,323 - INFO - [ModbusInputThread] - OLED: Vehicle detected, SPIN001, 
2026-03-09 12:44:58,012 - INFO - [ModbusInputThread] - OLED: 192.168.99.31 | Vehicle detected | SPIN001 | 
2026-03-09 12:45:03,370 - INFO - [ModbusInputThread] - Ticket button pressed, starting transaction.
2026-03-09 12:45:03,565 - INFO - [TicketHandler] - Online ticket validation successful.
2026-03-09 12:45:03,567 - INFO - [TicketHandler] - OLED: Validate ticket, , 
2026-03-09 12:45:05,411 - INFO - [TicketHandler] - OLED: 192.168.99.31 | Validate ticket |  | 
2026-03-09 12:45:05,574 - INFO - [TicketHandler] - Transaction data saved for ticket: PRK20260309124503138
2026-03-09 12:45:06,044 - INFO - [TicketHandler] - USB printer enabled
2026-03-09 12:45:06,051 - INFO - [TicketHandler] - Primary printer initialized.
2026-03-09 12:45:07,287 - INFO - [TicketHandler] - Closing Usb connection to printer (1155, 22339)
2026-03-09 12:45:07,457 - INFO - [TicketHandler] - Coil 0 set to ON
2026-03-09 12:45:07,555 - INFO - [TicketHandler] - OLED: Gate opened, , 
2026-03-09 12:45:08,176 - INFO - [TicketHandler] - OLED: 192.168.99.31 | Gate opened |  | 
2026-03-09 12:45:08,178 - INFO - [TicketHandler] - Ticket transaction successful. Awaiting vehicle to leave.
2026-03-09 12:48:44,903 - INFO - [ModbusInputThread] - Vehicle has left the sensor loop.
2026-03-09 12:48:44,916 - INFO - [ModbusInputThread] - OLED: System ready, , 
2026-03-09 12:48:46,920 - INFO - [ModbusInputThread] - OLED: 192.168.99.31 | System ready |  | 
2026-03-09 12:48:47,111 - INFO - [ModbusInputThread] - Coil 0 set to OFF
2026-03-09 12:48:47,113 - INFO - [ModbusInputThread] - System state has been reset. Reason: System ready
2026-03-09 12:48:47,817 - INFO - [ModbusInputThread] - Vehicle detected: SPIN001
2026-03-09 12:48:47,827 - INFO - [ModbusInputThread] - OLED: Vehicle detected, SPIN001, 
2026-03-09 12:48:49,555 - INFO - [ModbusInputThread] - OLED: 192.168.99.31 | Vehicle detected | SPIN001 | 
2026-03-09 12:48:52,913 - INFO - [ModbusInputThread] - Ticket button pressed, starting transaction.
2026-03-09 12:48:53,253 - INFO - [TicketHandler] - Online ticket validation successful.
2026-03-09 12:48:53,261 - INFO - [TicketHandler] - OLED: Validate ticket, , 
2026-03-09 12:48:55,196 - INFO - [TicketHandler] - OLED: 192.168.99.31 | Validate ticket |  | 
2026-03-09 12:48:55,201 - INFO - [TicketHandler] - Transaction data saved for ticket: PRK20260309124853646
2026-03-09 12:48:55,533 - INFO - [TicketHandler] - USB printer enabled
2026-03-09 12:48:55,536 - INFO - [TicketHandler] - Primary printer initialized.
2026-03-09 12:48:56,465 - INFO - [TicketHandler] - Closing Usb connection to printer (1155, 22339)
2026-03-09 12:48:56,818 - INFO - [TicketHandler] - Coil 0 set to ON
2026-03-09 12:48:56,905 - INFO - [TicketHandler] - OLED: Gate opened, , 
2026-03-09 12:48:57,390 - INFO - [TicketHandler] - OLED: 192.168.99.31 | Gate opened |  | 
2026-03-09 12:48:57,391 - INFO - [TicketHandler] - Ticket transaction successful. Awaiting vehicle to leave.
2026-03-09 13:11:00,492 - INFO - [ModbusInputThread] - Vehicle has left the sensor loop.
2026-03-09 13:11:00,535 - INFO - [ModbusInputThread] - OLED: System ready, , 
2026-03-09 13:11:02,209 - INFO - [ModbusInputThread] - OLED: 192.168.99.31 | System ready |  | 
2026-03-09 13:11:02,545 - INFO - [ModbusInputThread] - Coil 0 set to OFF
2026-03-09 13:11:02,547 - INFO - [ModbusInputThread] - System state has been reset. Reason: System ready
2026-03-09 13:28:49,813 - INFO - [ModbusInputThread] - Vehicle detected: SPIN001
2026-03-09 13:28:49,824 - INFO - [ModbusInputThread] - OLED: Vehicle detected, SPIN001, 
2026-03-09 13:28:51,123 - INFO - [ModbusInputThread] - OLED: 192.168.99.31 | Vehicle detected | SPIN001 | 
2026-03-09 13:28:55,328 - INFO - [EMoneyThread] - E-Money card detected: 0145202002307203
2026-03-09 13:28:55,847 - INFO - [EMoneyThread] - Coil 0 set to ON
2026-03-09 13:28:55,861 - INFO - [EMoneyThread] - Transaction data saved for ticket: PRK20260309132855835
2026-03-09 13:28:55,959 - INFO - [EMoneyThread] - OLED: Gate opened, , 
2026-03-09 13:28:56,304 - INFO - [EMoneyThread] - OLED: 192.168.99.31 | Gate opened |  | 
2026-03-09 13:28:56,306 - INFO - [EMoneyThread] - E-Money transaction successful. Awaiting vehicle to leave.
2026-03-09 13:29:09,044 - INFO - [ModbusInputThread] - Vehicle has left the sensor loop.
2026-03-09 13:29:09,057 - INFO - [ModbusInputThread] - OLED: System ready, , 
2026-03-09 13:29:10,680 - INFO - [ModbusInputThread] - OLED: 192.168.99.31 | System ready |  | 
2026-03-09 13:29:10,832 - INFO - [ModbusInputThread] - Coil 0 set to OFF
2026-03-09 13:29:10,839 - INFO - [ModbusInputThread] - System state has been reset. Reason: System ready
2026-03-09 13:30:59,376 - INFO - [ModbusInputThread] - Vehicle detected: SPIN001
2026-03-09 13:30:59,379 - INFO - [ModbusInputThread] - OLED: Vehicle detected, SPIN001, 
2026-03-09 13:31:01,092 - INFO - [ModbusInputThread] - OLED: 192.168.99.31 | Vehicle detected | SPIN001 | 
2026-03-09 13:31:04,006 - INFO - [ModbusInputThread] - Ticket button pressed, starting transaction.
2026-03-09 13:31:04,352 - INFO - [TicketHandler] - Online ticket validation successful.
2026-03-09 13:31:04,357 - INFO - [TicketHandler] - OLED: Validate ticket, , 
2026-03-09 13:31:06,464 - INFO - [TicketHandler] - OLED: 192.168.99.31 | Validate ticket |  | 
2026-03-09 13:31:06,469 - INFO - [TicketHandler] - Transaction data saved for ticket: PRK20260309133104628
2026-03-09 13:31:06,811 - INFO - [TicketHandler] - USB printer enabled
2026-03-09 13:31:06,820 - INFO - [TicketHandler] - Primary printer initialized.
2026-03-09 13:31:07,671 - INFO - [TicketHandler] - Closing Usb connection to printer (1155, 22339)
2026-03-09 13:31:07,854 - INFO - [TicketHandler] - Coil 0 set to ON
2026-03-09 13:31:07,940 - INFO - [TicketHandler] - OLED: Gate opened, , 
2026-03-09 13:31:08,288 - INFO - [TicketHandler] - OLED: 192.168.99.31 | Gate opened |  | 
2026-03-09 13:31:08,290 - INFO - [TicketHandler] - Ticket transaction successful. Awaiting vehicle to leave.
2026-03-09 13:31:19,526 - INFO - [ModbusInputThread] - Vehicle has left the sensor loop.
2026-03-09 13:31:19,709 - INFO - [ModbusInputThread] - OLED: System ready, , 
2026-03-09 13:31:21,601 - INFO - [ModbusInputThread] - OLED: 192.168.99.31 | System ready |  | 
2026-03-09 13:31:21,938 - INFO - [ModbusInputThread] - Coil 0 set to OFF
2026-03-09 13:31:21,946 - INFO - [ModbusInputThread] - System state has been reset. Reason: System ready
2026-03-09 20:05:29,948 - INFO - [MainThread] - Logging configured.
2026-03-09 20:05:29,979 - INFO - [MainThread] - System IP Address: 192.168.99.31
2026-03-09 20:05:30,583 - INFO - [MainThread] - ✅ OLED display initialized successfully
2026-03-09 20:05:32,899 - INFO - [MainThread] - OLED: System booting..., , 
2026-03-09 20:05:33,046 - INFO - [MainThread] - OLED: 192.168.99.31 | System booting... |  | 
2026-03-09 20:05:33,051 - INFO - [MainThread] - Modbus client connected.
2026-03-09 20:05:33,055 - INFO - [MainThread] - OLED: System ready, , 
2026-03-09 20:05:33,104 - INFO - [ModbusInputThread] - Vehicle detected: SPIN001
2026-03-09 20:05:33,105 - INFO - [ModbusInputThread] - OLED: Vehicle detected, SPIN001, 
2026-03-09 20:05:33,282 - INFO - [MainThread] - OLED: 192.168.99.31 | System ready |  | 
2026-03-09 20:05:33,741 - INFO - [ModbusInputThread] - OLED: 192.168.99.31 | Vehicle detected | SPIN001 | 
2026-03-09 20:05:48,408 - INFO - [ModbusInputThread] - Ticket button pressed, starting transaction.
2026-03-09 20:05:48,758 - INFO - [TicketHandler] - Online ticket validation successful.
2026-03-09 20:05:48,760 - INFO - [TicketHandler] - OLED: Validate ticket, , 
2026-03-09 20:05:50,256 - INFO - [TicketHandler] - OLED: 192.168.99.31 | Validate ticket |  | 
2026-03-09 20:05:50,416 - INFO - [TicketHandler] - Transaction data saved for ticket: PRK20260309200548746
2026-03-09 20:05:51,768 - INFO - [TicketHandler] - USB printer enabled
2026-03-09 20:05:51,776 - INFO - [TicketHandler] - Primary printer initialized.
2026-03-09 20:05:53,213 - INFO - [TicketHandler] - Closing Usb connection to printer (1155, 22339)
2026-03-09 20:05:53,397 - INFO - [TicketHandler] - Coil 0 set to ON
2026-03-09 20:05:53,525 - INFO - [TicketHandler] - OLED: Gate opened, , 
2026-03-09 20:05:54,030 - INFO - [TicketHandler] - OLED: 192.168.99.31 | Gate opened |  | 
2026-03-09 20:05:54,032 - INFO - [TicketHandler] - Ticket transaction successful. Awaiting vehicle to leave.
2026-03-09 20:09:34,896 - INFO - [MainThread] - Logging configured.
2026-03-09 20:09:34,924 - INFO - [MainThread] - System IP Address: 192.168.99.31
2026-03-09 20:09:35,210 - INFO - [MainThread] - ✅ OLED display initialized successfully
2026-03-09 20:09:37,527 - INFO - [MainThread] - OLED: System booting..., , 
2026-03-09 20:09:37,669 - INFO - [MainThread] - OLED: 192.168.99.31 | System booting... |  | 
2026-03-09 20:09:37,675 - INFO - [MainThread] - Modbus client connected.
2026-03-09 20:09:37,681 - INFO - [MainThread] - OLED: System ready, , 
2026-03-09 20:09:37,729 - INFO - [ModbusInputThread] - Vehicle detected: SPIN001
2026-03-09 20:09:37,732 - INFO - [ModbusInputThread] - OLED: Vehicle detected, SPIN001, 
2026-03-09 20:09:37,941 - INFO - [MainThread] - OLED: 192.168.99.31 | System ready |  | 
2026-03-09 20:09:38,443 - INFO - [ModbusInputThread] - OLED: 192.168.99.31 | Vehicle detected | SPIN001 | 
2026-03-09 20:09:51,227 - INFO - [ModbusInputThread] - Ticket button pressed, starting transaction.
2026-03-09 20:09:51,633 - INFO - [TicketHandler] - Online ticket validation successful.
2026-03-09 20:09:51,636 - INFO - [TicketHandler] - OLED: Validate ticket, , 
2026-03-09 20:09:53,032 - INFO - [TicketHandler] - OLED: 192.168.99.31 | Validate ticket |  | 
2026-03-09 20:09:53,206 - INFO - [TicketHandler] - Transaction data saved for ticket: PRK20260309200951550
2026-03-09 20:09:54,344 - INFO - [TicketHandler] - USB printer enabled
2026-03-09 20:09:54,351 - INFO - [TicketHandler] - Primary printer initialized.
2026-03-09 20:09:55,360 - INFO - [TicketHandler] - Closing Usb connection to printer (1155, 22339)
2026-03-09 20:09:55,567 - INFO - [TicketHandler] - Coil 0 set to ON
2026-03-09 20:09:55,573 - INFO - [TicketHandler] - OLED: Gate opened, , 
2026-03-09 20:09:57,187 - INFO - [TicketHandler] - OLED: 192.168.99.31 | Gate opened |  | 
2026-03-09 20:09:57,190 - ERROR - [TicketHandler] - Error during ticket transaction: name 'sleep' is not defined
Traceback (most recent call last):
  File "/home/pi/parking-system/parking_controller.py", line 380, in _handle_print_ticket
    sleep(1.5)
NameError: name 'sleep' is not defined
2026-03-09 20:09:57,387 - WARNING - [TicketHandler] - Ticket transaction failed. Resetting system.
2026-03-09 20:09:57,600 - INFO - [TicketHandler] - OLED: Transaksi Gagal, , 
2026-03-09 20:09:58,334 - INFO - [ModbusInputThread] - Vehicle detected: SPIN001
2026-03-09 20:09:58,336 - INFO - [ModbusInputThread] - OLED: Vehicle detected, SPIN001, 
2026-03-09 20:09:59,726 - INFO - [TicketHandler] - OLED: 192.168.99.31 | Transaksi Gagal |  | 
2026-03-09 20:10:00,269 - INFO - [ModbusInputThread] - OLED: 192.168.99.31 | Vehicle detected | SPIN001 | 
2026-03-09 20:10:00,447 - INFO - [TicketHandler] - Coil 0 set to OFF
2026-03-09 20:10:00,448 - INFO - [TicketHandler] - System state has been reset. Reason: Transaksi Gagal
2026-03-09 20:10:03,058 - INFO - [ModbusInputThread] - Ticket button pressed, starting transaction.
2026-03-09 20:10:03,286 - INFO - [TicketHandler] - Online ticket validation successful.
2026-03-09 20:10:03,288 - INFO - [TicketHandler] - OLED: Validate ticket, , 
2026-03-09 20:10:04,857 - INFO - [TicketHandler] - OLED: 192.168.99.31 | Validate ticket |  | 
2026-03-09 20:10:04,863 - INFO - [TicketHandler] - Transaction data saved for ticket: PRK20260309201003767
2026-03-09 20:10:05,284 - INFO - [TicketHandler] - USB printer enabled
2026-03-09 20:10:05,291 - INFO - [TicketHandler] - Primary printer initialized.
2026-03-09 20:10:06,018 - INFO - [TicketHandler] - Closing Usb connection to printer (1155, 22339)
2026-03-09 20:10:06,207 - INFO - [TicketHandler] - Coil 0 set to ON
2026-03-09 20:10:06,213 - INFO - [TicketHandler] - OLED: Gate opened, , 
2026-03-09 20:10:08,133 - INFO - [TicketHandler] - OLED: 192.168.99.31 | Gate opened |  | 
2026-03-09 20:10:08,135 - ERROR - [TicketHandler] - Error during ticket transaction: name 'sleep' is not defined
Traceback (most recent call last):
  File "/home/pi/parking-system/parking_controller.py", line 380, in _handle_print_ticket
    sleep(1.5)
NameError: name 'sleep' is not defined
2026-03-09 20:10:08,140 - WARNING - [TicketHandler] - Ticket transaction failed. Resetting system.
2026-03-09 20:10:08,419 - INFO - [TicketHandler] - OLED: Transaksi Gagal, , 
2026-03-09 20:10:08,660 - INFO - [ModbusInputThread] - Vehicle detected: SPIN001
2026-03-09 20:10:08,707 - INFO - [ModbusInputThread] - OLED: Vehicle detected, SPIN001, 
2026-03-09 20:10:10,843 - INFO - [TicketHandler] - OLED: 192.168.99.31 | Transaksi Gagal |  | 
2026-03-09 20:10:11,045 - INFO - [ModbusInputThread] - OLED: 192.168.99.31 | Vehicle detected | SPIN001 | 
2026-03-09 20:10:11,387 - INFO - [TicketHandler] - Coil 0 set to OFF
2026-03-09 20:10:11,395 - INFO - [TicketHandler] - System state has been reset. Reason: Transaksi Gagal
2026-03-09 20:11:37,341 - INFO - [MainThread] - Logging configured.
2026-03-09 20:11:37,367 - INFO - [MainThread] - System IP Address: 192.168.99.31
2026-03-09 20:11:37,662 - INFO - [MainThread] - ✅ OLED display initialized successfully
2026-03-09 20:11:39,797 - INFO - [MainThread] - OLED: System booting..., , 
2026-03-09 20:11:39,942 - INFO - [MainThread] - OLED: 192.168.99.31 | System booting... |  | 
2026-03-09 20:11:39,947 - INFO - [MainThread] - Modbus client connected.
2026-03-09 20:11:39,952 - INFO - [MainThread] - OLED: System ready, , 
2026-03-09 20:11:40,001 - INFO - [ModbusInputThread] - Vehicle detected: SPIN001
2026-03-09 20:11:40,003 - INFO - [ModbusInputThread] - OLED: Vehicle detected, SPIN001, 
2026-03-09 20:11:40,204 - INFO - [MainThread] - OLED: 192.168.99.31 | System ready |  | 
2026-03-09 20:11:40,546 - INFO - [ModbusInputThread] - OLED: 192.168.99.31 | Vehicle detected | SPIN001 | 
2026-03-09 20:11:51,554 - INFO - [ModbusInputThread] - Ticket button pressed, starting transaction.
2026-03-09 20:11:51,924 - INFO - [TicketHandler] - Online ticket validation successful.
2026-03-09 20:11:51,926 - INFO - [TicketHandler] - OLED: Validate ticket, , 
2026-03-09 20:11:53,146 - INFO - [TicketHandler] - OLED: 192.168.99.31 | Validate ticket |  | 
2026-03-09 20:11:53,150 - INFO - [TicketHandler] - Transaction data saved for ticket: PRK20260309201151162
2026-03-09 20:11:54,271 - INFO - [TicketHandler] - USB printer enabled
2026-03-09 20:11:54,282 - INFO - [TicketHandler] - Primary printer initialized.
2026-03-09 20:11:55,486 - INFO - [TicketHandler] - Closing Usb connection to printer (1155, 22339)
2026-03-09 20:11:55,743 - INFO - [TicketHandler] - Coil 0 set to ON
2026-03-09 20:11:55,757 - INFO - [TicketHandler] - OLED: Gate opened, , 
2026-03-09 20:11:57,708 - INFO - [TicketHandler] - OLED: 192.168.99.31 | Gate opened |  | 
2026-03-09 20:11:59,392 - INFO - [TicketHandler] - Ticket transaction successful. Awaiting vehicle to leave.
2026-03-09 20:12:06,275 - INFO - [ModbusInputThread] - Vehicle has left the sensor loop.
2026-03-09 20:12:06,508 - INFO - [ModbusInputThread] - OLED: System ready, , 
2026-03-09 20:12:07,936 - INFO - [ModbusInputThread] - OLED: 192.168.99.31 | System ready |  | 
2026-03-09 20:12:08,087 - INFO - [ModbusInputThread] - Coil 0 set to OFF
2026-03-09 20:12:08,097 - INFO - [ModbusInputThread] - System state has been reset. Reason: System ready
2026-03-09 20:12:08,774 - INFO - [ModbusInputThread] - Vehicle detected: SPIN001
2026-03-09 20:12:08,783 - INFO - [ModbusInputThread] - OLED: Vehicle detected, SPIN001, 
2026-03-09 20:12:10,142 - INFO - [ModbusInputThread] - OLED: 192.168.99.31 | Vehicle detected | SPIN001 | 
2026-03-09 20:12:14,367 - INFO - [ModbusInputThread] - Ticket button pressed, starting transaction.
2026-03-09 20:12:14,575 - INFO - [TicketHandler] - Online ticket validation successful.
2026-03-09 20:12:14,577 - INFO - [TicketHandler] - OLED: Validate ticket, , 
2026-03-09 20:12:16,144 - INFO - [TicketHandler] - OLED: 192.168.99.31 | Validate ticket |  | 
2026-03-09 20:12:16,149 - INFO - [TicketHandler] - Transaction data saved for ticket: PRK20260309201214756
2026-03-09 20:12:16,680 - INFO - [TicketHandler] - USB printer enabled
2026-03-09 20:12:16,687 - INFO - [TicketHandler] - Primary printer initialized.
2026-03-09 20:12:17,398 - INFO - [TicketHandler] - Closing Usb connection to printer (1155, 22339)
2026-03-09 20:12:17,577 - INFO - [TicketHandler] - Coil 0 set to ON
2026-03-09 20:12:17,588 - INFO - [TicketHandler] - OLED: Gate opened, , 
2026-03-09 20:12:19,261 - INFO - [TicketHandler] - OLED: 192.168.99.31 | Gate opened |  | 
2026-03-09 20:12:21,004 - INFO - [TicketHandler] - Ticket transaction successful. Awaiting vehicle to leave.
2026-03-09 20:12:42,665 - INFO - [ModbusInputThread] - Vehicle has left the sensor loop.
2026-03-09 20:12:42,893 - INFO - [ModbusInputThread] - OLED: System ready, , 
2026-03-09 20:12:44,387 - INFO - [ModbusInputThread] - OLED: 192.168.99.31 | System ready |  | 
2026-03-09 20:12:44,552 - INFO - [ModbusInputThread] - Coil 0 set to OFF
2026-03-09 20:12:44,559 - INFO - [ModbusInputThread] - System state has been reset. Reason: System ready
2026-03-09 20:12:45,229 - INFO - [ModbusInputThread] - Vehicle detected: SPIN001
2026-03-09 20:12:45,238 - INFO - [ModbusInputThread] - OLED: Vehicle detected, SPIN001, 
2026-03-09 20:12:46,598 - INFO - [ModbusInputThread] - OLED: 192.168.99.31 | Vehicle detected | SPIN001 | 
2026-03-09 20:12:51,355 - INFO - [ModbusInputThread] - Ticket button pressed, starting transaction.
2026-03-09 20:12:51,724 - INFO - [TicketHandler] - Online ticket validation successful.
2026-03-09 20:12:51,730 - INFO - [TicketHandler] - OLED: Validate ticket, , 
2026-03-09 20:12:53,467 - INFO - [TicketHandler] - OLED: 192.168.99.31 | Validate ticket |  | 
2026-03-09 20:12:53,471 - INFO - [TicketHandler] - Transaction data saved for ticket: PRK20260309201251890
2026-03-09 20:12:53,835 - INFO - [TicketHandler] - USB printer enabled
2026-03-09 20:12:53,841 - INFO - [TicketHandler] - Primary printer initialized.
2026-03-09 20:12:54,584 - INFO - [TicketHandler] - Closing Usb connection to printer (1155, 22339)
2026-03-09 20:12:54,753 - INFO - [TicketHandler] - Coil 0 set to ON
2026-03-09 20:12:54,760 - INFO - [TicketHandler] - OLED: Gate opened, , 
2026-03-09 20:12:56,590 - INFO - [TicketHandler] - OLED: 192.168.99.31 | Gate opened |  | 
2026-03-09 20:12:58,356 - INFO - [TicketHandler] - Ticket transaction successful. Awaiting vehicle to leave.
2026-03-09 20:13:03,015 - INFO - [ModbusInputThread] - Vehicle has left the sensor loop.
2026-03-09 20:13:03,030 - INFO - [ModbusInputThread] - OLED: System ready, , 
2026-03-09 20:13:04,622 - INFO - [ModbusInputThread] - OLED: 192.168.99.31 | System ready |  | 
2026-03-09 20:13:04,810 - INFO - [ModbusInputThread] - Coil 0 set to OFF
2026-03-09 20:13:04,820 - INFO - [ModbusInputThread] - System state has been reset. Reason: System ready
2026-03-09 20:19:17,985 - INFO - [MainThread] - Logging configured.
2026-03-09 20:19:18,014 - INFO - [MainThread] - System IP Address: 192.168.99.31
2026-03-09 20:19:18,280 - INFO - [MainThread] - ✅ OLED display initialized successfully
2026-03-09 20:19:20,387 - INFO - [MainThread] - OLED: System booting..., , 
2026-03-09 20:19:20,537 - INFO - [MainThread] - OLED: 192.168.99.31 | System booting... |  | 
2026-03-09 20:19:20,541 - INFO - [MainThread] - Modbus client connected.
2026-03-09 20:19:20,547 - INFO - [MainThread] - OLED: System ready, , 
2026-03-09 20:19:20,691 - INFO - [MainThread] - OLED: 192.168.99.31 | System ready |  | 
2026-03-09 20:25:19,741 - INFO - [ModbusInputThread] - Vehicle detected: SPIN001
2026-03-09 20:25:19,746 - INFO - [ModbusInputThread] - OLED: Vehicle detected, SPIN001, 
2026-03-09 20:25:21,318 - INFO - [ModbusInputThread] - OLED: 192.168.99.31 | Vehicle detected | SPIN001 | 
2026-03-09 20:25:22,752 - INFO - [ModbusInputThread] - Ticket button pressed, starting transaction.
2026-03-09 20:25:23,056 - INFO - [TicketHandler] - Online ticket validation successful.
2026-03-09 20:25:23,061 - INFO - [TicketHandler] - OLED: Validate ticket, , 
2026-03-09 20:25:24,489 - INFO - [TicketHandler] - OLED: 192.168.99.31 | Validate ticket |  | 
2026-03-09 20:25:24,495 - INFO - [TicketHandler] - Transaction data saved for ticket: PRK20260309202522160
2026-03-09 20:25:25,583 - INFO - [TicketHandler] - USB printer enabled
2026-03-09 20:25:25,589 - INFO - [TicketHandler] - Primary printer initialized.
2026-03-09 20:25:26,441 - INFO - [TicketHandler] - Closing Usb connection to printer (1155, 22339)
2026-03-09 20:25:26,613 - INFO - [TicketHandler] - Coil 0 set to ON
2026-03-09 20:25:26,617 - INFO - [TicketHandler] - OLED: Gate opened, , 
2026-03-09 20:25:28,239 - INFO - [TicketHandler] - OLED: 192.168.99.31 | Gate opened |  | 
2026-03-09 20:25:29,911 - INFO - [TicketHandler] - Ticket transaction successful. Awaiting vehicle to leave.
2026-03-09 20:25:35,693 - INFO - [ModbusInputThread] - Vehicle has left the sensor loop.
2026-03-09 20:25:35,737 - INFO - [ModbusInputThread] - OLED: System ready, , 
2026-03-09 20:25:37,199 - INFO - [ModbusInputThread] - OLED: 192.168.99.31 | System ready |  | 
2026-03-09 20:25:37,332 - INFO - [ModbusInputThread] - Coil 0 set to OFF
2026-03-09 20:25:37,341 - INFO - [ModbusInputThread] - System state has been reset. Reason: System ready
2026-03-09 22:10:15,213 - INFO - [ModbusInputThread] - Vehicle detected: SPIN001
2026-03-09 22:10:15,237 - INFO - [ModbusInputThread] - OLED: Vehicle detected, SPIN001, 
2026-03-09 22:10:16,529 - INFO - [ModbusInputThread] - OLED: 192.168.99.31 | Vehicle detected | SPIN001 | 
2026-03-09 22:11:05,035 - INFO - [ModbusInputThread] - Vehicle has left the sensor loop.
2026-03-09 22:11:05,041 - INFO - [ModbusInputThread] - OLED: System ready, , 
2026-03-09 22:11:06,198 - INFO - [ModbusInputThread] - OLED: 192.168.99.31 | System ready |  | 
2026-03-09 22:11:06,339 - INFO - [ModbusInputThread] - Coil 0 set to OFF
2026-03-09 22:11:06,346 - INFO - [ModbusInputThread] - System state has been reset. Reason: System ready
2026-03-09 22:11:44,279 - INFO - [ModbusInputThread] - Vehicle detected: SPIN001
2026-03-09 22:11:44,285 - INFO - [ModbusInputThread] - OLED: Vehicle detected, SPIN001, 
2026-03-09 22:11:45,879 - INFO - [ModbusInputThread] - OLED: 192.168.99.31 | Vehicle detected | SPIN001 | 
2026-03-09 22:11:47,986 - INFO - [ModbusInputThread] - Ticket button pressed, starting transaction.
2026-03-09 22:11:51,268 - ERROR - [TicketHandler] - Error validating ticket: HTTPConnectionPool(host='192.168.99.10', port=80): Max retries exceeded with url: /api/send-data (Caused by NewConnectionError('<urllib3.connection.HTTPConnection object at 0x5f995958>: Failed to establish a new connection: [Errno 113] Tidak ada rute ke host'))
2026-03-09 22:11:51,270 - WARNING - [TicketHandler] - Online validation failed. Switching to offline mode.
2026-03-09 22:11:51,273 - INFO - [TicketHandler] - OLED: Print offline ticket, , 
2026-03-09 22:11:52,732 - INFO - [TicketHandler] - OLED: 192.168.99.31 | Print offline ticket |  | 
2026-03-09 22:11:52,888 - INFO - [TicketHandler] - Transaction data saved for ticket: SPIN001&PRK1773069112
2026-03-09 22:11:53,211 - INFO - [TicketHandler] - USB printer enabled
2026-03-09 22:11:53,212 - INFO - [TicketHandler] - Primary printer initialized.
2026-03-09 22:11:53,810 - WARNING - [ModbusInputThread] - Button pressed, but system is busy or no vehicle detected.
2026-03-09 22:11:54,130 - INFO - [TicketHandler] - Closing Usb connection to printer (1155, 22339)
2026-03-09 22:11:54,258 - INFO - [TicketHandler] - Coil 0 set to ON
2026-03-09 22:11:54,266 - INFO - [TicketHandler] - OLED: Gate opened, , 
2026-03-09 22:11:55,588 - INFO - [TicketHandler] - OLED: 192.168.99.31 | Gate opened |  | 
2026-03-09 22:11:57,155 - INFO - [TicketHandler] - Ticket transaction successful. Awaiting vehicle to leave.
2026-03-09 22:11:57,891 - INFO - [ModbusInputThread] - Vehicle has left the sensor loop.
2026-03-09 22:11:57,929 - INFO - [ModbusInputThread] - OLED: System ready, , 
2026-03-09 22:11:59,310 - INFO - [ModbusInputThread] - OLED: 192.168.99.31 | System ready |  | 
2026-03-09 22:11:59,453 - INFO - [ModbusInputThread] - Coil 0 set to OFF
2026-03-09 22:11:59,457 - INFO - [ModbusInputThread] - System state has been reset. Reason: System ready
2026-03-09 22:12:01,535 - INFO - [ModbusInputThread] - Vehicle detected: SPIN001
2026-03-09 22:12:01,538 - INFO - [ModbusInputThread] - OLED: Vehicle detected, SPIN001, 
2026-03-09 22:12:02,694 - INFO - [ModbusInputThread] - OLED: 192.168.99.31 | Vehicle detected | SPIN001 | 
2026-03-09 22:12:06,295 - INFO - [ModbusInputThread] - Ticket button pressed, starting transaction.
2026-03-09 22:12:07,692 - ERROR - [TicketHandler] - Error validating ticket: HTTPConnectionPool(host='192.168.99.10', port=80): Max retries exceeded with url: /api/send-data (Caused by NewConnectionError('<urllib3.connection.HTTPConnection object at 0x5f9b6280>: Failed to establish a new connection: [Errno 113] Tidak ada rute ke host'))
2026-03-09 22:12:07,693 - WARNING - [TicketHandler] - Online validation failed. Switching to offline mode.
2026-03-09 22:12:07,694 - INFO - [TicketHandler] - OLED: Print offline ticket, , 
2026-03-09 22:12:08,697 - INFO - [TicketHandler] - OLED: 192.168.99.31 | Print offline ticket |  | 
2026-03-09 22:12:08,833 - INFO - [TicketHandler] - Transaction data saved for ticket: SPIN001&PRK1773069128
2026-03-09 22:12:09,176 - INFO - [TicketHandler] - USB printer enabled
2026-03-09 22:12:09,181 - INFO - [TicketHandler] - Primary printer initialized.
2026-03-09 22:12:10,077 - INFO - [TicketHandler] - Closing Usb connection to printer (1155, 22339)
2026-03-09 22:12:10,208 - INFO - [TicketHandler] - Coil 0 set to ON
2026-03-09 22:12:10,213 - INFO - [TicketHandler] - OLED: Gate opened, , 
2026-03-09 22:12:11,505 - INFO - [TicketHandler] - OLED: 192.168.99.31 | Gate opened |  | 
2026-03-09 22:12:13,072 - INFO - [TicketHandler] - Ticket transaction successful. Awaiting vehicle to leave.
2026-03-09 22:12:19,454 - INFO - [ModbusInputThread] - Vehicle has left the sensor loop.
2026-03-09 22:12:19,484 - INFO - [ModbusInputThread] - OLED: System ready, , 
2026-03-09 22:12:20,788 - INFO - [ModbusInputThread] - OLED: 192.168.99.31 | System ready |  | 
2026-03-09 22:12:20,918 - INFO - [ModbusInputThread] - Coil 0 set to OFF
2026-03-09 22:12:20,931 - INFO - [ModbusInputThread] - System state has been reset. Reason: System ready
                                                                                                                                                                                                                                                                                                                                                                                                                                                                                                                                                                                                                                                                                                                                                                                                                                                                                                                                                                                                                                                                                                                                                                                                                                                                                                                                                                            2026-03-09 23:17:52,281 - INFO - [MainThread] - Logging configured.
2026-03-09 23:17:52,309 - INFO - [MainThread] - System IP Address: 169.254.50.192
2026-03-09 23:17:52,863 - INFO - [MainThread] - ✅ OLED display initialized successfully
2026-03-09 23:17:54,664 - INFO - [MainThread] - OLED: System booting..., , 
2026-03-09 23:17:54,823 - INFO - [MainThread] - OLED: 169.254.50.192 | System booting... |  | 
2026-03-09 23:17:54,828 - ERROR - [MainThread] - Connection to (None, 502) failed: [Errno 111] Koneksi ditolak
2026-03-09 23:17:54,830 - ERROR - [MainThread] - Failed to connect to Modbus server at None:502
2026-03-09 23:17:54,831 - INFO - [MainThread] - Modbus connection closed.
2026-03-09 23:17:54,832 - INFO - [MainThread] - Application shut down.
2026-03-09 23:18:10,270 - INFO - [MainThread] - Logging configured.
2026-03-09 23:18:10,289 - INFO - [MainThread] - System IP Address: 169.254.50.192
2026-03-09 23:18:10,596 - INFO - [MainThread] - ✅ OLED display initialized successfully
2026-03-09 23:18:12,607 - INFO - [MainThread] - OLED: System booting..., , 
2026-03-09 23:18:12,742 - INFO - [MainThread] - OLED: 169.254.50.192 | System booting... |  | 
2026-03-09 23:18:12,747 - INFO - [MainThread] - Modbus client connected.
2026-03-09 23:18:12,751 - INFO - [MainThread] - OLED: System ready, , 
2026-03-09 23:18:12,887 - INFO - [MainThread] - OLED: 169.254.50.192 | System ready |  | 
2026-03-09 23:28:16,640 - INFO - [ModbusInputThread] - Vehicle detected: SPIN001
2026-03-09 23:28:16,651 - INFO - [ModbusInputThread] - OLED: Vehicle detected, SPIN001, 
2026-03-09 23:28:17,928 - INFO - [ModbusInputThread] - OLED: 169.254.50.192 | Vehicle detected | SPIN001 | 
2026-03-09 23:28:29,778 - INFO - [ModbusInputThread] - Vehicle has left the sensor loop.
2026-03-09 23:28:29,787 - INFO - [ModbusInputThread] - OLED: System ready, , 
2026-03-09 23:28:31,205 - INFO - [ModbusInputThread] - OLED: 169.254.50.192 | System ready |  | 
2026-03-09 23:28:31,337 - INFO - [ModbusInputThread] - Coil 0 set to OFF
2026-03-09 23:28:31,341 - INFO - [ModbusInputThread] - System state has been reset. Reason: System ready
2026-03-09 23:53:06,495 - INFO - [ModbusInputThread] - Vehicle detected: SPIN001
2026-03-09 23:53:06,500 - INFO - [ModbusInputThread] - OLED: Vehicle detected, SPIN001, 
2026-03-09 23:53:07,904 - INFO - [ModbusInputThread] - OLED: 169.254.50.192 | Vehicle detected | SPIN001 | 
2026-03-09 23:53:15,497 - INFO - [ModbusInputThread] - Vehicle has left the sensor loop.
2026-03-09 23:53:15,506 - INFO - [ModbusInputThread] - OLED: System ready, , 
2026-03-09 23:53:16,910 - INFO - [ModbusInputThread] - OLED: 169.254.50.192 | System ready |  | 
2026-03-09 23:53:17,033 - INFO - [ModbusInputThread] - Coil 0 set to OFF
2026-03-09 23:53:17,044 - INFO - [ModbusInputThread] - System state has been reset. Reason: System ready
2026-03-09 23:17:52,156 - INFO - [MainThread] - Logging configured.
2026-03-09 23:17:52,184 - INFO - [MainThread] - System IP Address: 169.254.50.192
2026-03-09 23:17:52,793 - INFO - [MainThread] - ✅ OLED display initialized successfully
2026-03-09 23:17:54,425 - INFO - [MainThread] - OLED: System booting..., , 
2026-03-09 23:17:54,584 - INFO - [MainThread] - OLED: 169.254.50.192 | System booting... |  | 
2026-03-09 23:17:54,592 - ERROR - [MainThread] - Connection to (None, 502) failed: [Errno 111] Koneksi ditolak
2026-03-09 23:17:54,593 - ERROR - [MainThread] - Failed to connect to Modbus server at None:502
2026-03-09 23:17:54,593 - INFO - [MainThread] - Modbus connection closed.
2026-03-09 23:17:54,594 - INFO - [MainThread] - Application shut down.
2026-03-10 09:34:51,122 - INFO - [MainThread] - Logging configured.
2026-03-10 09:34:51,143 - INFO - [MainThread] - System IP Address: 192.168.99.31
2026-03-10 09:34:51,467 - INFO - [MainThread] - ✅ OLED display initialized successfully
2026-03-10 09:34:53,695 - INFO - [MainThread] - OLED: System booting..., , 
2026-03-10 09:34:53,833 - INFO - [MainThread] - OLED: 192.168.99.31 | System booting... |  | 
2026-03-10 09:34:53,839 - INFO - [MainThread] - Modbus client connected.
2026-03-10 09:34:53,844 - INFO - [MainThread] - OLED: System ready, , 
2026-03-10 09:34:53,984 - INFO - [MainThread] - OLED: 192.168.99.31 | System ready |  | 
2026-03-10 09:47:26,795 - INFO - [ModbusInputThread] - Vehicle detected: SPIN001
2026-03-10 09:47:26,798 - INFO - [ModbusInputThread] - OLED: Vehicle detected, SPIN001, 
2026-03-10 09:47:27,940 - INFO - [ModbusInputThread] - OLED: 192.168.99.31 | Vehicle detected | SPIN001 | 
2026-03-10 09:47:30,715 - INFO - [ModbusInputThread] - Ticket button pressed, starting transaction.
2026-03-10 09:47:31,151 - INFO - [TicketHandler] - Online ticket validation successful.
2026-03-10 09:47:31,155 - INFO - [TicketHandler] - OLED: Validate ticket, , 
2026-03-10 09:47:32,579 - INFO - [TicketHandler] - OLED: 192.168.99.31 | Validate ticket |  | 
2026-03-10 09:47:32,581 - INFO - [TicketHandler] - Transaction data saved for ticket: PRK20260310094730508
2026-03-10 09:47:33,771 - INFO - [TicketHandler] - USB printer enabled
2026-03-10 09:47:33,780 - INFO - [TicketHandler] - Primary printer initialized.
2026-03-10 09:47:35,010 - INFO - [TicketHandler] - Closing Usb connection to printer (1155, 22339)
2026-03-10 09:47:35,349 - INFO - [TicketHandler] - Coil 0 set to ON
2026-03-10 09:47:35,363 - INFO - [TicketHandler] - OLED: Gate opened, , 
2026-03-10 09:47:36,690 - INFO - [TicketHandler] - OLED: 192.168.99.31 | Gate opened |  | 
2026-03-10 09:47:38,475 - INFO - [TicketHandler] - Ticket transaction successful. Awaiting vehicle to leave.
2026-03-10 09:47:40,414 - INFO - [ModbusInputThread] - Vehicle has left the sensor loop.
2026-03-10 09:47:40,441 - INFO - [ModbusInputThread] - OLED: System ready, , 
2026-03-10 09:47:41,828 - INFO - [ModbusInputThread] - OLED: 192.168.99.31 | System ready |  | 
2026-03-10 09:47:41,980 - INFO - [ModbusInputThread] - Coil 0 set to OFF
2026-03-10 09:47:41,981 - INFO - [ModbusInputThread] - System state has been reset. Reason: System ready
2026-03-10 09:47:46,101 - INFO - [ModbusInputThread] - Vehicle detected: SPIN001
2026-03-10 09:47:46,103 - INFO - [ModbusInputThread] - OLED: Vehicle detected, SPIN001, 
2026-03-10 09:47:47,515 - INFO - [ModbusInputThread] - OLED: 192.168.99.31 | Vehicle detected | SPIN001 | 
2026-03-10 09:47:59,266 - INFO - [RFIDThread] - RFID card detected: 1660194053
2026-03-10 09:47:59,679 - INFO - [RFIDThread] - Coil 0 set to ON
2026-03-10 09:47:59,688 - INFO - [RFIDThread] - OLED: Gate opened, , 
2026-03-10 09:48:01,091 - INFO - [RFIDThread] - OLED: 192.168.99.31 | Gate opened |  | 
2026-03-10 09:48:01,093 - INFO - [RFIDThread] - RFID transaction successful. Awaiting vehicle to leave.
2026-03-10 09:48:06,889 - INFO - [ModbusInputThread] - Vehicle has left the sensor loop.
2026-03-10 09:48:06,904 - INFO - [ModbusInputThread] - OLED: System ready, , 
2026-03-10 09:48:08,173 - INFO - [ModbusInputThread] - OLED: 192.168.99.31 | System ready |  | 
2026-03-10 09:48:08,301 - INFO - [ModbusInputThread] - Coil 0 set to OFF
2026-03-10 09:48:08,309 - INFO - [ModbusInputThread] - System state has been reset. Reason: System ready
2026-03-10 09:48:14,527 - INFO - [ModbusInputThread] - Vehicle detected: SPIN001
2026-03-10 09:48:14,534 - INFO - [ModbusInputThread] - OLED: Vehicle detected, SPIN001, 
2026-03-10 09:48:16,090 - INFO - [ModbusInputThread] - OLED: 192.168.99.31 | Vehicle detected | SPIN001 | 
2026-03-10 09:48:17,329 - INFO - [RFIDThread] - OLED: RFID Gagal, , 
2026-03-10 09:48:17,609 - INFO - [ModbusInputThread] - Vehicle detected: SPIN001
2026-03-10 09:48:17,619 - INFO - [ModbusInputThread] - OLED: Vehicle detected, SPIN001, 
2026-03-10 09:48:19,206 - INFO - [RFIDThread] - OLED: 192.168.99.31 | RFID Gagal |  | 
2026-03-10 09:48:19,498 - INFO - [ModbusInputThread] - OLED: 192.168.99.31 | Vehicle detected | SPIN001 | 
2026-03-10 09:48:19,627 - INFO - [RFIDThread] - Coil 0 set to OFF
2026-03-10 09:48:19,631 - INFO - [RFIDThread] - System state has been reset. Reason: RFID Gagal
2026-03-10 09:48:29,161 - INFO - [ModbusInputThread] - Ticket button pressed, starting transaction.
2026-03-10 09:48:29,450 - INFO - [TicketHandler] - Online ticket validation successful.
2026-03-10 09:48:29,453 - INFO - [TicketHandler] - OLED: Validate ticket, , 
2026-03-10 09:48:30,876 - INFO - [TicketHandler] - OLED: 192.168.99.31 | Validate ticket |  | 
2026-03-10 09:48:31,009 - INFO - [TicketHandler] - Transaction data saved for ticket: PRK20260310094829543
2026-03-10 09:48:31,280 - INFO - [TicketHandler] - USB printer enabled
2026-03-10 09:48:31,284 - INFO - [TicketHandler] - Primary printer initialized.
2026-03-10 09:48:31,888 - INFO - [TicketHandler] - Closing Usb connection to printer (1155, 22339)
2026-03-10 09:48:32,158 - INFO - [TicketHandler] - Coil 0 set to ON
2026-03-10 09:48:32,159 - INFO - [TicketHandler] - OLED: Gate opened, , 
2026-03-10 09:48:33,330 - INFO - [TicketHandler] - OLED: 192.168.99.31 | Gate opened |  | 
2026-03-10 09:48:35,103 - INFO - [TicketHandler] - Ticket transaction successful. Awaiting vehicle to leave.
2026-03-10 09:48:57,276 - INFO - [ModbusInputThread] - Vehicle has left the sensor loop.
2026-03-10 09:48:57,291 - INFO - [ModbusInputThread] - OLED: System ready, , 
2026-03-10 09:48:58,844 - INFO - [ModbusInputThread] - OLED: 192.168.99.31 | System ready |  | 
2026-03-10 09:48:58,986 - INFO - [ModbusInputThread] - Coil 0 set to OFF
2026-03-10 09:48:58,990 - INFO - [ModbusInputThread] - System state has been reset. Reason: System ready
2026-03-10 09:49:03,127 - INFO - [ModbusInputThread] - Vehicle detected: SPIN001
2026-03-10 09:49:03,139 - INFO - [ModbusInputThread] - OLED: Vehicle detected, SPIN001, 
2026-03-10 09:49:04,727 - INFO - [ModbusInputThread] - OLED: 192.168.99.31 | Vehicle detected | SPIN001 | 
2026-03-10 09:49:08,619 - INFO - [EMoneyThread] - E-Money card detected: 0145202002307203
2026-03-10 09:49:09,042 - INFO - [EMoneyThread] - Coil 0 set to ON
2026-03-10 09:49:09,055 - INFO - [EMoneyThread] - Transaction data saved for ticket: PRK20260310094908697
2026-03-10 09:49:09,060 - INFO - [EMoneyThread] - OLED: Gate opened, , 
2026-03-10 09:49:10,680 - INFO - [EMoneyThread] - OLED: 192.168.99.31 | Gate opened |  | 
2026-03-10 09:49:12,450 - INFO - [EMoneyThread] - E-Money transaction successful. Awaiting vehicle to leave.
2026-03-10 09:49:20,295 - INFO - [ModbusInputThread] - Vehicle has left the sensor loop.
2026-03-10 09:49:20,326 - INFO - [ModbusInputThread] - OLED: System ready, , 
2026-03-10 09:49:21,737 - INFO - [ModbusInputThread] - OLED: 192.168.99.31 | System ready |  | 
2026-03-10 09:49:21,867 - INFO - [ModbusInputThread] - Coil 0 set to OFF
2026-03-10 09:49:21,870 - INFO - [ModbusInputThread] - System state has been reset. Reason: System ready
2026-03-10 11:12:28,323 - INFO - [ModbusInputThread] - Vehicle detected: SPIN001
2026-03-10 11:12:28,333 - INFO - [ModbusInputThread] - OLED: Vehicle detected, SPIN001, 
2026-03-10 11:12:29,737 - INFO - [ModbusInputThread] - OLED: 192.168.99.31 | Vehicle detected | SPIN001 | 
2026-03-10 11:12:30,846 - INFO - [RFIDThread] - OLED: RFID Gagal, , 
2026-03-10 11:12:31,143 - INFO - [ModbusInputThread] - Vehicle detected: SPIN001
2026-03-10 11:12:31,153 - INFO - [ModbusInputThread] - OLED: Vehicle detected, SPIN001, 
2026-03-10 11:12:32,707 - INFO - [RFIDThread] - OLED: 192.168.99.31 | RFID Gagal |  | 
2026-03-10 11:12:32,866 - INFO - [ModbusInputThread] - OLED: 192.168.99.31 | Vehicle detected | SPIN001 | 
2026-03-10 11:12:33,130 - INFO - [RFIDThread] - Coil 0 set to OFF
2026-03-10 11:12:33,139 - INFO - [RFIDThread] - System state has been reset. Reason: RFID Gagal
2026-03-10 11:12:38,554 - INFO - [ModbusInputThread] - Ticket button pressed, starting transaction.
2026-03-10 11:12:38,842 - INFO - [TicketHandler] - Online ticket validation successful.
2026-03-10 11:12:38,846 - INFO - [TicketHandler] - OLED: Validate ticket, , 
2026-03-10 11:12:40,267 - INFO - [TicketHandler] - OLED: 192.168.99.31 | Validate ticket |  | 
2026-03-10 11:12:40,398 - INFO - [TicketHandler] - Transaction data saved for ticket: PRK20260310111238898
2026-03-10 11:12:40,697 - INFO - [TicketHandler] - USB printer enabled
2026-03-10 11:12:40,706 - INFO - [TicketHandler] - Primary printer initialized.
2026-03-10 11:12:41,619 - INFO - [TicketHandler] - Closing Usb connection to printer (1155, 22339)
2026-03-10 11:12:41,744 - INFO - [TicketHandler] - Coil 0 set to ON
2026-03-10 11:12:41,754 - INFO - [TicketHandler] - OLED: Gate opened, , 
2026-03-10 11:12:43,317 - INFO - [TicketHandler] - OLED: 192.168.99.31 | Gate opened |  | 
2026-03-10 11:12:44,941 - INFO - [TicketHandler] - Ticket transaction successful. Awaiting vehicle to leave.
2026-03-10 11:12:50,010 - INFO - [ModbusInputThread] - Vehicle has left the sensor loop.
2026-03-10 11:12:50,154 - INFO - [ModbusInputThread] - OLED: System ready, , 
2026-03-10 11:12:51,418 - INFO - [ModbusInputThread] - OLED: 192.168.99.31 | System ready |  | 
2026-03-10 11:12:51,549 - INFO - [ModbusInputThread] - Coil 0 set to OFF
2026-03-10 11:12:51,552 - INFO - [ModbusInputThread] - System state has been reset. Reason: System ready
2026-03-10 11:24:43,388 - INFO - [ModbusInputThread] - Vehicle detected: SPIN001
2026-03-10 11:24:43,389 - INFO - [ModbusInputThread] - OLED: Vehicle detected, SPIN001, 
2026-03-10 11:24:44,681 - INFO - [ModbusInputThread] - OLED: 192.168.99.31 | Vehicle detected | SPIN001 | 
2026-03-10 11:24:46,897 - INFO - [ModbusInputThread] - Ticket button pressed, starting transaction.
2026-03-10 11:24:47,188 - INFO - [TicketHandler] - Online ticket validation successful.
2026-03-10 11:24:47,190 - INFO - [TicketHandler] - OLED: Validate ticket, , 
2026-03-10 11:24:48,738 - INFO - [TicketHandler] - OLED: 192.168.99.31 | Validate ticket |  | 
2026-03-10 11:24:48,861 - INFO - [TicketHandler] - Transaction data saved for ticket: PRK20260310112447513
2026-03-10 11:24:49,141 - INFO - [TicketHandler] - USB printer enabled
2026-03-10 11:24:49,149 - INFO - [TicketHandler] - Primary printer initialized.
2026-03-10 11:24:49,753 - INFO - [TicketHandler] - Closing Usb connection to printer (1155, 22339)
2026-03-10 11:24:49,886 - INFO - [TicketHandler] - Coil 0 set to ON
2026-03-10 11:24:49,889 - INFO - [TicketHandler] - OLED: Gate opened, , 
2026-03-10 11:24:51,288 - INFO - [TicketHandler] - OLED: 192.168.99.31 | Gate opened |  | 
2026-03-10 11:24:52,895 - INFO - [TicketHandler] - Ticket transaction successful. Awaiting vehicle to leave.
2026-03-10 11:24:55,983 - INFO - [ModbusInputThread] - Vehicle has left the sensor loop.
2026-03-10 11:24:55,995 - INFO - [ModbusInputThread] - OLED: System ready, , 
2026-03-10 11:24:57,270 - INFO - [ModbusInputThread] - OLED: 192.168.99.31 | System ready |  | 
2026-03-10 11:24:57,398 - INFO - [ModbusInputThread] - Coil 0 set to OFF
2026-03-10 11:24:57,400 - INFO - [ModbusInputThread] - System state has been reset. Reason: System ready
2026-03-10 11:27:20,486 - INFO - [ModbusInputThread] - Vehicle detected: SPIN001
2026-03-10 11:27:20,487 - INFO - [ModbusInputThread] - OLED: Vehicle detected, SPIN001, 
2026-03-10 11:27:22,037 - INFO - [ModbusInputThread] - OLED: 192.168.99.31 | Vehicle detected | SPIN001 | 
2026-03-10 11:27:22,724 - WARNING - [ModbusInputThread] - Button pressed, but system is busy or no vehicle detected.
2026-03-10 11:27:23,147 - INFO - [RFIDThread] - OLED: RFID Gagal, , 
2026-03-10 11:27:23,429 - INFO - [ModbusInputThread] - Vehicle detected: SPIN001
2026-03-10 11:27:23,438 - INFO - [ModbusInputThread] - OLED: Vehicle detected, SPIN001, 
2026-03-10 11:27:25,006 - INFO - [RFIDThread] - OLED: 192.168.99.31 | RFID Gagal |  | 
2026-03-10 11:27:25,291 - INFO - [ModbusInputThread] - OLED: 192.168.99.31 | Vehicle detected | SPIN001 | 
2026-03-10 11:27:25,422 - INFO - [RFIDThread] - Coil 0 set to OFF
2026-03-10 11:27:25,432 - INFO - [RFIDThread] - System state has been reset. Reason: RFID Gagal
2026-03-10 11:27:27,367 - INFO - [ModbusInputThread] - Ticket button pressed, starting transaction.
2026-03-10 11:27:27,656 - INFO - [TicketHandler] - Online ticket validation successful.
2026-03-10 11:27:27,658 - INFO - [TicketHandler] - OLED: Validate ticket, , 
2026-03-10 11:27:28,927 - INFO - [TicketHandler] - OLED: 192.168.99.31 | Validate ticket |  | 
2026-03-10 11:27:28,931 - INFO - [TicketHandler] - Transaction data saved for ticket: PRK20260310112727407
2026-03-10 11:27:29,201 - INFO - [TicketHandler] - USB printer enabled
2026-03-10 11:27:29,203 - INFO - [TicketHandler] - Primary printer initialized.
2026-03-10 11:27:29,972 - INFO - [TicketHandler] - Closing Usb connection to printer (1155, 22339)
2026-03-10 11:27:30,105 - INFO - [TicketHandler] - Coil 0 set to ON
2026-03-10 11:27:30,110 - INFO - [TicketHandler] - OLED: Gate opened, , 
2026-03-10 11:27:31,928 - INFO - [TicketHandler] - OLED: 192.168.99.31 | Gate opened |  | 
2026-03-10 11:27:33,179 - INFO - [ModbusInputThread] - Vehicle has left the sensor loop.
2026-03-10 11:27:33,188 - INFO - [ModbusInputThread] - OLED: System ready, , 
2026-03-10 11:27:33,523 - INFO - [TicketHandler] - Ticket transaction successful. Awaiting vehicle to leave.
2026-03-10 11:27:33,762 - INFO - [ModbusInputThread] - OLED: 192.168.99.31 | System ready |  | 
2026-03-10 11:27:33,799 - INFO - [ModbusInputThread] - Coil 0 set to OFF
2026-03-10 11:27:33,801 - INFO - [ModbusInputThread] - System state has been reset. Reason: System ready
2026-03-10 11:27:37,746 - INFO - [ModbusInputThread] - Vehicle detected: SPIN001
2026-03-10 11:27:37,747 - INFO - [ModbusInputThread] - OLED: Vehicle detected, SPIN001, 
2026-03-10 11:27:38,039 - INFO - [ModbusInputThread] - OLED: 192.168.99.31 | Vehicle detected | SPIN001 | 
2026-03-10 11:27:42,911 - INFO - [EMoneyThread] - E-Money card detected: 0145202002307203
2026-03-10 11:27:43,340 - INFO - [EMoneyThread] - Coil 0 set to ON
2026-03-10 11:27:43,353 - INFO - [EMoneyThread] - Transaction data saved for ticket: PRK20260310112743350
2026-03-10 11:27:43,358 - INFO - [EMoneyThread] - OLED: Gate opened, , 
2026-03-10 11:27:44,644 - INFO - [EMoneyThread] - OLED: 192.168.99.31 | Gate opened |  | 
2026-03-10 11:27:46,238 - INFO - [EMoneyThread] - E-Money transaction successful. Awaiting vehicle to leave.
2026-03-10 11:27:51,415 - INFO - [ModbusInputThread] - Vehicle has left the sensor loop.
2026-03-10 11:27:51,430 - INFO - [ModbusInputThread] - OLED: System ready, , 
2026-03-10 11:27:52,841 - INFO - [ModbusInputThread] - OLED: 192.168.99.31 | System ready |  | 
2026-03-10 11:27:52,977 - INFO - [ModbusInputThread] - Coil 0 set to OFF
2026-03-10 11:27:52,979 - INFO - [ModbusInputThread] - System state has been reset. Reason: System ready
2026-03-10 11:31:57,388 - INFO - [MainThread] - Logging configured.
2026-03-10 11:31:57,420 - INFO - [MainThread] - System IP Address: 192.168.99.31
2026-03-10 11:31:57,948 - INFO - [MainThread] - ✅ OLED display initialized successfully
2026-03-10 11:32:00,442 - INFO - [MainThread] - OLED: System booting..., , 
2026-03-10 11:32:00,582 - INFO - [MainThread] - OLED: 192.168.99.31 | System booting... |  | 
2026-03-10 11:32:00,586 - INFO - [MainThread] - Modbus client connected.
2026-03-10 11:32:00,591 - INFO - [MainThread] - OLED: System ready, , 
2026-03-10 11:32:00,729 - INFO - [MainThread] - OLED: 192.168.99.31 | System ready |  | 
2026-03-10 11:40:56,545 - INFO - [ModbusInputThread] - Vehicle detected: SPIN001
2026-03-10 11:40:56,551 - INFO - [ModbusInputThread] - OLED: Vehicle detected, SPIN001, 
2026-03-10 11:40:58,051 - INFO - [ModbusInputThread] - OLED: 192.168.99.31 | Vehicle detected | SPIN001 | 
2026-03-10 11:41:04,535 - INFO - [ModbusInputThread] - Ticket button pressed, starting transaction.
2026-03-10 11:41:05,091 - INFO - [TicketHandler] - Online ticket validation successful.
2026-03-10 11:41:05,093 - INFO - [TicketHandler] - OLED: Validate ticket, , 
2026-03-10 11:41:06,426 - INFO - [TicketHandler] - OLED: 192.168.99.31 | Validate ticket |  | 
2026-03-10 11:41:06,578 - INFO - [TicketHandler] - Transaction data saved for ticket: PRK20260310114104239
2026-03-10 11:41:07,702 - INFO - [TicketHandler] - USB printer enabled
2026-03-10 11:41:07,710 - INFO - [TicketHandler] - Primary printer initialized.
2026-03-10 11:41:09,168 - INFO - [TicketHandler] - Closing Usb connection to printer (1155, 22339)
2026-03-10 11:41:09,558 - INFO - [TicketHandler] - Coil 0 set to ON
2026-03-10 11:41:09,561 - INFO - [TicketHandler] - OLED: Gate opened, , 
2026-03-10 11:41:11,668 - INFO - [TicketHandler] - OLED: 192.168.99.31 | Gate opened |  | 
2026-03-10 11:41:13,489 - INFO - [TicketHandler] - Ticket transaction successful. Awaiting vehicle to leave.
2026-03-10 11:41:15,178 - INFO - [ModbusInputThread] - Vehicle has left the sensor loop.
2026-03-10 11:41:15,191 - ERROR - [ModbusInputThread] - Unexpected error in input loop: 'NoneType' object has no attribute 'upper'
Traceback (most recent call last):
  File "/home/pi/parking-system/parking_controller.py", line 244, in _process_inputs_loop
    self._reset_system_state()
  File "/home/pi/parking-system/parking_controller.py", line 187, in _reset_system_state
    self.main_widget.set_welcome_text(self.welcome_text.upper())
AttributeError: 'NoneType' object has no attribute 'upper'
2026-03-10 11:46:02,512 - INFO - [MainThread] - Logging configured.
2026-03-10 11:46:02,540 - INFO - [MainThread] - System IP Address: 192.168.99.31
2026-03-10 11:46:02,794 - INFO - [MainThread] - ✅ OLED display initialized successfully
2026-03-10 11:46:04,880 - INFO - [MainThread] - OLED: System booting..., , 
2026-03-10 11:46:05,022 - INFO - [MainThread] - OLED: 192.168.99.31 | System booting... |  | 
2026-03-10 11:46:05,027 - INFO - [MainThread] - Modbus client connected.
2026-03-10 11:46:05,033 - INFO - [MainThread] - OLED: System ready, , 
2026-03-10 11:46:05,185 - INFO - [MainThread] - OLED: 192.168.99.31 | System ready |  | 
2026-03-10 11:48:54,265 - INFO - [MainThread] - Logging configured.
2026-03-10 11:48:54,292 - INFO - [MainThread] - System IP Address: 192.168.99.31
2026-03-10 11:48:54,571 - INFO - [MainThread] - ✅ OLED display initialized successfully
2026-03-10 11:48:56,932 - INFO - [MainThread] - OLED: System booting..., , 
2026-03-10 11:48:57,080 - INFO - [MainThread] - OLED: 192.168.99.31 | System booting... |  | 
2026-03-10 11:48:57,085 - INFO - [MainThread] - Modbus client connected.
2026-03-10 11:48:57,090 - INFO - [MainThread] - OLED: System ready, , 
2026-03-10 11:48:57,247 - INFO - [MainThread] - OLED: 192.168.99.31 | System ready |  | 
2026-03-10 11:50:36,340 - INFO - [MainThread] - Logging configured.
2026-03-10 11:50:36,366 - INFO - [MainThread] - System IP Address: 192.168.99.31
2026-03-10 11:50:36,616 - INFO - [MainThread] - ✅ OLED display initialized successfully
2026-03-10 11:50:38,893 - INFO - [MainThread] - OLED: System booting..., , 
2026-03-10 11:50:39,036 - INFO - [MainThread] - OLED: 192.168.99.31 | System booting... |  | 
2026-03-10 11:50:39,040 - INFO - [MainThread] - Modbus client connected.
2026-03-10 11:50:39,044 - INFO - [MainThread] - OLED: System ready, , 
2026-03-10 11:50:39,184 - INFO - [MainThread] - OLED: 192.168.99.31 | System ready |  | 
2026-03-10 11:59:49,801 - INFO - [ModbusInputThread] - Vehicle detected: SPIN001
2026-03-10 11:59:49,802 - INFO - [ModbusInputThread] - OLED: Vehicle detected, SPIN001, 
2026-03-10 11:59:51,190 - INFO - [ModbusInputThread] - OLED: 192.168.99.31 | Vehicle detected | SPIN001 | 
2026-03-10 11:59:54,551 - INFO - [ModbusInputThread] - Ticket button pressed, starting transaction.
2026-03-10 11:59:54,925 - INFO - [TicketHandler] - Online ticket validation successful.
2026-03-10 11:59:54,927 - INFO - [TicketHandler] - OLED: Validate ticket, , 
2026-03-10 11:59:56,441 - INFO - [TicketHandler] - OLED: 192.168.99.31 | Validate ticket |  | 
2026-03-10 11:59:56,446 - INFO - [TicketHandler] - Transaction data saved for ticket: PRK20260310115954939
2026-03-10 11:59:57,915 - INFO - [TicketHandler] - USB printer enabled
2026-03-10 11:59:57,924 - INFO - [TicketHandler] - Primary printer initialized.
2026-03-10 11:59:58,990 - INFO - [TicketHandler] - Closing Usb connection to printer (1155, 22339)
2026-03-10 11:59:59,206 - INFO - [TicketHandler] - Coil 0 set to ON
2026-03-10 11:59:59,223 - INFO - [TicketHandler] - OLED: Gate opened, , 
2026-03-10 12:00:00,895 - INFO - [TicketHandler] - OLED: 192.168.99.31 | Gate opened |  | 
2026-03-10 12:00:02,553 - INFO - [TicketHandler] - Ticket transaction successful. Awaiting vehicle to leave.
2026-03-10 12:00:03,104 - INFO - [ModbusInputThread] - Vehicle has left the sensor loop.
2026-03-10 12:00:03,119 - ERROR - [ModbusInputThread] - Unexpected error in input loop: 'NoneType' object has no attribute 'upper'
Traceback (most recent call last):
  File "/home/pi/parking-system/parking_controller.py", line 244, in _process_inputs_loop
    self._reset_system_state()
  File "/home/pi/parking-system/parking_controller.py", line 187, in _reset_system_state
    self.main_widget.set_welcome_text(self.welcome_text.upper())
AttributeError: 'NoneType' object has no attribute 'upper'
2026-03-10 13:03:06,667 - INFO - [MainThread] - Logging configured.
2026-03-10 13:03:06,707 - INFO - [MainThread] - System IP Address: 169.254.50.192
2026-03-10 13:03:07,246 - INFO - [MainThread] - ✅ OLED display initialized successfully
2026-03-10 13:03:08,557 - INFO - [MainThread] - OLED: System booting..., , 
2026-03-10 13:03:08,701 - INFO - [MainThread] - OLED: 169.254.50.192 | System booting... |  | 
2026-03-10 13:03:08,705 - ERROR - [MainThread] - Connection to (None, 502) failed: [Errno 111] Koneksi ditolak
2026-03-10 13:03:08,707 - ERROR - [MainThread] - Failed to connect to Modbus server at None:502
2026-03-10 13:03:08,707 - INFO - [MainThread] - Modbus connection closed.
2026-03-10 13:03:08,708 - INFO - [MainThread] - Application shut down.
2026-03-10 13:03:24,277 - INFO - [MainThread] - Logging configured.
2026-03-10 13:03:24,297 - INFO - [MainThread] - System IP Address: 169.254.50.192
2026-03-10 13:03:24,596 - INFO - [MainThread] - ✅ OLED display initialized successfully
2026-03-10 13:03:26,788 - INFO - [MainThread] - OLED: System booting..., , 
2026-03-10 13:03:26,923 - INFO - [MainThread] - OLED: 169.254.50.192 | System booting... |  | 
2026-03-10 13:03:29,935 - ERROR - [MainThread] - Connection to (192.168.99.37, 502) failed: timed out
2026-03-10 13:03:29,936 - ERROR - [MainThread] - Failed to connect to Modbus server at 192.168.99.37:502
2026-03-10 13:03:29,937 - INFO - [MainThread] - Modbus connection closed.
2026-03-10 13:03:29,938 - INFO - [MainThread] - Application shut down.
2026-03-10 13:03:45,123 - INFO - [MainThread] - Logging configured.
2026-03-10 13:03:45,146 - INFO - [MainThread] - System IP Address: 169.254.50.192
2026-03-10 13:03:45,378 - INFO - [MainThread] - ✅ OLED display initialized successfully
2026-03-10 13:03:47,361 - INFO - [MainThread] - OLED: System booting..., , 
2026-03-10 13:03:47,497 - INFO - [MainThread] - OLED: 169.254.50.192 | System booting... |  | 
2026-03-10 13:03:50,503 - ERROR - [MainThread] - Connection to (192.168.99.37, 502) failed: timed out
2026-03-10 13:03:50,504 - ERROR - [MainThread] - Failed to connect to Modbus server at 192.168.99.37:502
2026-03-10 13:03:50,505 - INFO - [MainThread] - Modbus connection closed.
2026-03-10 13:03:50,506 - INFO - [MainThread] - Application shut down.
2026-03-10 13:04:05,502 - INFO - [MainThread] - Logging configured.
2026-03-10 13:04:05,523 - INFO - [MainThread] - System IP Address: 169.254.50.192
2026-03-10 13:04:05,753 - INFO - [MainThread] - ✅ OLED display initialized successfully
2026-03-10 13:04:07,714 - INFO - [MainThread] - OLED: System booting..., , 
2026-03-10 13:04:07,848 - INFO - [MainThread] - OLED: 169.254.50.192 | System booting... |  | 
2026-03-10 13:04:10,854 - ERROR - [MainThread] - Connection to (192.168.99.37, 502) failed: timed out
2026-03-10 13:04:10,856 - ERROR - [MainThread] - Failed to connect to Modbus server at 192.168.99.37:502
2026-03-10 13:04:10,857 - INFO - [MainThread] - Modbus connection closed.
2026-03-10 13:04:10,858 - INFO - [MainThread] - Application shut down.
2026-03-10 13:04:26,026 - INFO - [MainThread] - Logging configured.
2026-03-10 13:04:26,047 - INFO - [MainThread] - System IP Address: 169.254.50.192
2026-03-10 13:04:26,278 - INFO - [MainThread] - ✅ OLED display initialized successfully
2026-03-10 13:04:28,212 - INFO - [MainThread] - OLED: System booting..., , 
2026-03-10 13:04:28,348 - INFO - [MainThread] - OLED: 169.254.50.192 | System booting... |  | 
2026-03-10 13:04:31,352 - ERROR - [MainThread] - Connection to (192.168.99.37, 502) failed: timed out
2026-03-10 13:04:31,355 - ERROR - [MainThread] - Failed to connect to Modbus server at 192.168.99.37:502
2026-03-10 13:04:31,356 - INFO - [MainThread] - Modbus connection closed.
2026-03-10 13:04:31,357 - INFO - [MainThread] - Application shut down.
2026-03-10 13:04:46,507 - INFO - [MainThread] - Logging configured.
2026-03-10 13:04:46,528 - INFO - [MainThread] - System IP Address: 169.254.50.192
2026-03-10 13:04:46,759 - INFO - [MainThread] - ✅ OLED display initialized successfully
2026-03-10 13:04:48,700 - INFO - [MainThread] - OLED: System booting..., , 
2026-03-10 13:04:48,834 - INFO - [MainThread] - OLED: 169.254.50.192 | System booting... |  | 
2026-03-10 13:04:51,840 - ERROR - [MainThread] - Connection to (192.168.99.37, 502) failed: timed out
2026-03-10 13:04:51,842 - ERROR - [MainThread] - Failed to connect to Modbus server at 192.168.99.37:502
2026-03-10 13:04:51,843 - INFO - [MainThread] - Modbus connection closed.
2026-03-10 13:04:51,844 - INFO - [MainThread] - Application shut down.
2026-03-10 13:05:07,029 - INFO - [MainThread] - Logging configured.
2026-03-10 13:05:07,050 - INFO - [MainThread] - System IP Address: 169.254.50.192
2026-03-10 13:05:07,281 - INFO - [MainThread] - ✅ OLED display initialized successfully
2026-03-10 13:05:09,222 - INFO - [MainThread] - OLED: System booting..., , 
2026-03-10 13:05:09,357 - INFO - [MainThread] - OLED: 169.254.50.192 | System booting... |  | 
2026-03-10 13:05:12,363 - ERROR - [MainThread] - Connection to (192.168.99.37, 502) failed: timed out
2026-03-10 13:05:12,365 - ERROR - [MainThread] - Failed to connect to Modbus server at 192.168.99.37:502
2026-03-10 13:05:12,365 - INFO - [MainThread] - Modbus connection closed.
2026-03-10 13:05:12,366 - INFO - [MainThread] - Application shut down.
2026-03-10 13:05:27,476 - INFO - [MainThread] - Logging configured.
2026-03-10 13:05:27,497 - INFO - [MainThread] - System IP Address: 169.254.50.192
2026-03-10 13:05:27,728 - INFO - [MainThread] - ✅ OLED display initialized successfully
2026-03-10 13:05:29,670 - INFO - [MainThread] - OLED: System booting..., , 
2026-03-10 13:05:29,804 - INFO - [MainThread] - OLED: 169.254.50.192 | System booting... |  | 
2026-03-10 13:05:32,811 - ERROR - [MainThread] - Connection to (192.168.99.37, 502) failed: timed out
2026-03-10 13:05:32,812 - ERROR - [MainThread] - Failed to connect to Modbus server at 192.168.99.37:502
2026-03-10 13:05:32,813 - INFO - [MainThread] - Modbus connection closed.
2026-03-10 13:05:32,814 - INFO - [MainThread] - Application shut down.
2026-03-10 13:05:48,011 - INFO - [MainThread] - Logging configured.
2026-03-10 13:05:48,033 - INFO - [MainThread] - System IP Address: 169.254.50.192
2026-03-10 13:05:48,265 - INFO - [MainThread] - ✅ OLED display initialized successfully
2026-03-10 13:05:50,212 - INFO - [MainThread] - OLED: System booting..., , 
2026-03-10 13:05:50,348 - INFO - [MainThread] - OLED: 169.254.50.192 | System booting... |  | 
2026-03-10 13:05:53,354 - ERROR - [MainThread] - Connection to (192.168.99.37, 502) failed: timed out
2026-03-10 13:05:53,357 - ERROR - [MainThread] - Failed to connect to Modbus server at 192.168.99.37:502
2026-03-10 13:05:53,358 - INFO - [MainThread] - Modbus connection closed.
2026-03-10 13:05:53,359 - INFO - [MainThread] - Application shut down.
2026-03-10 13:06:08,516 - INFO - [MainThread] - Logging configured.
2026-03-10 13:06:08,537 - INFO - [MainThread] - System IP Address: 169.254.50.192
2026-03-10 13:06:08,767 - INFO - [MainThread] - ✅ OLED display initialized successfully
2026-03-10 13:06:10,698 - INFO - [MainThread] - OLED: System booting..., , 
2026-03-10 13:06:10,834 - INFO - [MainThread] - OLED: 169.254.50.192 | System booting... |  | 
2026-03-10 13:06:13,840 - ERROR - [MainThread] - Connection to (192.168.99.37, 502) failed: timed out
2026-03-10 13:06:13,842 - ERROR - [MainThread] - Failed to connect to Modbus server at 192.168.99.37:502
2026-03-10 13:06:13,843 - INFO - [MainThread] - Modbus connection closed.
2026-03-10 13:06:13,844 - INFO - [MainThread] - Application shut down.
2026-03-10 13:06:28,960 - INFO - [MainThread] - Logging configured.
2026-03-10 13:06:28,982 - INFO - [MainThread] - System IP Address: 169.254.50.192
2026-03-10 13:06:29,212 - INFO - [MainThread] - ✅ OLED display initialized successfully
2026-03-10 13:06:31,168 - INFO - [MainThread] - OLED: System booting..., , 
2026-03-10 13:06:31,306 - INFO - [MainThread] - OLED: 169.254.50.192 | System booting... |  | 
2026-03-10 13:06:34,312 - ERROR - [MainThread] - Connection to (192.168.99.37, 502) failed: timed out
2026-03-10 13:06:34,313 - ERROR - [MainThread] - Failed to connect to Modbus server at 192.168.99.37:502
2026-03-10 13:06:34,313 - INFO - [MainThread] - Modbus connection closed.
2026-03-10 13:06:34,314 - INFO - [MainThread] - Application shut down.
2026-03-10 13:06:49,493 - INFO - [MainThread] - Logging configured.
2026-03-10 13:06:49,514 - INFO - [MainThread] - System IP Address: 169.254.50.192
2026-03-10 13:06:49,747 - INFO - [MainThread] - ✅ OLED display initialized successfully
2026-03-10 13:06:51,690 - INFO - [MainThread] - OLED: System booting..., , 
2026-03-10 13:06:51,826 - INFO - [MainThread] - OLED: 169.254.50.192 | System booting... |  | 
2026-03-10 13:06:54,832 - ERROR - [MainThread] - Connection to (192.168.99.37, 502) failed: timed out
2026-03-10 13:06:54,833 - ERROR - [MainThread] - Failed to connect to Modbus server at 192.168.99.37:502
2026-03-10 13:06:54,834 - INFO - [MainThread] - Modbus connection closed.
2026-03-10 13:06:54,835 - INFO - [MainThread] - Application shut down.
2026-03-10 13:07:10,013 - INFO - [MainThread] - Logging configured.
2026-03-10 13:07:10,034 - INFO - [MainThread] - System IP Address: 169.254.50.192
2026-03-10 13:07:10,264 - INFO - [MainThread] - ✅ OLED display initialized successfully
2026-03-10 13:07:12,268 - INFO - [MainThread] - OLED: System booting..., , 
2026-03-10 13:07:12,408 - INFO - [MainThread] - OLED: 169.254.50.192 | System booting... |  | 
2026-03-10 13:07:15,415 - ERROR - [MainThread] - Connection to (192.168.99.37, 502) failed: timed out
2026-03-10 13:07:15,417 - ERROR - [MainThread] - Failed to connect to Modbus server at 192.168.99.37:502
2026-03-10 13:07:15,418 - INFO - [MainThread] - Modbus connection closed.
2026-03-10 13:07:15,419 - INFO - [MainThread] - Application shut down.
2026-03-10 13:07:30,619 - INFO - [MainThread] - Logging configured.
2026-03-10 13:07:30,640 - INFO - [MainThread] - System IP Address: 169.254.50.192
2026-03-10 13:07:30,869 - INFO - [MainThread] - ✅ OLED display initialized successfully
2026-03-10 13:07:32,808 - INFO - [MainThread] - OLED: System booting..., , 
2026-03-10 13:07:32,945 - INFO - [MainThread] - OLED: 169.254.50.192 | System booting... |  | 
2026-03-10 13:07:35,949 - ERROR - [MainThread] - Connection to (192.168.99.37, 502) failed: timed out
2026-03-10 13:07:35,950 - ERROR - [MainThread] - Failed to connect to Modbus server at 192.168.99.37:502
2026-03-10 13:07:35,951 - INFO - [MainThread] - Modbus connection closed.
2026-03-10 13:07:35,951 - INFO - [MainThread] - Application shut down.
2026-03-10 13:07:51,074 - INFO - [MainThread] - Logging configured.
2026-03-10 13:07:51,096 - INFO - [MainThread] - System IP Address: 169.254.50.192
2026-05-01 07:03:04,246 - INFO - [MainThread] - ✅ OLED display initialized successfully
2026-05-01 07:03:06,616 - INFO - [MainThread] - OLED: System booting..., , 
2026-05-01 07:03:06,756 - INFO - [MainThread] - OLED: 169.254.50.192 | System booting... |  | 
2026-05-01 07:03:09,763 - ERROR - [MainThread] - Connection to (192.168.99.37, 502) failed: timed out
2026-05-01 07:03:09,764 - ERROR - [MainThread] - Failed to connect to Modbus server at 192.168.99.37:502
2026-05-01 07:03:09,765 - INFO - [MainThread] - Modbus connection closed.
2026-05-01 07:03:09,766 - INFO - [MainThread] - Application shut down.
2026-05-01 07:03:25,026 - INFO - [MainThread] - Logging configured.
2026-05-01 07:03:25,048 - INFO - [MainThread] - System IP Address: 169.254.50.192
2026-05-01 07:03:25,278 - INFO - [MainThread] - ✅ OLED display initialized successfully
2026-05-01 07:03:27,241 - INFO - [MainThread] - OLED: System booting..., , 
2026-05-01 07:03:27,380 - INFO - [MainThread] - OLED: 169.254.50.192 | System booting... |  | 
2026-05-01 07:03:30,387 - ERROR - [MainThread] - Connection to (192.168.99.37, 502) failed: timed out
2026-05-01 07:03:30,388 - ERROR - [MainThread] - Failed to connect to Modbus server at 192.168.99.37:502
2026-05-01 07:03:30,389 - INFO - [MainThread] - Modbus connection closed.
2026-05-01 07:03:30,390 - INFO - [MainThread] - Application shut down.
2026-05-01 07:03:45,653 - INFO - [MainThread] - Logging configured.
2026-05-01 07:03:45,675 - INFO - [MainThread] - System IP Address: 169.254.50.192
2026-05-01 07:03:45,905 - INFO - [MainThread] - ✅ OLED display initialized successfully
2026-05-01 07:03:47,873 - INFO - [MainThread] - OLED: System booting..., , 
2026-05-01 07:03:48,010 - INFO - [MainThread] - OLED: 169.254.50.192 | System booting... |  | 
2026-05-01 07:03:51,016 - ERROR - [MainThread] - Connection to (192.168.99.37, 502) failed: timed out
2026-05-01 07:03:51,018 - ERROR - [MainThread] - Failed to connect to Modbus server at 192.168.99.37:502
2026-05-01 07:03:51,019 - INFO - [MainThread] - Modbus connection closed.
2026-05-01 07:03:51,020 - INFO - [MainThread] - Application shut down.
2026-05-01 07:04:06,119 - INFO - [MainThread] - Logging configured.
2026-05-01 07:04:06,141 - INFO - [MainThread] - System IP Address: 169.254.50.192
2026-05-01 07:04:06,371 - INFO - [MainThread] - ✅ OLED display initialized successfully
2026-05-01 07:04:08,361 - INFO - [MainThread] - OLED: System booting..., , 
2026-05-01 07:04:08,497 - INFO - [MainThread] - OLED: 169.254.50.192 | System booting... |  | 
2026-05-01 07:04:11,504 - ERROR - [MainThread] - Connection to (192.168.99.37, 502) failed: timed out
2026-05-01 07:04:11,506 - ERROR - [MainThread] - Failed to connect to Modbus server at 192.168.99.37:502
2026-05-01 07:04:11,508 - INFO - [MainThread] - Modbus connection closed.
2026-05-01 07:04:11,509 - INFO - [MainThread] - Application shut down.
2026-05-01 07:04:26,604 - INFO - [MainThread] - Logging configured.
2026-05-01 07:04:26,626 - INFO - [MainThread] - System IP Address: 169.254.50.192
2026-05-01 07:04:26,856 - INFO - [MainThread] - ✅ OLED display initialized successfully
2026-05-01 07:04:28,837 - INFO - [MainThread] - OLED: System booting..., , 
2026-05-01 07:04:28,975 - INFO - [MainThread] - OLED: 169.254.50.192 | System booting... |  | 
2026-05-01 07:04:31,979 - ERROR - [MainThread] - Connection to (192.168.99.37, 502) failed: timed out
2026-05-01 07:04:31,982 - ERROR - [MainThread] - Failed to connect to Modbus server at 192.168.99.37:502
2026-05-01 07:04:31,983 - INFO - [MainThread] - Modbus connection closed.
2026-05-01 07:04:31,984 - INFO - [MainThread] - Application shut down.
2026-05-01 07:04:47,089 - INFO - [MainThread] - Logging configured.
2026-05-01 07:04:47,111 - INFO - [MainThread] - System IP Address: 169.254.50.192
2026-05-01 07:04:47,340 - INFO - [MainThread] - ✅ OLED display initialized successfully
2026-05-01 07:04:49,305 - INFO - [MainThread] - OLED: System booting..., , 
2026-05-01 07:04:49,442 - INFO - [MainThread] - OLED: 169.254.50.192 | System booting... |  | 
2026-05-01 07:04:52,449 - ERROR - [MainThread] - Connection to (192.168.99.37, 502) failed: timed out
2026-05-01 07:04:52,450 - ERROR - [MainThread] - Failed to connect to Modbus server at 192.168.99.37:502
2026-05-01 07:04:52,451 - INFO - [MainThread] - Modbus connection closed.
2026-05-01 07:04:52,453 - INFO - [MainThread] - Application shut down.
2026-05-01 07:05:07,611 - INFO - [MainThread] - Logging configured.
2026-05-01 07:05:07,633 - INFO - [MainThread] - System IP Address: 169.254.50.192
2026-05-01 07:05:07,863 - INFO - [MainThread] - ✅ OLED display initialized successfully
2026-05-01 07:05:09,826 - INFO - [MainThread] - OLED: System booting..., , 
2026-05-01 07:05:09,967 - INFO - [MainThread] - OLED: 169.254.50.192 | System booting... |  | 
2026-05-01 07:05:12,973 - ERROR - [MainThread] - Connection to (192.168.99.37, 502) failed: timed out
2026-05-01 07:05:12,974 - ERROR - [MainThread] - Failed to connect to Modbus server at 192.168.99.37:502
2026-05-01 07:05:12,975 - INFO - [MainThread] - Modbus connection closed.
2026-05-01 07:05:12,976 - INFO - [MainThread] - Application shut down.
2026-05-01 07:05:28,139 - INFO - [MainThread] - Logging configured.
2026-05-01 07:05:28,161 - INFO - [MainThread] - System IP Address: 169.254.50.192
2026-05-01 07:05:28,391 - INFO - [MainThread] - ✅ OLED display initialized successfully
2026-05-01 07:05:30,364 - INFO - [MainThread] - OLED: System booting..., , 
2026-05-01 07:05:30,501 - INFO - [MainThread] - OLED: 169.254.50.192 | System booting... |  | 
2026-05-01 07:05:33,508 - ERROR - [MainThread] - Connection to (192.168.99.37, 502) failed: timed out
2026-05-01 07:05:33,510 - ERROR - [MainThread] - Failed to connect to Modbus server at 192.168.99.37:502
2026-05-01 07:05:33,511 - INFO - [MainThread] - Modbus connection closed.
2026-05-01 07:05:33,512 - INFO - [MainThread] - Application shut down.
2026-05-01 07:05:48,600 - INFO - [MainThread] - Logging configured.
2026-05-01 07:05:48,622 - INFO - [MainThread] - System IP Address: 169.254.50.192
2026-05-01 07:05:48,851 - INFO - [MainThread] - ✅ OLED display initialized successfully
2026-05-01 07:05:50,820 - INFO - [MainThread] - OLED: System booting..., , 
2026-05-01 07:05:50,960 - INFO - [MainThread] - OLED: 169.254.50.192 | System booting... |  | 
2026-05-01 07:05:53,964 - ERROR - [MainThread] - Connection to (192.168.99.37, 502) failed: timed out
2026-05-01 07:05:53,969 - ERROR - [MainThread] - Failed to connect to Modbus server at 192.168.99.37:502
2026-05-01 07:05:53,971 - INFO - [MainThread] - Modbus connection closed.
2026-05-01 07:05:53,972 - INFO - [MainThread] - Application shut down.
2026-05-01 07:06:09,174 - INFO - [MainThread] - Logging configured.
2026-05-01 07:06:09,196 - INFO - [MainThread] - System IP Address: 169.254.50.192
2026-05-01 07:06:09,427 - INFO - [MainThread] - ✅ OLED display initialized successfully
2026-05-01 07:06:11,415 - INFO - [MainThread] - OLED: System booting..., , 
2026-05-01 07:06:11,552 - INFO - [MainThread] - OLED: 169.254.50.192 | System booting... |  | 
2026-05-01 07:06:14,557 - ERROR - [MainThread] - Connection to (192.168.99.37, 502) failed: timed out
2026-05-01 07:06:14,558 - ERROR - [MainThread] - Failed to connect to Modbus server at 192.168.99.37:502
2026-05-01 07:06:14,559 - INFO - [MainThread] - Modbus connection closed.
2026-05-01 07:06:14,560 - INFO - [MainThread] - Application shut down.
2026-05-01 07:06:29,642 - INFO - [MainThread] - Logging configured.
2026-05-01 07:06:29,664 - INFO - [MainThread] - System IP Address: 169.254.50.192
2026-05-01 07:06:29,894 - INFO - [MainThread] - ✅ OLED display initialized successfully
2026-05-01 07:06:31,854 - INFO - [MainThread] - OLED: System booting..., , 
2026-05-01 07:06:31,998 - INFO - [MainThread] - OLED: 169.254.50.192 | System booting... |  | 
2026-05-01 07:06:35,005 - ERROR - [MainThread] - Connection to (192.168.99.37, 502) failed: timed out
2026-05-01 07:06:35,008 - ERROR - [MainThread] - Failed to connect to Modbus server at 192.168.99.37:502
2026-05-01 07:06:35,010 - INFO - [MainThread] - Modbus connection closed.
2026-05-01 07:06:35,011 - INFO - [MainThread] - Application shut down.
2026-05-01 07:06:50,086 - INFO - [MainThread] - Logging configured.
2026-05-01 07:06:50,107 - INFO - [MainThread] - System IP Address: 169.254.50.192
2026-05-01 07:06:50,337 - INFO - [MainThread] - ✅ OLED display initialized successfully
2026-05-01 07:06:52,303 - INFO - [MainThread] - OLED: System booting..., , 
2026-05-01 07:06:52,441 - INFO - [MainThread] - OLED: 169.254.50.192 | System booting... |  | 
2026-05-01 07:06:55,448 - ERROR - [MainThread] - Connection to (192.168.99.37, 502) failed: timed out
2026-05-01 07:06:55,449 - ERROR - [MainThread] - Failed to connect to Modbus server at 192.168.99.37:502
2026-05-01 07:06:55,450 - INFO - [MainThread] - Modbus connection closed.
2026-05-01 07:06:55,451 - INFO - [MainThread] - Application shut down.
2026-05-01 07:07:10,785 - INFO - [MainThread] - Logging configured.
2026-05-01 07:07:10,808 - INFO - [MainThread] - System IP Address: 169.254.50.192
2026-05-01 07:07:11,054 - INFO - [MainThread] - ✅ OLED display initialized successfully
